chain,draw,accept_prob
0,0,0.9346030207999322
0,1,0.9820180203954132
0,2,0.9930121983644237
0,3,0.9972860021389389
0,4,0.9929033362615204
0,5,0.986422527248445
0,6,0.9682804423705828
0,7,0.9218434051657087
0,8,0.906133583195386
0,9,0.9815968621074366
0,10,0.9686355955020285
0,11,0.9377351626008649
0,12,0.9803270653038634
0,13,0.9953742889680167
0,14,0.8945526286145021
0,15,0.9707856113035989
0,16,0.9925920936481754
0,17,0.8959928352892924
0,18,0.8969291422403106
0,19,0.9953968706671796
0,20,0.8751354240674571
0,21,0.9338040209561352
0,22,0.6879634434630827
0,23,0.9979437762231236
0,24,0.9881630532785546
0,25,0.9970817267157052
0,26,0.9697988657393244
0,27,0.9990168082091757
0,28,0.9029346999353344
0,29,0.9537941980483603
0,30,0.9945710176085412
0,31,0.9762886414540769
0,32,0.9175741631155676
0,33,0.9525640854837728
0,34,0.9659360877818505
0,35,0.9959696206200114
0,36,0.995907052135641
0,37,0.9985950486060202
0,38,0.9898285540033535
0,39,0.7858779132178095
0,40,0.9994308514142441
0,41,0.9797478751757662
0,42,0.9021422740212898
0,43,0.9947176335053449
0,44,0.9431290637519985
0,45,0.9718557656932507
0,46,0.995556465602845
0,47,0.9471968564040938
0,48,0.9336603843208047
0,49,0.9892940284750829
0,50,0.9906149476793709
0,51,0.6264091119527389
0,52,0.9678801884914996
0,53,0.9957465345349744
0,54,0.9734636865021151
0,55,0.9819242254271121
0,56,0.8675958929102303
0,57,0.9331712808368406
0,58,0.9960535727212505
0,59,0.9809324990640735
0,60,0.9773946130651359
0,61,0.9792541237268668
0,62,0.9628509582944171
0,63,0.8576908230087688
0,64,0.9999374555291594
0,65,0.9999665354465542
0,66,0.9876402305342515
0,67,0.9486453652057792
0,68,0.9739410364726672
0,69,0.9992621068121408
0,70,0.9979955828813566
0,71,0.9151136860779395
0,72,0.9443113174971767
0,73,0.9417427861273209
0,74,0.980000064411572
0,75,0.927875607191103
0,76,0.8495829848971267
0,77,0.9916881636835829
0,78,0.8678801054893265
0,79,0.989146992052064
0,80,0.9342434757614066
0,81,0.9088701357634592
0,82,0.9915258677930561
0,83,0.9039375915631412
0,84,0.9957730521191964
0,85,0.9474581657880764
0,86,0.9585177065112521
0,87,0.988571937988015
0,88,0.9279272154376701
0,89,0.9929237126429766
0,90,0.9901546639009465
0,91,0.9602542262496583
0,92,0.9566130328456515
0,93,0.9332960164663644
0,94,0.9028124088870084
0,95,0.9290242986875438
0,96,0.9510795507223488
0,97,0.9967340507305866
0,98,0.8137732328563337
0,99,0.7909490101975429
0,100,0.9911437776377501
0,101,0.9993359506050415
0,102,0.9811584802057415
0,103,0.9703925915902479
0,104,0.8855493310764698
0,105,0.9215707388206331
0,106,0.9816036742626275
0,107,0.991302080428046
0,108,0.999592805153122
0,109,0.9165008670041584
0,110,0.8139336276325823
0,111,0.9623043385138942
0,112,0.9624161607006959
0,113,0.7599053809031613
0,114,0.9809529241482406
0,115,0.9577750856377681
0,116,0.8625913445441972
0,117,0.9993601852094134
0,118,0.9746550956949676
0,119,0.9782883788745279
0,120,0.9026263303910372
0,121,0.9800313314362701
0,122,0.9938036758785539
0,123,0.9589152817602334
0,124,0.9446409470904757
0,125,0.9476082849547393
0,126,0.9798497672138736
0,127,0.9438868907349431
0,128,0.9758936117297032
0,129,0.9859869254558715
0,130,0.9667306249499057
0,131,0.9145255166012511
0,132,0.9094425539974362
0,133,0.9676694486911782
0,134,0.9615260766521283
0,135,0.7772104955627045
0,136,0.9963870593091363
0,137,0.9706283626907627
0,138,0.9682705342601969
0,139,0.9547139145294886
0,140,0.9592957513507185
0,141,0.9806787691502719
0,142,0.8057556308137803
0,143,0.8287931138299403
0,144,0.8358029770032502
0,145,0.9948078746274686
0,146,0.9926914770604967
0,147,0.7377946185055736
0,148,0.9924221368501243
0,149,0.9279775377642767
0,150,0.979967816814585
0,151,0.9872615932564152
0,152,0.9895458772048634
0,153,0.8069491039289959
0,154,0.8262673309536008
0,155,0.9728281496642859
0,156,0.8975010183297243
0,157,0.9999999999999987
0,158,0.9992454186225126
0,159,0.9988632633915967
0,160,0.9235715961116089
0,161,0.9583867684037736
0,162,0.9978342206372346
0,163,0.9912650769582884
0,164,0.9868509973368143
0,165,0.9196880998103033
0,166,0.9332715346499088
0,167,0.875003105118661
0,168,0.9833703602700701
0,169,0.9415621327607764
0,170,0.9996633193673379
0,171,0.9832907024343408
0,172,0.9999943822935344
0,173,0.9864879015581592
0,174,0.9352597808980716
0,175,0.9252541454490286
0,176,0.9888396007934063
0,177,0.9418203709441773
0,178,0.8943464705936166
0,179,0.8626781993227581
0,180,0.9768038604093148
0,181,0.9171775963976836
0,182,0.9973312902832849
0,183,0.9933189992737567
0,184,0.9686471450401486
0,185,0.9950382281750217
0,186,0.943106301519173
0,187,0.9790696478304101
0,188,0.9878015714253965
0,189,0.991348849396818
0,190,0.8355801023243237
0,191,0.9987186899245408
0,192,0.8427919146558589
0,193,0.9802610290263587
0,194,0.9042451089889385
0,195,0.9531761390832773
0,196,0.7718657581176546
0,197,0.728672978716852
0,198,0.9245302129286602
0,199,0.905949596222759
0,200,0.9248106737630907
0,201,0.7436464816733984
0,202,0.995294167639228
0,203,0.9696648383873995
0,204,0.989880830175933
0,205,0.9795970014647918
0,206,0.9775391850042394
0,207,0.9006763452636202
0,208,0.790483277605189
0,209,0.9903580767098062
0,210,0.9816882283052193
0,211,0.9901157695320869
0,212,0.8133936834627652
0,213,0.9999990178868623
0,214,0.9995463584751089
0,215,0.9211176506283012
0,216,0.9983358111520335
0,217,0.9529704478391563
0,218,0.9661355920880834
0,219,0.9906276065446553
0,220,0.7998662833918653
0,221,0.9980181155411616
0,222,0.7953597360215918
0,223,0.9999619779932903
0,224,0.9948387036296538
0,225,0.9560149208767259
0,226,0.9396814180190364
0,227,0.9146157576475332
0,228,0.9922340623754855
0,229,0.9837308520390098
0,230,0.9980708426785772
0,231,0.9919369771520125
0,232,0.9449277695670013
0,233,0.9956604928221641
0,234,0.7160668363068582
0,235,0.9739053849179107
0,236,0.9898126732763676
0,237,0.9609502969207687
0,238,0.9850244451306214
0,239,0.9898861272555962
0,240,0.8214613282615073
0,241,0.9895357428029672
0,242,0.9668373148655538
0,243,0.9973554898635701
0,244,0.8224859981406873
0,245,0.9822142255775671
0,246,0.9353672694634041
0,247,0.992570340828069
0,248,0.9444433489046905
0,249,0.8895312239911994
0,250,0.9608658765534298
0,251,0.9602123047121972
0,252,0.8248052645111731
0,253,0.9655213394482947
0,254,0.9802301593377678
0,255,0.9019441202655205
0,256,0.9956300902867781
0,257,0.9932593459219627
0,258,0.8583244348797884
0,259,0.9501550416547647
0,260,0.837405986155596
0,261,0.9972433499752665
0,262,0.8910655105213874
0,263,0.8994052184711416
0,264,0.9771559405217816
0,265,0.8083982550457202
0,266,0.9791740809313391
0,267,0.9984293204015083
0,268,0.9761618518926881
0,269,0.964005394162178
0,270,0.9176444990220937
0,271,0.9319136238110228
0,272,0.8688589104680154
0,273,0.9977658160324432
0,274,0.989954733703673
0,275,0.8686736053356856
0,276,0.8589226147565481
0,277,0.9311357999501291
0,278,0.9477893769020356
0,279,0.9654792135954576
0,280,0.9767426982666946
0,281,0.8434236810493474
0,282,0.9886624132714128
0,283,0.9719006966762991
0,284,0.970260734920982
0,285,0.9015116718459654
0,286,0.8846330979083277
0,287,0.945520412659783
0,288,0.8255515453955525
0,289,0.7813018433282137
0,290,0.990487268829735
0,291,0.8183264364187997
0,292,0.953369122039209
0,293,0.9536710930275608
0,294,0.9755818569763832
0,295,0.9223461326777226
0,296,0.9692389219364773
0,297,0.9909135500227285
0,298,0.9990941998922764
0,299,0.9943708032508681
0,300,0.9418748952282333
0,301,0.997898387082016
0,302,0.9947159703801517
0,303,0.8887192756925031
0,304,0.9647028684185404
0,305,0.9406698249411778
0,306,0.998529355993194
0,307,0.9742155819308236
0,308,0.8603649700343986
0,309,0.8120689684999421
0,310,0.9938887703012443
0,311,0.9166581523787097
0,312,0.9771075310741381
0,313,0.9942120731222132
0,314,0.9930180879701608
0,315,0.9961944656797509
0,316,0.9336060302062437
0,317,0.9903524858870241
0,318,0.9807299962652216
0,319,0.9462443692252698
0,320,0.9803634739587453
0,321,0.9818846273957904
0,322,0.9818993097504072
0,323,0.9871344627484857
0,324,0.9445206290832678
0,325,0.999899888722403
0,326,0.9630158342350662
0,327,0.9970543028883143
0,328,0.9135372371620162
0,329,0.9766596422887743
0,330,0.9964036289628613
0,331,0.9727340281211402
0,332,0.99748453055091
0,333,0.956972862407672
0,334,0.9392820245421567
0,335,0.9094770231705864
0,336,0.9940739932633635
0,337,0.8521263158171896
0,338,0.9635825300616249
0,339,0.9624413841339127
0,340,0.981870932988207
0,341,0.9538995644916679
0,342,0.8824092851081177
0,343,0.835740709573506
0,344,0.8666348377825972
0,345,0.8551276872412911
0,346,0.9594048969771405
0,347,0.8673218411995152
0,348,0.9958641957516204
0,349,0.9898107507796248
0,350,0.8278525023644441
0,351,0.9218411391132063
0,352,0.9520833841967791
0,353,0.8476201096199527
0,354,0.9678840031852206
0,355,0.9618082453209857
0,356,0.9977324174055316
0,357,0.9835207405612597
0,358,0.9804222696752781
0,359,0.9877839847763293
0,360,0.9606163770675691
0,361,0.9745373832836205
0,362,0.998430108585569
0,363,0.9996221492778368
0,364,0.8253472216592924
0,365,0.9998459443995958
0,366,0.9176383027572753
0,367,0.9833655424794504
0,368,0.8264314870060085
0,369,0.9897779193920112
0,370,0.9437312558033741
0,371,0.996451978003541
0,372,0.9976916260627069
0,373,0.9165083654125464
0,374,0.9041056113583771
0,375,0.976098617852982
0,376,0.9619019923246889
0,377,0.932141061548573
0,378,0.9674820226816075
0,379,0.9261511672397422
0,380,0.9654245059358572
0,381,0.9257046211920626
0,382,0.9945086805237815
0,383,0.9606590601508027
0,384,0.9873074819154426
0,385,0.9383763129019438
0,386,0.9836964614994208
0,387,0.9840824637623511
0,388,0.9774246686416674
0,389,0.9553320744368826
0,390,0.9955752602574586
0,391,0.7684519133250464
0,392,0.7761694477056261
0,393,0.7660388091578693
0,394,0.9952074338681324
0,395,0.9250861458897399
0,396,0.9580537956175456
0,397,0.9699088369651694
0,398,0.9785537995630875
0,399,0.9999999997792111
0,400,0.9108287507564613
0,401,0.9577471130174883
0,402,0.950591599970478
0,403,0.9883662365444161
0,404,0.9976690195719321
0,405,0.9976964775666537
0,406,0.9961416694316956
0,407,0.9342407170809538
0,408,0.9995868514297818
0,409,0.9262594923970392
0,410,0.9913475733221778
0,411,0.8546173898643794
0,412,0.9227841249613431
0,413,0.9059139996537483
0,414,0.9863050148266294
0,415,0.9974090554443082
0,416,0.8476230456886195
0,417,0.8505148788660043
0,418,0.7699160143219039
0,419,0.8812358993553346
0,420,0.8285202772915831
0,421,0.9995013248173816
0,422,0.9820755704307391
0,423,0.7896179974245141
0,424,0.9966117523606667
0,425,0.9985775742923086
0,426,0.9995830157234638
0,427,0.9840511252053818
0,428,0.9491824362635067
0,429,0.8732218822381796
0,430,0.9155680122587336
0,431,0.8045975131160488
0,432,0.9553688449899556
0,433,0.9982166251614674
0,434,0.9503740296630842
0,435,0.9941767209461931
0,436,0.9873635010204798
0,437,0.9107716106855892
0,438,0.8806104059418196
0,439,0.9651382545724096
0,440,0.9930509526385753
0,441,0.9943380212976484
0,442,0.9833582452247719
0,443,0.9950333243305823
0,444,0.9971633414018606
0,445,0.9916700711857828
0,446,0.9955028643740201
0,447,0.9969170031708653
0,448,0.9841014205381291
0,449,0.9930205505906816
0,450,0.961682068455835
0,451,0.902416146638867
0,452,0.9803586009147779
0,453,0.9941482884567172
0,454,0.886665684939586
0,455,0.8146257298380966
0,456,0.8659376890316405
0,457,0.975373551974335
0,458,0.7800081304870983
0,459,0.9800160025041775
0,460,0.9820039721817531
0,461,0.8265533795965714
0,462,0.9899543884970986
0,463,0.9257407611909741
0,464,0.8728056671479476
0,465,0.8712826541948503
0,466,0.9779304410408199
0,467,0.8653400811290438
0,468,0.9568658757310696
0,469,0.9952626154164143
0,470,0.9653280317306846
0,471,0.9909200053655799
0,472,0.9782212074777328
0,473,0.9868599565845306
0,474,0.8899018178643109
0,475,0.9579334381216453
0,476,0.8384999174440088
0,477,0.99746303906382
0,478,0.9620579039178019
0,479,0.9846319161528526
0,480,0.7601497747224666
0,481,0.9593476206881772
0,482,0.767204267314908
0,483,0.989972851808768
0,484,0.9924854111586288
0,485,0.9657599973640842
0,486,0.9530282879949681
0,487,0.8693565739644414
0,488,0.9879973413404287
0,489,0.9981604862146743
0,490,0.9991910083029163
0,491,0.894414524668338
0,492,0.992975999623685
0,493,0.9992257801423868
0,494,0.8527737555309377
0,495,0.9951965787931062
0,496,0.9825941733946656
0,497,0.8868548278431394
0,498,0.8634239027841818
0,499,0.9899483809927822
0,500,0.9643007696612214
0,501,0.9420009207333413
0,502,0.9975371544252769
0,503,0.969467554417251
0,504,0.9279126424913651
0,505,0.977304048864189
0,506,0.9997957938229108
0,507,0.900162751970492
0,508,0.9603425790586789
0,509,0.9999704361595757
0,510,0.937559165580215
0,511,0.9691560152851475
0,512,0.981681526861009
0,513,0.9960719818311292
0,514,0.9713942916248356
0,515,0.9655909472286945
0,516,0.8650825052982504
0,517,0.9934993545413346
0,518,0.9839759974711086
0,519,0.9996199068326955
0,520,0.9398947072069215
0,521,0.9646122510984667
0,522,0.9744863653386678
0,523,0.7588243065895511
0,524,0.9799048683724956
0,525,0.9080728105805389
0,526,0.9838212644975738
0,527,0.9877191590809563
0,528,0.9685710704312075
0,529,0.9968768853793135
0,530,0.988848160640878
0,531,0.9999966845479101
0,532,0.9838234782009969
0,533,0.9998153344879247
0,534,0.999826472210379
0,535,0.9574048843976818
0,536,0.9321610229666624
0,537,0.8730048128957036
0,538,0.9919545289249859
0,539,0.9487457093065124
0,540,0.9071676172871229
0,541,0.9991072298991351
0,542,0.9504534955625991
0,543,0.9462457507702169
0,544,0.8524595122699267
0,545,0.9577865086757018
0,546,0.9821058004000858
0,547,0.9986042854795515
0,548,0.9783283996387594
0,549,0.8639886862335105
0,550,0.9129045273968321
0,551,0.8564132962022601
0,552,0.9291924978330954
0,553,0.9737843542500473
0,554,0.9477807150914428
0,555,0.8820068786242785
0,556,0.9915409877860719
0,557,0.9607038564402863
0,558,0.9449536417277297
0,559,0.955045496963801
0,560,0.9656276655696464
0,561,0.7312686450761464
0,562,0.9857060163039068
0,563,0.9376737600251552
0,564,0.8166845171805451
0,565,0.8271631437761612
0,566,0.9986628702268963
0,567,0.9743221919090777
0,568,0.9780077933865751
0,569,0.9936833394400284
0,570,0.9643732362969988
0,571,0.8140442203701287
0,572,0.9980533650877044
0,573,0.9775250183548864
0,574,0.8922944460845794
0,575,0.9391770883167667
0,576,0.6423550555055166
0,577,0.8807968110101729
0,578,0.9848595234446224
0,579,0.8184835008909062
0,580,0.9674295598706347
0,581,0.9758124055722325
0,582,0.9856108362088728
0,583,0.9607245716247967
0,584,0.9720298001737538
0,585,0.9987627709444166
0,586,0.939560266850085
0,587,0.9592936754842808
0,588,0.9891689838153602
0,589,0.9979135259352724
0,590,0.9995413309350876
0,591,0.8680360271090591
0,592,0.9581158775248217
0,593,0.9863150324749987
0,594,0.9846606800373635
0,595,0.7841428098584309
0,596,0.9740723792874736
0,597,0.9827481620301176
0,598,0.9928183465295898
0,599,0.9527826816370999
0,600,0.9996407526220616
0,601,0.9933669921186826
0,602,0.9875229163108078
0,603,0.9134970923620458
0,604,0.9861623287580575
0,605,0.953747102547928
0,606,0.9268061187389768
0,607,0.9050969400372892
0,608,0.7621436929083848
0,609,0.9559209224310178
0,610,0.9468206295781944
0,611,0.968711761660281
0,612,0.973519648741392
0,613,0.9975745326705864
0,614,0.9121328566950528
0,615,0.9531955279355095
0,616,0.8808981302088924
0,617,0.9756414970647227
0,618,0.9314849495742589
0,619,0.9699548380888078
0,620,0.9937067890759744
0,621,0.9972509081269076
0,622,0.9922018688893759
0,623,0.9498599121055511
0,624,0.990019526606414
0,625,0.998941289515673
0,626,0.999012582812204
0,627,0.9971890241359438
0,628,0.9991099093592531
0,629,0.935696444011765
0,630,0.9802251920344576
0,631,0.9306348500193011
0,632,0.8999177636487418
0,633,0.8602169019685622
0,634,0.9418478376910406
0,635,0.9336963732582901
0,636,0.9321838410974668
0,637,0.6853825270222194
0,638,0.9930108747465539
0,639,0.9626462355026024
0,640,0.9974110960614965
0,641,0.9994110010083036
0,642,0.9731127294915483
0,643,0.9984353694539977
0,644,0.9154181105835503
0,645,0.8981485736763755
0,646,0.9554458712907321
0,647,0.949352042892352
0,648,0.8802425647257927
0,649,0.9577306167948756
0,650,0.9940660917885888
0,651,0.8961017909712969
0,652,0.9755884806061793
0,653,0.9251623489876214
0,654,0.9987986472202953
0,655,0.9865796182687164
0,656,0.8470653311097173
0,657,0.9892980606925175
0,658,0.868794026843893
0,659,0.9608699314757468
0,660,0.9992677960817488
0,661,0.9777321170300605
0,662,0.9729002722613195
0,663,0.940924749518714
0,664,0.678166873996404
0,665,0.856487108041716
0,666,0.8427553896041726
0,667,0.9904139377693897
0,668,0.9985021370580951
0,669,0.7960181823034637
0,670,0.9972401532055226
0,671,0.9090295486013065
0,672,0.9491905092563243
0,673,0.9992662749795032
0,674,0.8415260787378704
0,675,0.8792663039533741
0,676,0.9878427810964316
0,677,0.9023360505990501
0,678,0.9479750584483169
0,679,0.9917693176202174
0,680,0.950932608439787
0,681,0.9459610784379693
0,682,0.9541638000798021
0,683,0.9689517403058262
0,684,0.9674033938972547
0,685,0.9925458496060604
0,686,0.9620527222582139
0,687,0.8864314629574752
0,688,0.8655653932248412
0,689,0.9592522907982357
0,690,0.9994709990550505
0,691,0.9950024068110006
0,692,0.9673714106458939
0,693,0.988805451420543
0,694,0.9981564076300348
0,695,0.9885680129094985
0,696,0.9209234165924951
0,697,0.9536166213185434
0,698,0.9991220575435193
0,699,0.9600131025187975
0,700,0.9045789420760475
0,701,0.9830502139165548
0,702,0.9975238226966022
0,703,0.9887282073248816
0,704,0.9871284403220467
0,705,0.9965915618865329
0,706,0.9187254538670182
0,707,0.9951869139522868
0,708,0.9863469026058567
0,709,0.9984257209401393
0,710,0.8369847047293253
0,711,0.8846279638042913
0,712,0.9213966574908912
0,713,0.9997340021487834
0,714,0.9936220142483438
0,715,0.9210281206615875
0,716,0.9805369951716817
0,717,0.8844569477646061
0,718,0.9757840568965033
0,719,0.9419903873551104
0,720,0.9670866591236872
0,721,0.996799183244925
0,722,0.996700038378955
0,723,0.9453034403609393
0,724,0.9999460640882103
0,725,0.8791909707729444
0,726,0.9407760186242712
0,727,0.992404070812955
0,728,0.9869479998236287
0,729,0.9778851912113897
0,730,0.870412189146604
0,731,0.9235382793690263
0,732,0.84921277784269
0,733,0.9689183288589803
0,734,0.9796631094884298
0,735,0.9382535752737907
0,736,0.9974099738671871
0,737,0.984856420862881
0,738,0.985055457120505
0,739,0.9836184559022028
0,740,0.9864995268837005
0,741,0.7230020961742907
0,742,0.8705954126658839
0,743,0.9044687501153824
0,744,0.9049355313244304
0,745,0.9981966898819101
0,746,0.8810593829288882
0,747,0.8661780250582166
0,748,0.9099976990334581
0,749,0.9560856831086163
0,750,0.9735802768722301
0,751,0.9345622719231055
0,752,0.9905022439579464
0,753,0.9775072973852297
0,754,0.9955306073077095
0,755,0.9838131710296533
0,756,0.9869048917225316
0,757,0.818602775154464
0,758,0.9439098022000599
0,759,0.9914031125956876
0,760,0.9063160606665367
0,761,0.9775628732406639
0,762,0.9301505168937402
0,763,0.9755038241906667
0,764,0.9992022681261923
0,765,0.9612834032669995
0,766,0.9908867120843605
0,767,0.9852135059062475
0,768,0.8001926540289349
0,769,0.8913097080782189
0,770,0.9944897448346054
0,771,0.983052890446357
0,772,0.8889182212972636
0,773,0.939330155400993
0,774,0.7499640738143218
0,775,0.9921028214516802
0,776,0.9468108391933875
0,777,0.9943840413756134
0,778,0.9910316102057151
0,779,0.9546931857024328
0,780,0.8937487405697071
0,781,0.9655197259442916
0,782,0.543947056392571
0,783,0.9992666575029918
0,784,0.9999012115950956
0,785,0.6978316648145869
0,786,0.9936617215700438
0,787,0.9683177349082592
0,788,0.9980837072004026
0,789,0.9083877008720971
0,790,0.8967396971969369
0,791,0.9569401944637862
0,792,0.9284384283285898
0,793,0.9256779098159698
0,794,0.9196347064479955
0,795,0.9404635544193816
0,796,0.9220696035310065
0,797,0.9816991483271024
0,798,0.9794135106945308
0,799,0.950231513838837
0,800,0.9404505650895
0,801,0.9958868631553968
0,802,0.9785184398037394
0,803,0.9029289256387072
0,804,0.8809894835347283
0,805,0.9926915917911022
0,806,0.9939487068288222
0,807,0.9995242782392834
0,808,0.9256184368539562
0,809,0.9957978396923215
0,810,0.9587350772337745
0,811,0.9489887318212461
0,812,0.9999610768739235
0,813,0.987223496477595
0,814,0.8707082601894054
0,815,0.7987687906172791
0,816,0.9175935200030623
0,817,0.92263021078597
0,818,0.9949124763341992
0,819,0.9892949108482599
0,820,0.9578727840678213
0,821,0.8517731200493568
0,822,0.9067999230996115
0,823,0.9397413834607911
0,824,0.9635477409964126
0,825,0.9857171051411885
0,826,0.996865896944243
0,827,0.8686678749697431
0,828,0.9853779438991557
0,829,0.8844316407655177
0,830,0.98432841141689
0,831,0.9654011135660214
0,832,0.9860448826080614
0,833,0.9889518642347824
0,834,0.9553550689627756
0,835,0.9814566266927609
0,836,0.9152724177811203
0,837,0.9971462067482623
0,838,0.9002180196450594
0,839,0.8466076296672786
0,840,0.9854662105320339
0,841,0.9614742731834365
0,842,0.9694144147016214
0,843,0.9950786612254799
0,844,0.9430906292165693
0,845,0.9693124035593234
0,846,0.9727237584830344
0,847,0.9723295665318071
0,848,0.7916192310315672
0,849,0.7148075772323748
0,850,0.9114483667825838
0,851,0.8928722394980689
0,852,0.8404624609530484
0,853,0.8873914400606622
0,854,0.7970461394225545
0,855,0.9999994249730095
0,856,0.9867722485731907
0,857,0.9917017696965928
0,858,0.9463879544576494
0,859,0.9933319506542578
0,860,0.9442017944776294
0,861,0.986910582769699
0,862,0.9658649912870426
0,863,0.9978295664672798
0,864,0.9728257434173433
0,865,0.9677855979135512
0,866,0.9401486792885901
0,867,0.9968211074981925
0,868,0.9667962526187741
0,869,0.9784954487261374
0,870,0.9328767230573154
0,871,0.9883550099608917
0,872,0.9818082334376595
0,873,0.9381335944012601
0,874,0.9617229491306257
0,875,0.9938867976574639
0,876,0.9812647571091953
0,877,0.9542652335804965
0,878,0.9807764682788273
0,879,0.9668413914403187
0,880,0.9960382921127721
0,881,0.9958762266191773
0,882,0.9886033392090355
0,883,0.9384489211743916
0,884,0.9905661883497653
0,885,0.8914931215479592
0,886,0.7879168047828679
0,887,0.8500734399328533
0,888,0.9985525457276989
0,889,0.7725256886741559
0,890,0.9272706861128214
0,891,0.9085652851333225
0,892,0.991168279284455
0,893,0.9642290043440447
0,894,0.9172731607563178
0,895,0.9864906245374274
0,896,0.9338709239060177
0,897,0.9996881666437959
0,898,0.6970894000089404
0,899,0.7350486043157689
0,900,0.982161929300197
0,901,0.9774329308428263
0,902,0.9928975623752816
0,903,0.9984424516138948
0,904,0.926073775742891
0,905,0.9616284271538558
0,906,0.9946830993980096
0,907,0.9462487481575781
0,908,0.9818437181918992
0,909,0.9560055961991989
0,910,0.9441413141503091
0,911,0.9879184960023699
0,912,0.9184752576871603
0,913,0.9920810849808857
0,914,0.942363130497601
0,915,0.938559892273515
0,916,0.9973499026616712
0,917,0.8145072913627274
0,918,0.9290577199407359
0,919,0.9959351347666878
0,920,0.9937774544832709
0,921,0.9723311268022117
0,922,0.9931697012333391
0,923,0.9879755648595331
0,924,0.9826457425922875
0,925,0.9965886409389698
0,926,0.9520909717739728
0,927,0.8250324297542424
0,928,0.9307590548618462
0,929,0.9073337287194602
0,930,0.9281986440141942
0,931,0.9488241960536965
0,932,0.9551944823657924
0,933,0.9333527316130504
0,934,0.9390536620884268
0,935,0.9867338971903442
0,936,0.9722164494279256
0,937,0.9720924384594709
0,938,0.9704412553955725
0,939,0.5953586484323338
0,940,0.9799390526361618
0,941,0.9941196757427654
0,942,0.9985105436826966
0,943,0.9941317342774337
0,944,0.9367330882298587
0,945,0.8846311253924771
0,946,0.9818026515278225
0,947,0.8752444145043075
0,948,0.9936292178883109
0,949,0.9548161451176346
0,950,0.9668032648157586
0,951,0.8825192658277632
0,952,0.9783989376538054
0,953,0.9773059141495851
0,954,0.9163295656209304
0,955,0.9891354397880282
0,956,0.9927602442296465
0,957,0.992886233803846
0,958,0.9385870219397162
0,959,0.9113199303817445
0,960,0.9862205377592331
0,961,0.9723743290986064
0,962,0.9384986025530095
0,963,0.8623149469478438
0,964,0.9966320910252163
0,965,0.9734237071949718
0,966,0.9826902830704436
0,967,0.5325624830101511
0,968,0.8920050185923669
0,969,0.9627943249976668
0,970,0.9698477373190496
0,971,0.8809353402108973
0,972,0.8293092491100607
0,973,0.7060872958852477
0,974,0.9993497382973564
0,975,0.8680208984454209
0,976,0.815001330931746
0,977,0.9289501723656626
0,978,0.8328711487047167
0,979,0.9690819986772402
0,980,0.9726889892360752
0,981,0.8179875171142701
0,982,0.9723101521011873
0,983,0.9971076267835187
0,984,0.966310801522512
0,985,0.9682485215469233
0,986,0.7609150764060532
0,987,0.9977569084571243
0,988,0.9995136544192997
0,989,0.8878394138805418
0,990,0.9819171600135075
0,991,0.954340109838922
0,992,0.8812578764625956
0,993,0.9486704308538125
0,994,0.9422652491642883
0,995,0.9930713763077732
0,996,0.9700627131090508
0,997,0.9562154549013994
0,998,0.9507453912668133
0,999,0.9555727301057313
0,1000,0.9575481124688513
0,1001,0.9743633768594473
0,1002,0.9755049960729527
0,1003,0.9918296571490101
0,1004,0.9892311945647311
0,1005,0.9401208613158909
0,1006,0.9542558072635878
0,1007,0.9429514328355424
0,1008,0.9819253571366292
0,1009,0.9782090750163435
0,1010,0.9984103852127748
0,1011,0.9877785785785648
0,1012,0.9879560456996263
0,1013,0.9999179318392173
0,1014,0.9222643958302151
0,1015,0.9952689047888622
0,1016,0.7937226669994607
0,1017,0.9911788104493422
0,1018,0.9506578770303953
0,1019,0.9954191831437239
0,1020,0.9994904547008753
0,1021,0.9777616217125178
0,1022,0.9994988467159227
0,1023,0.9908006042753762
0,1024,0.9827205491746428
0,1025,0.9647603856183935
0,1026,0.9107933346335213
0,1027,0.9952017398764562
0,1028,0.9754341280994802
0,1029,0.9948067289742212
0,1030,0.9632673073395418
0,1031,0.9949353569800082
0,1032,0.9615071309790572
0,1033,0.9356088845833647
0,1034,0.9844294029695706
0,1035,0.992226169200322
0,1036,0.9938587625402742
0,1037,0.919191922280982
0,1038,0.9974760946774068
0,1039,0.9215771979141479
0,1040,0.949714457652284
0,1041,0.9999972966809885
0,1042,0.9141268890688371
0,1043,0.9826542633618756
0,1044,0.9981422701773668
0,1045,0.9436497687949101
0,1046,0.7757821331615072
0,1047,0.8719436416749391
0,1048,0.9691908238193616
0,1049,0.9635720466088687
0,1050,0.9583154768091674
0,1051,0.855237803103812
0,1052,0.871657779871435
0,1053,0.9016009993754275
0,1054,0.9607223761088132
0,1055,0.8352471930705329
0,1056,0.8396872667758346
0,1057,0.9117141587208509
0,1058,0.9315158915426816
0,1059,0.9913951157226979
0,1060,0.8702268295852817
0,1061,0.9284692134341689
0,1062,0.9851048137171668
0,1063,0.9947959986481222
0,1064,0.7962576557298416
0,1065,0.9588683009655302
0,1066,0.9686749658303034
0,1067,0.9598162763639736
0,1068,0.9321208078597382
0,1069,0.9497414877720883
0,1070,0.9173451301729026
0,1071,0.9803948106201675
0,1072,0.9880999516063553
0,1073,0.9222406993885611
0,1074,0.9911098284515224
0,1075,0.9967736774075757
0,1076,0.9854136398296697
0,1077,0.9879258771376571
0,1078,0.9565556646719902
0,1079,0.6226413083856005
0,1080,0.987439076571704
0,1081,0.9084058175082189
0,1082,0.9665448272803481
0,1083,0.9929560051937003
0,1084,0.9820477220786129
0,1085,0.982864245302245
0,1086,0.9930209296077879
0,1087,0.9885815111224651
0,1088,0.9201956704978737
0,1089,0.9511227545189691
0,1090,0.9396743787828271
0,1091,0.9356357236548616
0,1092,0.9629053883639908
0,1093,0.99691711595562
0,1094,0.9636499901665502
0,1095,0.9585874474984563
0,1096,0.9745957041009587
0,1097,0.9972475703289053
0,1098,0.9881958882014701
0,1099,0.8492915001590272
0,1100,0.9570807336421727
0,1101,0.9503858301075611
0,1102,0.9997781194968589
0,1103,0.9583684374251784
0,1104,0.7354550826256163
0,1105,0.9077982372872845
0,1106,0.9979635286853831
0,1107,0.9975597667414704
0,1108,0.9381551120277952
0,1109,0.9874935426263671
0,1110,0.8870008929583507
0,1111,0.9997636039123464
0,1112,0.950477289370675
0,1113,0.9575413560879884
0,1114,0.7638702367146443
0,1115,0.9825919041941411
0,1116,0.8721643812183515
0,1117,0.9952798919197762
0,1118,0.9924557507030145
0,1119,0.9948154872019551
0,1120,0.9662652215460994
0,1121,0.9278136237107133
0,1122,0.9999862100875534
0,1123,0.9534677811109721
0,1124,0.9803541410618544
0,1125,0.9889985699849283
0,1126,0.9527418230201502
0,1127,0.99494411315306
0,1128,0.9377649878297304
0,1129,0.9964008989685924
0,1130,0.9937661823300663
0,1131,0.9616243701306347
0,1132,0.859675280918136
0,1133,0.9666340725704438
0,1134,0.967663699827365
0,1135,0.9912347961185543
0,1136,0.9993530436191246
0,1137,0.9885940395855642
0,1138,0.8539614021332418
0,1139,0.9879611042879037
0,1140,0.6757312493869292
0,1141,0.9544466599253077
0,1142,0.9016033383481549
0,1143,0.984099759100868
0,1144,0.8989589371959266
0,1145,0.9258556157952441
0,1146,0.7885058661970913
0,1147,0.9503514407625098
0,1148,0.9617073780643686
0,1149,0.9355226046407825
0,1150,0.9935767160915682
0,1151,0.9712141945962823
0,1152,0.9780399688687251
0,1153,0.7900110109444488
0,1154,0.9986102144701877
0,1155,0.9700176697748283
0,1156,0.9994920000132874
0,1157,0.8328551429050731
0,1158,0.9978301961105193
0,1159,0.9997976527596957
0,1160,0.9679213535918252
0,1161,0.8888218669205684
0,1162,0.9338061635130844
0,1163,0.9836261546093896
0,1164,0.8885481663544313
0,1165,0.9207615980483849
0,1166,0.9673987206783591
0,1167,0.8931042414884517
0,1168,0.9376204977733716
0,1169,0.9310742576779671
0,1170,0.9602760790808129
0,1171,0.9953261184466271
0,1172,0.8743595728523177
0,1173,0.7120579755509913
0,1174,0.9917290245425912
0,1175,0.9745784756855776
0,1176,0.9877109640604964
0,1177,0.9453631309827495
0,1178,0.9927057663277737
0,1179,0.9013149131769579
0,1180,0.993352023285909
0,1181,0.9970186737774843
0,1182,0.9423141376290567
0,1183,0.9861330215119978
0,1184,0.9992249376609231
0,1185,0.992177560538868
0,1186,0.9988335425036144
0,1187,0.9977867950468803
0,1188,0.9999935142575753
0,1189,0.7818709171535042
0,1190,0.9938255129007952
0,1191,0.9190881956751437
0,1192,0.995403426512536
0,1193,0.9354730096414382
0,1194,0.9849279226017393
0,1195,0.9757726082487096
0,1196,0.9532542470125622
0,1197,0.9841674125229066
0,1198,0.9920784841607203
0,1199,0.9623051771084062
0,1200,0.9655458558883441
0,1201,0.9932948484407585
0,1202,0.9641139940223752
0,1203,0.9060913487720693
0,1204,0.9994944183414229
0,1205,0.8617723527539451
0,1206,0.9321132535777804
0,1207,0.9965665647775266
0,1208,0.9841860531506342
0,1209,0.8983494551750884
0,1210,0.9999709426687837
0,1211,0.9968626751695947
0,1212,0.9989150775890104
0,1213,0.9903959434857612
0,1214,0.9953995499256665
0,1215,0.7536944930296777
0,1216,0.7714408188739121
0,1217,0.7344075244433883
0,1218,0.9999865702972596
0,1219,0.957870261623397
0,1220,0.9468398145406647
0,1221,0.9312979166644989
0,1222,0.9863180046377341
0,1223,0.9872883849773217
0,1224,0.9832792273491585
0,1225,0.8008783772858689
0,1226,0.9316362331859821
0,1227,0.9977831358976114
0,1228,0.6944720561718298
0,1229,0.971954829065398
0,1230,0.9553086355167204
0,1231,0.9870394034997751
0,1232,0.9522128179912379
0,1233,0.9787602834185075
0,1234,0.9649931609728116
0,1235,0.8708776320830592
0,1236,0.6314891497498738
0,1237,0.9221334167876836
0,1238,0.9731673771474444
0,1239,0.8588179700632665
0,1240,0.9999053260442011
0,1241,0.9984540827158728
0,1242,0.9428648671016833
0,1243,0.9791971731888283
0,1244,0.9971195721835809
0,1245,0.9904245390998886
0,1246,0.9807007689928335
0,1247,0.9951511545380202
0,1248,0.9745392127340579
0,1249,0.9315141997674352
0,1250,0.9579619788658483
0,1251,0.9358128297835806
0,1252,0.9450469842955979
0,1253,0.9884985497793525
0,1254,0.832579558193715
0,1255,0.860487178056974
0,1256,0.9464542844006563
0,1257,0.9770678468458818
0,1258,0.8780406752527297
0,1259,0.9913414693394269
0,1260,0.9820911267631633
0,1261,0.9996467573364889
0,1262,0.996608797491811
0,1263,0.9573840724900442
0,1264,0.984344924048897
0,1265,0.9819073756818016
0,1266,0.9826785191320221
0,1267,0.9950203785065148
0,1268,0.8949915669935604
0,1269,0.9790037275893578
0,1270,0.8350060775941508
0,1271,0.7807352458058326
0,1272,0.9478557307423532
0,1273,0.9864036791568394
0,1274,0.9182960109252519
0,1275,0.9921398417858844
0,1276,0.9104500189316007
0,1277,0.9884792456238018
0,1278,0.974152139849759
0,1279,0.8403100703279484
0,1280,0.9715302783360524
0,1281,0.9752118396883639
0,1282,0.9448585153961735
0,1283,0.9580074215566209
0,1284,0.995942592172731
0,1285,0.9930131634717935
0,1286,0.9947340630073628
0,1287,0.9354358152498972
0,1288,0.8804944530145813
0,1289,0.8290724670113815
0,1290,0.7877824405530566
0,1291,0.9965383405651133
0,1292,0.968054671730597
0,1293,0.9843179232604378
0,1294,0.9772475038713592
0,1295,0.9658795850803177
0,1296,0.926747238898205
0,1297,0.7791415202535384
0,1298,0.7859015428094116
0,1299,0.9805271228222208
0,1300,0.9999512478958743
0,1301,0.9228141128594614
0,1302,0.8936999945868452
0,1303,0.9733560586328521
0,1304,0.960704643719448
0,1305,0.9540072300849315
0,1306,0.9781174369410848
0,1307,0.9918693118287839
0,1308,0.7758341945584045
0,1309,0.6948889298976871
0,1310,0.9890388700423219
0,1311,0.9835315465391898
0,1312,0.9225869141429472
0,1313,0.8110672108291317
0,1314,0.8763067915171407
0,1315,0.9377912886796861
0,1316,0.9813734815246941
0,1317,0.9921237033137168
0,1318,0.9473264245870878
0,1319,0.9716247284747939
0,1320,0.9729142144395463
0,1321,0.9922572499502276
0,1322,0.7986029378882264
0,1323,0.9991128859305014
0,1324,0.9995118817664469
0,1325,0.8870724090589762
0,1326,0.9998056895732833
0,1327,0.9673390785090497
0,1328,0.9617150998781131
0,1329,0.996750978077695
0,1330,0.8302002980990698
0,1331,0.9381488777908233
0,1332,0.8995454385557766
0,1333,0.9791120937015623
0,1334,0.9851441319187336
0,1335,0.9541582915489579
0,1336,0.9578679713538186
0,1337,0.9773347736649564
0,1338,0.9449134722855342
0,1339,0.9028474553375146
0,1340,0.9999990844846126
0,1341,0.9873662296465519
0,1342,0.9936717179056864
0,1343,0.9157096674518439
0,1344,0.7841544980425796
0,1345,0.9572977748946616
0,1346,0.9972679228828798
0,1347,0.9509505364635696
0,1348,0.9997785142721727
0,1349,0.7956375394939813
0,1350,0.8775622517649663
0,1351,0.9949690620219038
0,1352,0.9790744547758953
0,1353,0.9812052224964403
0,1354,0.9920601201159724
0,1355,0.9917617813824635
0,1356,0.9931118272207541
0,1357,0.9558075571389479
0,1358,0.9984649264053646
0,1359,0.8958520849549717
0,1360,0.988833418457432
0,1361,0.9999855225885202
0,1362,0.9880125757418442
0,1363,0.9977424936915007
0,1364,0.9655870154229604
0,1365,0.9967817729180762
0,1366,0.9752484954977197
0,1367,0.9411292291287955
0,1368,0.98345861640517
0,1369,0.9516222121311113
0,1370,0.9820941906729282
0,1371,0.9942022711886289
0,1372,0.9891069298780594
0,1373,0.90349534649353
0,1374,0.9611977029740423
0,1375,0.9945063996398773
0,1376,0.9180756180857627
0,1377,0.9696770517845806
0,1378,0.9088696392680498
0,1379,0.9585120935353405
0,1380,0.9958285936295538
0,1381,0.9510313300036785
0,1382,0.9758721866894199
0,1383,0.9768248261287474
0,1384,0.9311858342048379
0,1385,0.8462239146969323
0,1386,0.9576367026842291
0,1387,0.9872600409021881
0,1388,0.9524769778976881
0,1389,0.9964771689250519
0,1390,0.9939253461641118
0,1391,0.9967228464366378
0,1392,0.8850272929305069
0,1393,0.9997815993118828
0,1394,0.9726259694596696
0,1395,0.9657160610679439
0,1396,0.9426512379589715
0,1397,0.9073454584277009
0,1398,0.9944633784082645
0,1399,0.9434420457740451
0,1400,0.8381146233836931
0,1401,0.9852583938245913
0,1402,0.9999658476018882
0,1403,0.678371023692809
0,1404,0.8708751149380333
0,1405,0.9406603010601505
0,1406,0.9314034547547714
0,1407,0.9267053590115525
0,1408,0.9902572522391351
0,1409,0.9215793103792244
0,1410,0.921786545493206
0,1411,0.9235632476336669
0,1412,0.8834554950865948
0,1413,0.7938188706891175
0,1414,0.8702940793525547
0,1415,0.9947025759077008
0,1416,0.9939527126765467
0,1417,0.964161903131858
0,1418,0.9597484152347753
0,1419,0.993541530882416
0,1420,0.9228183453434738
0,1421,0.9563550380239949
0,1422,0.979302935575694
0,1423,0.8617569714510072
0,1424,0.9996473518047769
0,1425,0.9626629731314825
0,1426,0.961600383481021
0,1427,0.9999896498488963
0,1428,0.9833537191771046
0,1429,0.9869113062912274
0,1430,0.9117991113226144
0,1431,0.9465594610089553
0,1432,0.8639497603683859
0,1433,0.969936464091079
0,1434,0.997973589364879
0,1435,0.9983086088766758
0,1436,0.9214015388346598
0,1437,0.9447589287145507
0,1438,0.7376062522703366
0,1439,0.9948241165011285
0,1440,0.9119840380117179
0,1441,0.7170819967101711
0,1442,0.9836076420331326
0,1443,0.7530360471811229
0,1444,0.9421217912343481
0,1445,0.999228596299002
0,1446,0.9930745399915174
0,1447,0.9889310869293857
0,1448,0.9085000256552797
0,1449,0.9878994929651241
0,1450,0.7611047086023249
0,1451,0.9876807351093403
0,1452,0.9975651305068676
0,1453,0.998838083173826
0,1454,0.9867491276687396
0,1455,0.9828335041748277
0,1456,0.9989239444844364
0,1457,0.9022599540673552
0,1458,0.953496283631002
0,1459,0.9749435573705801
0,1460,0.9546060808327334
0,1461,0.9984562556919387
0,1462,0.9896258784375149
0,1463,0.9102807718469749
0,1464,0.9997370064998343
0,1465,0.7912472753404671
0,1466,0.9474174890535644
0,1467,0.9903061736399646
0,1468,0.9788988724113697
0,1469,0.9668054133629168
0,1470,0.9469596734693202
0,1471,0.9969281878089615
0,1472,0.9990290304013676
0,1473,0.9821663518957451
0,1474,0.998283012222518
0,1475,0.9215105776724977
0,1476,0.9698123586147225
0,1477,0.999162428014191
0,1478,0.9935862738101662
0,1479,0.926059644066464
0,1480,0.8866398267093057
0,1481,0.756111259901127
0,1482,0.9151438658721077
0,1483,0.9980337473104159
0,1484,0.9590453314178065
0,1485,0.9050876419880072
0,1486,0.9855358509566067
0,1487,0.9164703249765658
0,1488,0.9263683386682277
0,1489,0.9689063356268468
0,1490,0.8990779188550263
0,1491,0.9679634259744183
0,1492,0.9065884817448119
0,1493,0.9994459797888763
0,1494,0.9992206504271837
0,1495,0.8433372569528774
0,1496,0.9656453814327624
0,1497,0.9939259893869491
0,1498,0.9910438371389961
0,1499,0.9264976423022191
0,1500,0.9915021490790991
0,1501,0.9415028197938018
0,1502,0.9644276533634241
0,1503,0.9211845332285565
0,1504,0.9946797654069626
0,1505,0.9913003387326156
0,1506,0.8658604925168335
0,1507,0.9910777546815831
0,1508,0.9555584075856581
0,1509,0.9996388417168112
0,1510,0.8768829437701987
0,1511,0.8964675460227339
0,1512,0.9771426129478303
0,1513,0.9843056725589914
0,1514,0.9792819837192736
0,1515,0.9670697126429371
0,1516,0.8528482180452878
0,1517,0.9713009388772109
0,1518,0.9634793464240602
0,1519,0.4650210555473884
0,1520,0.9719463815257223
0,1521,0.9826387814253698
0,1522,0.8462009647800753
0,1523,0.830309484821564
0,1524,0.9925784547443283
0,1525,0.9482110190055271
0,1526,0.9849090695490514
0,1527,0.8370694482401121
0,1528,0.9987707369381704
0,1529,0.9792906023026885
0,1530,0.9911227831494471
0,1531,0.8355824544629225
0,1532,0.9431218904121846
0,1533,0.9992919394305759
0,1534,0.9002115199073086
0,1535,0.9709710835460473
0,1536,0.9389253566239772
0,1537,0.959239059034404
0,1538,0.9922158824335862
0,1539,0.9725686200715784
0,1540,0.9878281565850853
0,1541,0.9999759717994672
0,1542,0.9473363585885763
0,1543,0.9399636766777234
0,1544,0.9959058759111362
0,1545,0.9943636926663302
0,1546,0.8916842952808546
0,1547,0.9664321581754993
0,1548,0.9509080173325414
0,1549,0.9795592363052065
0,1550,0.987233884293541
0,1551,0.8684905295492654
0,1552,0.9471940044954862
0,1553,0.9941212142777978
0,1554,0.9742208616608077
0,1555,0.9947422703297458
0,1556,0.9345752557088791
0,1557,0.8684411035747881
0,1558,0.9542824142962201
0,1559,0.9307836394738803
0,1560,0.9566774487606993
0,1561,0.9471630435529557
0,1562,0.9995995184603778
0,1563,0.9678337845511139
0,1564,0.9998290890102789
0,1565,0.9210593470915224
0,1566,0.9671202831693442
0,1567,0.9155573685804843
0,1568,0.7446701923649729
0,1569,0.9809283345779968
0,1570,0.8192994293247261
0,1571,0.8951606659465202
0,1572,0.9822218743800003
0,1573,0.9874259040661388
0,1574,0.9792120634324925
0,1575,0.9472454281185163
0,1576,0.9200452135557755
0,1577,0.9606818114298233
0,1578,0.8640993612342683
0,1579,0.8836837600353726
0,1580,0.9997799207211631
0,1581,0.9935155201274308
0,1582,0.9713919836806963
0,1583,0.9867553963913789
0,1584,0.9264914882952842
0,1585,0.952863730698461
0,1586,0.9956158531069021
0,1587,0.9428015147431473
0,1588,0.9982733167050277
0,1589,0.9144595417129059
0,1590,0.9103006396069457
0,1591,0.9302373247374606
0,1592,0.9630726410374761
0,1593,0.9976018331346266
0,1594,0.9877027227353552
0,1595,0.9774112512503101
0,1596,0.8068215983486335
0,1597,0.978609990726898
0,1598,0.9947753330808868
0,1599,0.99961270865057
0,1600,0.9823678080892698
0,1601,0.9484533906932696
0,1602,0.9696853374234086
0,1603,0.8283848561415876
0,1604,0.9964644807836092
0,1605,0.9850831416678408
0,1606,0.9989162981351889
0,1607,0.9599670640282277
0,1608,0.857758575592975
0,1609,0.9333940294634132
0,1610,0.9411669931929736
0,1611,0.8693229653891781
0,1612,0.8917708508920345
0,1613,0.8927133547447361
0,1614,0.991860995707587
0,1615,0.9999999889485287
0,1616,0.9986221545397188
0,1617,0.996392375950873
0,1618,0.9726403815582777
0,1619,0.9831442917676091
0,1620,0.9458125912286807
0,1621,0.9925018568067466
0,1622,0.6837450507956724
0,1623,0.9484116359436161
0,1624,0.9998039955687257
0,1625,0.9491473594520755
0,1626,0.9423780650775435
0,1627,0.8414057373211915
0,1628,0.9475156620970704
0,1629,0.9754202883637106
0,1630,0.9431335754247826
0,1631,0.9974425784558981
0,1632,0.9108986641193553
0,1633,0.9257890387202818
0,1634,0.9784121808652037
0,1635,0.9845464541265314
0,1636,0.9928425150588621
0,1637,0.9300170119134484
0,1638,0.9944786825992223
0,1639,0.9920985688389363
0,1640,0.9920421090435989
0,1641,0.9820229167953612
0,1642,0.9307124961318364
0,1643,0.8656245328934107
0,1644,0.9880527286815961
0,1645,0.9961732942674304
0,1646,0.9414295227967899
0,1647,0.9702422015268497
0,1648,0.9965957759462928
0,1649,0.9998109231230116
0,1650,0.8888079768626608
0,1651,0.888896728545527
0,1652,0.9779788820047112
0,1653,0.8896985184644616
0,1654,0.9883406877947651
0,1655,0.952087829039082
0,1656,0.7607067256422803
0,1657,0.9048619598508201
0,1658,0.9991726329975413
0,1659,0.9413988452691022
0,1660,0.9660519757089762
0,1661,0.9943735714982573
0,1662,0.9690028469998
0,1663,0.9928927473445878
0,1664,0.9881649540960566
0,1665,0.9301137786863292
0,1666,0.9811949270763827
0,1667,0.9579174242019588
0,1668,0.9721209290726641
0,1669,0.981787647643137
0,1670,0.8025680377701632
0,1671,0.9165983697621672
0,1672,0.9840488780205694
0,1673,0.8988777164707519
0,1674,0.96598967447415
0,1675,0.9953937385571519
0,1676,0.8249872287237484
0,1677,0.9411030407548345
0,1678,0.964262963500268
0,1679,0.8897903544462075
0,1680,0.9805602607490981
0,1681,0.9968617302389101
0,1682,0.978301829770035
0,1683,0.990193019193657
0,1684,0.9592818418138612
0,1685,0.9896162081546713
0,1686,0.8963954355150892
0,1687,0.9970480509558421
0,1688,0.9920889394039585
0,1689,0.9880081139085205
0,1690,0.9681070260411541
0,1691,0.9513850107898697
0,1692,0.9994878787651894
0,1693,0.994544799917935
0,1694,0.9993286983766176
0,1695,0.9967263891804622
0,1696,0.9783308857713308
0,1697,0.8837746302049125
0,1698,0.9993090110241631
0,1699,0.9839459477574698
0,1700,0.9860850764577103
0,1701,0.9826723333518926
0,1702,0.8800618246735836
0,1703,0.830669120333316
0,1704,0.9772923985502296
0,1705,0.9504975376223171
0,1706,0.9988132929769032
0,1707,0.9740349697658995
0,1708,0.9668490542294648
0,1709,0.9990864695484558
0,1710,0.8500984819097812
0,1711,0.9006237401917399
0,1712,0.9621614157833669
0,1713,0.916386285166225
0,1714,0.9899828866036661
0,1715,0.940450051227734
0,1716,0.9646215565716708
0,1717,0.9236779178993374
0,1718,0.9980266873728727
0,1719,0.9361229462427877
0,1720,0.9380128944257295
0,1721,0.9566663867354765
0,1722,0.9972002713973572
0,1723,0.9110996652597176
0,1724,0.8463787295497964
0,1725,0.937486562408624
0,1726,0.9996561327124801
0,1727,0.9114765252674158
0,1728,0.9153941606906512
0,1729,0.9946713240690067
0,1730,0.9908689083324583
0,1731,0.9221988523352138
0,1732,0.9528367463293241
0,1733,0.930473456557319
0,1734,0.9630901891440943
0,1735,0.9857099891973788
0,1736,0.9263852891880561
0,1737,0.989270115919058
0,1738,0.9336189008363013
0,1739,0.9851773528489469
0,1740,0.9124527717796819
0,1741,0.8424129586069634
0,1742,0.9766559391233203
0,1743,0.9608181653361743
0,1744,0.9656264785012381
0,1745,0.9988787101983141
0,1746,0.8457447626896347
0,1747,0.9976349627253549
0,1748,0.9420561873964847
0,1749,0.9997082359493353
0,1750,0.99762542411097
0,1751,0.9962753817899158
0,1752,0.999073069239916
0,1753,0.9912861367572
0,1754,0.9449373934466423
0,1755,0.9850192760173172
0,1756,0.9978520641132139
0,1757,0.9449637600851496
0,1758,0.9809856077643663
0,1759,0.9411837303190177
0,1760,0.98315071950552
0,1761,0.9914067297434415
0,1762,0.9959775842125698
0,1763,0.9887304756973742
0,1764,0.9455967137744542
0,1765,0.9359368932189728
0,1766,0.9440818554355167
0,1767,0.9982450704447666
0,1768,0.9685037519528737
0,1769,0.9601258918002866
0,1770,0.9137545075064771
0,1771,0.9719936231519849
0,1772,0.975717112147242
0,1773,0.7662385303785235
0,1774,0.9623454936162606
0,1775,0.9955510061713613
0,1776,0.8858545966819922
0,1777,0.91801771972639
0,1778,0.9828804901657842
0,1779,0.9958266487301354
0,1780,0.9728950721416164
0,1781,0.9710253944706919
0,1782,0.9990048410396419
0,1783,0.9807442101273817
0,1784,0.9891499870823226
0,1785,0.9732026743383346
0,1786,0.9994131762490072
0,1787,0.9873582276017786
0,1788,0.9949472810683079
0,1789,0.9999815325495346
0,1790,0.9960547439829655
0,1791,0.9704501333246094
0,1792,0.9993060381720426
0,1793,0.9126890952983024
0,1794,0.9142928535114367
0,1795,0.7799422766790595
0,1796,0.9731125715635188
0,1797,0.7758002345544774
0,1798,0.9655126852439962
0,1799,0.9799875811575541
0,1800,0.9777894601976599
0,1801,0.9933262233047316
0,1802,0.9761740926028569
0,1803,0.9687440568814645
0,1804,0.9617726316341328
0,1805,0.8526755733843076
0,1806,0.9669165091967744
0,1807,0.9990924392717015
0,1808,0.9649268530660666
0,1809,0.9763845134668251
0,1810,0.8634355862524629
0,1811,0.9874137098543847
0,1812,0.9519246960274634
0,1813,0.960344896507172
0,1814,0.8614562684099069
0,1815,0.9499147184038774
0,1816,0.9641640247306034
0,1817,0.9711029627177069
0,1818,0.937530370746053
0,1819,0.9898612180412236
0,1820,0.9341805655817705
0,1821,0.9946521262823721
0,1822,0.9172299542235985
0,1823,0.9776181874628639
0,1824,0.6881958720841108
0,1825,0.9687259126239709
0,1826,0.9962040140175419
0,1827,0.9667436228117737
0,1828,0.974681543606799
0,1829,0.6390868134609526
0,1830,0.9224061797300195
0,1831,0.7915169385652848
0,1832,0.8942875971438228
0,1833,0.9883042667280947
0,1834,0.7932068834191037
0,1835,0.9250243994457731
0,1836,0.9991681565684997
0,1837,0.913664738033643
0,1838,0.7485716642327902
0,1839,0.9699328694315652
0,1840,0.9909731797759512
0,1841,0.9921406905962026
0,1842,0.9688771227157539
0,1843,0.9416298525714892
0,1844,0.9782593718772612
0,1845,0.9743789947149091
0,1846,0.9985309531745736
0,1847,0.9787465021095539
0,1848,0.9954707627887501
0,1849,0.823030239636491
0,1850,0.9800292346386046
0,1851,0.9999834399323
0,1852,1.0000000000000087
0,1853,0.9802215577007609
0,1854,0.9817118389480783
0,1855,0.9535692515574157
0,1856,0.9718689922616092
0,1857,0.9949685556827775
0,1858,0.9972267861893886
0,1859,0.9912669370719127
0,1860,0.9431538764817654
0,1861,0.954637705099887
0,1862,0.997157083148412
0,1863,0.9691585874449226
0,1864,0.9757116007516851
0,1865,0.9952622641237969
0,1866,0.9844871275247784
0,1867,0.7792384460432118
0,1868,0.91341252319199
0,1869,0.9980695206015098
0,1870,0.9450505935908737
0,1871,0.9945295804552179
0,1872,0.920520049425724
0,1873,0.872286743457243
0,1874,0.9675169269862797
0,1875,0.993143810329059
0,1876,0.9997514828700054
0,1877,0.9920472619850704
0,1878,0.9904859278456825
0,1879,0.9149700637605349
0,1880,0.6653606430301501
0,1881,0.9727199219649973
0,1882,0.9930095935395359
0,1883,0.9191565282399647
0,1884,0.9955230891036054
0,1885,0.966762310449279
0,1886,0.8701374547027082
0,1887,0.75244451236804
0,1888,0.9664777019540184
0,1889,0.9875747974189836
0,1890,0.9683548216297797
0,1891,0.9752650470385344
0,1892,0.9535518434356071
0,1893,0.9559032740507502
0,1894,0.9765185621009723
0,1895,0.976513949751722
0,1896,0.9075423158898759
0,1897,0.9808665480241813
0,1898,0.9995074139965174
0,1899,0.9551348343907711
0,1900,0.9571829820463872
0,1901,0.9376858283944088
0,1902,0.955159393717205
0,1903,0.8860525495447711
0,1904,0.8632065531664187
0,1905,0.9631299609616731
0,1906,0.929345852664638
0,1907,0.9977772280361625
0,1908,0.9958237678726786
0,1909,0.976393930489076
0,1910,0.9494350528853465
0,1911,0.8971516026933358
0,1912,0.9475589980644222
0,1913,0.9190413663608036
0,1914,0.8363081412505673
0,1915,0.9287324909310223
0,1916,0.9909580298295919
0,1917,0.9916729687275072
0,1918,0.9945902284401785
0,1919,0.9595681174663551
0,1920,0.9588141336632078
0,1921,0.9947447548954866
0,1922,0.8910575020288022
0,1923,0.9603128127637592
0,1924,0.6561912531219154
0,1925,0.9985940985057841
0,1926,0.9976103941565335
0,1927,0.9931405933106738
0,1928,0.9735765500322667
0,1929,0.958200003713231
0,1930,0.9358523958172097
0,1931,0.8740026939218319
0,1932,0.9369959067920943
0,1933,0.9617113836529491
0,1934,0.9080578204078319
0,1935,0.9384771415209547
0,1936,0.9415262905717141
0,1937,0.9792872805089348
0,1938,0.80316257429003
0,1939,0.8636281184839818
0,1940,0.9697196763416499
0,1941,0.9996965487706739
0,1942,0.9115353988425645
0,1943,0.9226172706806901
0,1944,0.9374595340331839
0,1945,0.9839234554541106
0,1946,0.9911318850576298
0,1947,0.8655696512073304
0,1948,0.9654744238076556
0,1949,0.9582273059751164
0,1950,0.9673385352665465
0,1951,0.9436486687782403
0,1952,0.9976522923783222
0,1953,0.9769385085234356
0,1954,0.9996612305905023
0,1955,0.9120008328817278
0,1956,0.9724664731090693
0,1957,0.9019437607134647
0,1958,0.9231587592766517
0,1959,0.9770196867627843
0,1960,0.9888515861227881
0,1961,0.9699629118817544
0,1962,0.8734092995230348
0,1963,0.9666431923726354
0,1964,0.9002109811768982
0,1965,0.9930475735082614
0,1966,0.9938528730258662
0,1967,0.9950702191626006
0,1968,0.9700358620069857
0,1969,0.9867781378415735
0,1970,0.9099945044952907
0,1971,0.9464368614568187
0,1972,0.8306139952257463
0,1973,0.8460503988894522
0,1974,0.9899898047632374
0,1975,0.9940094789217059
0,1976,0.9498620536596682
0,1977,0.9709274121159711
0,1978,0.9376900045617439
0,1979,0.9968365254690593
0,1980,0.9588308474481431
0,1981,0.9512699684901297
0,1982,0.9789691216484498
0,1983,0.9841380101722302
0,1984,0.9916860694527438
0,1985,0.9589252942011591
0,1986,0.9378694769569317
0,1987,0.9990475831848843
0,1988,0.9113143780823967
0,1989,0.987093907574035
0,1990,0.9932978757553826
0,1991,0.9893358797903494
0,1992,0.8475530477723394
0,1993,0.9948231790762908
0,1994,0.9030636467406992
0,1995,0.9396561960594635
0,1996,0.9502577861724115
0,1997,0.9596630930015398
0,1998,0.9678391945665927
0,1999,0.9982432059786732
1,0,0.8925480504229306
1,1,0.8222028962319664
1,2,0.9972779307959874
1,3,0.8815855188516651
1,4,0.9595319415574985
1,5,0.8885605882342729
1,6,0.7098786420313659
1,7,0.9931669771356653
1,8,0.9784989358786942
1,9,0.9754088653995463
1,10,0.8577297917774003
1,11,0.9377524276668454
1,12,0.8429930688157597
1,13,0.9645600700021422
1,14,0.9333816945044896
1,15,0.8723188952908981
1,16,0.9993418770925506
1,17,0.737435246662743
1,18,0.9986990070563901
1,19,0.9999615007612748
1,20,0.9742295893151838
1,21,0.992880929564847
1,22,0.9835082300661405
1,23,0.9268639897729221
1,24,0.9587418904379913
1,25,0.8464704381013838
1,26,0.9987929091128509
1,27,0.809071491447317
1,28,0.8060488098765052
1,29,0.9610257957291987
1,30,0.5559521735562278
1,31,0.9585551871350461
1,32,0.934286867131343
1,33,0.9010512192253145
1,34,0.9967881471258635
1,35,0.984600010472724
1,36,0.982531937060005
1,37,0.9701531026806705
1,38,0.9799532697443426
1,39,0.9757157749359705
1,40,0.8733225405462022
1,41,0.9424053342643032
1,42,0.6227452989686726
1,43,0.9393109547127914
1,44,0.9764265723533218
1,45,0.9919830445890352
1,46,0.9788414599409107
1,47,0.8318982395769231
1,48,0.8792533213056123
1,49,0.9521407927456659
1,50,0.8839791219248438
1,51,0.9180793736839308
1,52,0.9927423206911348
1,53,0.9376732623565496
1,54,0.935452444226507
1,55,0.9333756907123456
1,56,0.7191897785368324
1,57,0.9253066095419248
1,58,0.9862439605255257
1,59,0.9846773606073452
1,60,0.9991311569220424
1,61,0.9981558997570227
1,62,0.9990972395227206
1,63,0.9536880941178107
1,64,0.9151820573946735
1,65,0.9772615412715893
1,66,0.9702505988322072
1,67,0.8749571546294811
1,68,0.5269916139193107
1,69,0.9417877601896892
1,70,0.9780323239781439
1,71,0.981417999105148
1,72,0.9930242325652602
1,73,0.7105257744445505
1,74,0.9906217965473391
1,75,0.9996155938447202
1,76,0.959892588377907
1,77,0.9728534254532063
1,78,0.9687068297599966
1,79,0.8872107837607894
1,80,0.9999450415893767
1,81,0.9693513407921164
1,82,0.8544383742933481
1,83,0.9049188980021957
1,84,0.9944939983740541
1,85,0.9990793021352297
1,86,0.882023783693997
1,87,0.8948840328561289
1,88,0.8718282700343823
1,89,0.9917161458155389
1,90,0.9324757522730802
1,91,0.9657076382722354
1,92,0.8274791789945731
1,93,0.8674040611600652
1,94,0.9853174001615962
1,95,0.922519837338525
1,96,0.9999747484111725
1,97,0.9863749780554011
1,98,0.953005366731866
1,99,0.9817025409405733
1,100,0.9968451111094309
1,101,0.9564928310415921
1,102,0.9829365310372132
1,103,0.9960907030587085
1,104,0.9539592958127691
1,105,0.92975827396928
1,106,0.9242324989872159
1,107,0.9986540812551185
1,108,0.626853814133086
1,109,0.8741103853001784
1,110,0.8569750236267927
1,111,0.9100548636524496
1,112,0.9860836949786476
1,113,0.9744854271035709
1,114,0.7385896989402719
1,115,0.8699631867293338
1,116,0.9475239114319947
1,117,0.9062040905516313
1,118,0.996702794173356
1,119,0.9525769469379531
1,120,0.9592737753882334
1,121,0.9984710994109788
1,122,0.8435777934765114
1,123,0.8891722949282379
1,124,0.9455526973369643
1,125,0.8927101902355644
1,126,0.9446261435787436
1,127,0.9526840301879133
1,128,0.7384780904846543
1,129,0.9670267320667599
1,130,0.9924092451611336
1,131,0.9984799293565094
1,132,0.9979363848214468
1,133,0.9508710675378873
1,134,0.9705936821641798
1,135,0.8419767913271394
1,136,0.9697746452929336
1,137,0.9634207054930217
1,138,0.9003185639942192
1,139,0.9958803253018942
1,140,0.8878291278462015
1,141,0.9708785300534123
1,142,0.9465252977889949
1,143,0.9909498090430159
1,144,0.9814101461451314
1,145,0.9593889060022804
1,146,0.9625683232399178
1,147,0.9387588715919236
1,148,0.9486280380245404
1,149,0.9676156755538746
1,150,0.9956697036314368
1,151,0.9759081152223801
1,152,0.8499182792478424
1,153,0.8694958949687243
1,154,0.8256654324752354
1,155,0.8162983406059481
1,156,0.9992756187918228
1,157,0.9968015199049924
1,158,0.9090178512110113
1,159,0.9768383757555046
1,160,0.9919126324049664
1,161,0.9218164683956558
1,162,0.8177896668503835
1,163,0.9043385060124817
1,164,0.9664393446208802
1,165,0.8096842704655123
1,166,0.9912164946745955
1,167,0.8424450337790886
1,168,0.9577382959037339
1,169,0.9998777816243354
1,170,0.7057621091485448
1,171,0.994887810606056
1,172,0.9990363041049825
1,173,0.9986833539961677
1,174,0.9451308714602571
1,175,0.9675491289424729
1,176,0.9978931808172894
1,177,0.9930154362865694
1,178,0.9154410578972436
1,179,0.8737816970477391
1,180,0.9972429342167612
1,181,0.9332541757289792
1,182,0.9484547296400182
1,183,0.9430341927494712
1,184,0.9951712821562753
1,185,0.7727363535323877
1,186,0.9874010055137076
1,187,0.9991245833007647
1,188,0.9062200765733577
1,189,0.9689539881861632
1,190,0.9779744084718026
1,191,0.9867879302124261
1,192,0.9813391002459576
1,193,0.9501247257135758
1,194,0.9598134071686516
1,195,0.9142516072236294
1,196,0.9882659134662221
1,197,0.9474619544904372
1,198,0.9995529811251251
1,199,0.9227806993374853
1,200,0.9547317437426269
1,201,0.9612655072574461
1,202,0.9967671254074213
1,203,0.8152248356593068
1,204,0.9726091625990689
1,205,0.7572396394683795
1,206,0.9974366271021289
1,207,0.9895155793724768
1,208,0.9804668211599876
1,209,0.9993425218030292
1,210,0.9857451481294391
1,211,0.9959854452284688
1,212,0.9233790789742679
1,213,0.9804345369562801
1,214,0.9998656416057272
1,215,0.9697114136451377
1,216,0.99693324808061
1,217,0.9817506094025271
1,218,0.9203930034867026
1,219,0.914487620265909
1,220,0.9908975511300064
1,221,0.9701956093439289
1,222,0.9765691314932803
1,223,0.9613355353508011
1,224,0.9741038874584411
1,225,0.9966682739614033
1,226,0.9751225825374106
1,227,0.9923248020321369
1,228,0.9889152643964777
1,229,0.9758826106460822
1,230,0.9591618001933225
1,231,0.9926781846456015
1,232,0.9655348180379255
1,233,0.9083059220401745
1,234,0.8261502502223353
1,235,0.9801273928498877
1,236,0.9522704510213124
1,237,0.9051148141899841
1,238,0.9978136215633284
1,239,0.9762701977357137
1,240,0.9999567774028392
1,241,0.8153571101197582
1,242,0.9814114541552311
1,243,0.9996491666900054
1,244,0.9970503840836263
1,245,0.9940399529990893
1,246,0.9999636812309701
1,247,0.9505171064857161
1,248,0.9959653860406313
1,249,0.9812822159971323
1,250,0.9728014221390432
1,251,0.9924359840810871
1,252,0.9991587612751298
1,253,0.9726079879272108
1,254,0.9923879506363602
1,255,0.9661412524619871
1,256,0.9974005100849107
1,257,0.9310803453457287
1,258,0.9133330432575313
1,259,0.9230547376999633
1,260,0.9633307394467587
1,261,0.9473232402021492
1,262,0.9766439217692032
1,263,0.9911222538781097
1,264,0.8692310611260196
1,265,0.976684584140933
1,266,0.9744518687627123
1,267,0.7595849445850297
1,268,0.9999716322554275
1,269,0.9400395499497276
1,270,0.9775374408242157
1,271,0.9827443371505764
1,272,0.8742787558209142
1,273,0.9457446206212057
1,274,0.9794465073511035
1,275,0.9829999260730454
1,276,0.9994271873188917
1,277,0.9848610043088227
1,278,0.9862324387007895
1,279,0.9587046673441905
1,280,0.9999180634050785
1,281,0.8288030598083044
1,282,0.9870903657891879
1,283,0.9834025201760611
1,284,0.9750265623265988
1,285,0.9649534738727354
1,286,0.8751669223144759
1,287,0.9984613192639419
1,288,0.9996626656697309
1,289,0.9158688148727896
1,290,0.9831474724512659
1,291,0.8998936204649686
1,292,0.9383024167839349
1,293,0.9622289044113177
1,294,0.9825995382535538
1,295,0.912380104470886
1,296,0.9883270314158159
1,297,0.9991262530366048
1,298,0.9981902493131062
1,299,0.9985105951949238
1,300,0.9978937799573423
1,301,0.9688891956258014
1,302,0.9802981934854587
1,303,0.9894141089299144
1,304,0.9999983927209894
1,305,0.9072890505506405
1,306,0.999459275260511
1,307,0.9469985262640778
1,308,0.9652996785618941
1,309,0.88867511317694
1,310,0.9925589990171724
1,311,0.709803913740252
1,312,0.9388614139674636
1,313,0.9934870405411653
1,314,0.9932267390283127
1,315,0.9927792931064134
1,316,0.9913288017810681
1,317,0.9746157444585293
1,318,0.9978905324164222
1,319,0.9814422021123543
1,320,0.9025972380904431
1,321,0.9316748931993819
1,322,0.9803562145421048
1,323,0.9854672457072929
1,324,0.9938561451724149
1,325,0.9357335719592749
1,326,0.9216118045481188
1,327,0.9469775655637749
1,328,0.9730860676598913
1,329,0.9705853867285112
1,330,0.9983773298946769
1,331,0.9985608695513727
1,332,0.9322230979157551
1,333,0.998683056371668
1,334,0.9457274228631942
1,335,0.9901993061825762
1,336,0.9492569518595262
1,337,0.9775378929891002
1,338,0.9172787012157829
1,339,0.9534013230431677
1,340,0.9883034326097214
1,341,0.8738577373149344
1,342,0.9990111453826662
1,343,0.9821335298677522
1,344,0.957035271155168
1,345,0.9955908310330213
1,346,0.9454670029770097
1,347,0.9103071426100013
1,348,0.9806540504584805
1,349,0.9557356890801547
1,350,0.9926722215902906
1,351,0.9079988884119653
1,352,0.9482403733013435
1,353,0.7889495728988637
1,354,0.8851060719498157
1,355,0.977040365116205
1,356,0.9496265237623274
1,357,0.8990229581492675
1,358,0.9412912538785333
1,359,0.9877647434816313
1,360,0.9981191310057034
1,361,0.9390257001355427
1,362,0.9903690182281153
1,363,0.9707674301214773
1,364,0.9667919974343508
1,365,0.9356112148502707
1,366,0.9681890839469292
1,367,0.9998473318641707
1,368,0.9999973193850922
1,369,0.9645706803764555
1,370,0.8843377195673016
1,371,0.9999951104714777
1,372,0.9297617524994011
1,373,0.9860711974912046
1,374,0.9474625211761304
1,375,0.9858824238572865
1,376,0.9958121892940942
1,377,0.8492589798132609
1,378,0.9895249914114459
1,379,0.9779935665555857
1,380,0.9393266907369894
1,381,0.9335326250766708
1,382,0.9656854247470127
1,383,0.9890546583660603
1,384,0.9984431451043796
1,385,0.9899300397050831
1,386,0.8956548321550845
1,387,0.9990697541331038
1,388,0.9980144034265109
1,389,0.9475231128888705
1,390,0.9885038089237665
1,391,0.8522025789641106
1,392,0.9659866905149583
1,393,0.990453271154122
1,394,0.943881731449559
1,395,0.99957726466464
1,396,0.9937488060135574
1,397,0.9641452348848214
1,398,0.9787211798590734
1,399,0.9614097255567193
1,400,0.9397776426047765
1,401,0.9557706875559967
1,402,0.9684901983589799
1,403,0.9901402295856363
1,404,0.9971325364192649
1,405,0.9252703454116141
1,406,0.9807883756695399
1,407,0.9003350261903292
1,408,0.9959573007233812
1,409,0.9996589827916291
1,410,0.9344789603976056
1,411,0.9627135410855259
1,412,0.9232101372549444
1,413,0.9366574511324207
1,414,0.9605214939339611
1,415,0.9390792717521481
1,416,0.9779502762263561
1,417,0.8474248531972729
1,418,0.938297399112362
1,419,0.9326347561456929
1,420,0.923631793771525
1,421,0.9424246441322004
1,422,0.9568787324698237
1,423,0.6269284779415154
1,424,0.974591250866798
1,425,0.9386809407489477
1,426,0.9741219910616865
1,427,0.9966426507071138
1,428,0.8695805698373066
1,429,0.9581934465020973
1,430,0.9774295709188228
1,431,0.9008473092956931
1,432,0.9662011846345513
1,433,0.6658437059263891
1,434,0.9090034031879893
1,435,0.9579388978931022
1,436,0.9936201984972431
1,437,0.8713659503793254
1,438,0.99994029327805
1,439,0.9008150976262247
1,440,0.9901578162026624
1,441,0.9831429095778189
1,442,0.9988467153606542
1,443,0.7267908519919434
1,444,0.9999075330002243
1,445,0.9950661539834783
1,446,0.9792651159482473
1,447,0.843482435966923
1,448,0.9849075881424995
1,449,0.9628614918207052
1,450,0.9968266247030366
1,451,0.9583178987049648
1,452,0.9607187782175652
1,453,0.9824538572044409
1,454,0.8815548967291559
1,455,0.944756909999497
1,456,0.9166679201176486
1,457,0.972358823762519
1,458,0.9612120239793186
1,459,0.9888929551017002
1,460,0.9980706663348972
1,461,0.9998091738785826
1,462,0.9805094605108924
1,463,0.9887182531454208
1,464,0.8859637895281383
1,465,0.8901797566790256
1,466,0.9813463000648054
1,467,0.9950382190308241
1,468,0.9923672871013924
1,469,0.9716667517533055
1,470,0.9750820007607592
1,471,0.966779139506446
1,472,0.9535080361131373
1,473,0.9954467364616633
1,474,0.959855501877713
1,475,0.9120647280738287
1,476,0.9726940626029091
1,477,0.9988166323114464
1,478,0.9593961852058015
1,479,0.999285777558971
1,480,0.9765721694170643
1,481,0.9740037184513987
1,482,0.9996890196372188
1,483,0.9894719923584131
1,484,0.8884909096062305
1,485,0.9779345571718104
1,486,0.9550637739762805
1,487,0.8825755056371412
1,488,0.9430789016400687
1,489,0.9389314026396359
1,490,0.9773008669918025
1,491,0.9484621157287777
1,492,0.9712812704368368
1,493,0.8112416416871638
1,494,0.9825082523896526
1,495,0.9541365367885016
1,496,0.9511118598272412
1,497,0.742968532644558
1,498,0.7132236286882068
1,499,0.9974702578633448
1,500,0.9818906078063379
1,501,0.9823695841811747
1,502,0.8344844037312965
1,503,0.8464574180148466
1,504,0.9024188426401046
1,505,0.998807630205865
1,506,0.9935468463689142
1,507,0.9558945876899677
1,508,0.9722964353520096
1,509,0.9563922881686754
1,510,0.9342125688566466
1,511,0.9535934548941494
1,512,0.9385367648804172
1,513,0.8846515150183368
1,514,0.9611065979442269
1,515,0.8994114585576299
1,516,0.9521537515543027
1,517,0.9286724068862264
1,518,0.9266969976451904
1,519,0.9707476645127173
1,520,0.9847431645561425
1,521,0.9644170071650126
1,522,0.9533730437447371
1,523,0.944298327384164
1,524,0.9529671208219962
1,525,0.9919334550508049
1,526,0.7695360570386119
1,527,0.9229784866628813
1,528,0.8892655356774548
1,529,0.8965924543937426
1,530,0.8669146879812396
1,531,0.9043666248263036
1,532,0.9225921662587419
1,533,0.974015050413914
1,534,0.9432273111570346
1,535,0.9997917825077967
1,536,0.8922585884074061
1,537,0.9979066760591192
1,538,0.8502845820798335
1,539,0.9670101198463256
1,540,0.9985512021098544
1,541,0.9996920432315308
1,542,0.9239219894550877
1,543,0.9619503684758404
1,544,0.9952014986184865
1,545,0.9476462620789914
1,546,0.9938571232366817
1,547,0.7805109539991321
1,548,0.7662931699148612
1,549,0.8097142123634088
1,550,0.872500564352772
1,551,0.9325762269587363
1,552,0.9666533196876534
1,553,0.9999317612958709
1,554,0.9984155735582664
1,555,0.938191436799256
1,556,0.9458134989898934
1,557,0.995436444039928
1,558,0.9682311908074915
1,559,0.8509162098803923
1,560,0.9834765705248328
1,561,0.9955184326271416
1,562,0.9759501650017254
1,563,0.9698520494342879
1,564,0.9915564274635144
1,565,0.9999998805332956
1,566,0.9684735024675171
1,567,0.9470252522971108
1,568,0.9997112306144401
1,569,0.9315729094866976
1,570,0.8780226550938883
1,571,0.9319665739110604
1,572,0.9607763455328736
1,573,0.993796514833147
1,574,0.828171957632958
1,575,0.9859132796698287
1,576,0.9584800808199336
1,577,0.7802240895362105
1,578,0.9660169659265974
1,579,0.8581667636956684
1,580,0.998119902051747
1,581,0.9950872532863622
1,582,0.9760810235106422
1,583,0.8490555298546556
1,584,0.9989497123357053
1,585,0.7405554483654405
1,586,0.8792025617815048
1,587,0.9666358802705912
1,588,0.8712225704212564
1,589,0.9757125718897022
1,590,0.99926732643621
1,591,0.8949008852191692
1,592,0.9809238106245224
1,593,0.9400656422670184
1,594,0.975340129959636
1,595,0.9967523818045849
1,596,0.9876075801622392
1,597,0.8270466114743503
1,598,0.9999971798240884
1,599,0.9999868282654617
1,600,0.9978779748996387
1,601,0.9999272256404815
1,602,0.9050728218005075
1,603,0.8652390291211299
1,604,0.9208077992769393
1,605,0.9011021067718783
1,606,0.9997863841387985
1,607,0.7825078566126098
1,608,0.9948234142935586
1,609,0.9649797554766312
1,610,0.9761490117880046
1,611,0.9130272849281629
1,612,0.962899289827952
1,613,0.950997442804655
1,614,0.9996647243919844
1,615,0.999413197369639
1,616,0.9579556230646551
1,617,0.8880026976271798
1,618,0.9976054828800945
1,619,0.9960580998241563
1,620,0.9430645940860308
1,621,0.9952130980739028
1,622,0.8892428498961605
1,623,0.945318402927853
1,624,0.9841138688363333
1,625,0.9834378516709954
1,626,0.9946113248793456
1,627,0.9778836937029952
1,628,0.9645276749259266
1,629,0.9945177779329637
1,630,0.9907968638355297
1,631,0.9969837260225828
1,632,0.9901896444908262
1,633,0.9830108283834814
1,634,0.9986626232108803
1,635,0.9494222257815884
1,636,0.9939111568814981
1,637,0.9766655228932459
1,638,0.9760649720068922
1,639,0.9760742272560069
1,640,0.9552707706845774
1,641,0.9994657538290286
1,642,0.9939660822356516
1,643,0.8902805602197803
1,644,0.9591362764789357
1,645,0.9553311375609463
1,646,0.9113142508702815
1,647,0.995854107717388
1,648,0.999579711020745
1,649,0.9934622888199713
1,650,0.9977351192769413
1,651,0.9271193540808038
1,652,0.996831435101401
1,653,0.9964668536070089
1,654,0.9992842872903699
1,655,0.9407275883750909
1,656,0.9952377949045231
1,657,0.9927974711021826
1,658,0.9700083981141601
1,659,0.8893853514097944
1,660,0.9982521107910501
1,661,0.9177739523167842
1,662,0.7790930735679336
1,663,0.9927439940537033
1,664,0.940050042472462
1,665,0.9984762009666492
1,666,0.9994991177472585
1,667,0.9258075532742377
1,668,0.9530282787536809
1,669,0.9687233265141998
1,670,0.9856344520904872
1,671,0.9911533943512664
1,672,0.9264554934553431
1,673,0.9830737966553946
1,674,0.9432343681406821
1,675,0.9168338597465931
1,676,0.9908817083730882
1,677,0.9805520887205833
1,678,0.9514930204242774
1,679,0.9756446743516811
1,680,0.9789367198126561
1,681,0.9472621151566728
1,682,0.9657744084845905
1,683,0.9870025071421887
1,684,0.9795013686120944
1,685,0.8809301153706952
1,686,0.9515968637670135
1,687,0.8701958844797696
1,688,0.9895249630030523
1,689,0.9548468402261892
1,690,0.8712470354521055
1,691,0.9604111222221834
1,692,0.949217584604135
1,693,0.9803132810254996
1,694,0.8775796419960342
1,695,0.9678100446179978
1,696,0.9994630214056955
1,697,0.9084797137119788
1,698,0.967955842936888
1,699,0.9641903839262981
1,700,0.9599740851791074
1,701,0.9443996699517885
1,702,0.9017476396372714
1,703,0.9823203586960285
1,704,0.8282276419065873
1,705,0.6906583143886931
1,706,0.8309748815897289
1,707,0.8364948535962456
1,708,0.9196391553205329
1,709,0.9985311919101052
1,710,0.975298401949732
1,711,0.9888592071554887
1,712,0.9978548562233243
1,713,0.9996443203954545
1,714,0.9855054000562022
1,715,0.9894934657875912
1,716,0.9966587075014863
1,717,0.997139618320411
1,718,0.9866980147912577
1,719,0.9540897223429236
1,720,0.8959887877019157
1,721,0.9627854483924722
1,722,0.9514692510221117
1,723,0.7954642594568154
1,724,0.9441510698846279
1,725,0.9927023881919768
1,726,0.9710941744682129
1,727,0.9619396465623078
1,728,0.8078640368693751
1,729,0.9905331893482167
1,730,0.9553589127409742
1,731,0.9646338370437183
1,732,0.9633999517740779
1,733,0.9951226358731039
1,734,0.968165458357892
1,735,0.9944493053504984
1,736,0.9416316429474637
1,737,0.9861070962175009
1,738,0.8455523954232312
1,739,0.8820000601905997
1,740,0.99245208511624
1,741,0.8883198508734093
1,742,0.9149278548323587
1,743,0.9836061637651219
1,744,0.8961630936185518
1,745,0.7629642383064957
1,746,0.9095790610077463
1,747,0.9767335406717081
1,748,0.9525873119311069
1,749,0.9430167358204272
1,750,0.9890418285992305
1,751,0.9607622192474489
1,752,0.9498788110564379
1,753,0.9097326421823083
1,754,0.9012490470092744
1,755,0.8434504066585772
1,756,0.9874519676242184
1,757,0.9978478991741722
1,758,0.9870919946448325
1,759,0.9960951058420207
1,760,0.9743747968141913
1,761,0.9937609737092483
1,762,0.9415081391117852
1,763,0.9908425288811887
1,764,0.9974253202610748
1,765,0.9536949737495235
1,766,0.8439304047496755
1,767,0.8566531352146544
1,768,0.9903339840668225
1,769,0.8955953210222528
1,770,0.9040963430622834
1,771,0.9359177710859696
1,772,0.8795051755429563
1,773,0.9999461939873034
1,774,0.9670282193145562
1,775,0.9855975405591837
1,776,0.9634621699088092
1,777,0.9947108210192388
1,778,0.9700500608223199
1,779,0.9717291925849144
1,780,0.9318810374811777
1,781,0.9842276687644358
1,782,0.99859083518328
1,783,0.9908081144584949
1,784,0.9910472804557212
1,785,0.9990018112446826
1,786,0.9169613308774086
1,787,0.9882289357132761
1,788,0.9974378954145412
1,789,0.9764175038508383
1,790,0.9796928887535792
1,791,0.9892784989829155
1,792,0.9858929771113034
1,793,0.9718950021433317
1,794,0.9436133424685157
1,795,0.9927949365148038
1,796,0.9377599832470078
1,797,0.9686187862368643
1,798,0.9557909202531867
1,799,0.9298968356715244
1,800,0.9949133729440739
1,801,0.9981105431317363
1,802,0.9878754793648645
1,803,0.959365897983288
1,804,0.9577693539889369
1,805,0.8998574698747532
1,806,0.8721699098812677
1,807,0.8592716105171977
1,808,0.8625438843667318
1,809,0.9558827210601875
1,810,0.9999993727282687
1,811,0.9777435876316154
1,812,0.950904286137807
1,813,0.9529506870035281
1,814,0.9265421979478147
1,815,0.8687155914653857
1,816,0.9995354553533954
1,817,0.9764975774928099
1,818,0.9911764648600165
1,819,0.9996009528483003
1,820,0.9647682048530539
1,821,0.9272229088107572
1,822,0.985911968685587
1,823,0.8718013436269627
1,824,0.7316424603843611
1,825,0.9999646216365351
1,826,0.856237837807582
1,827,0.8780079727289786
1,828,0.9734910034297433
1,829,0.9896264579371025
1,830,0.9999003525142259
1,831,0.9856485988925822
1,832,0.9552280646967921
1,833,0.9127969014878804
1,834,0.9101940164653722
1,835,0.9437009268406403
1,836,0.9439993587176694
1,837,0.9959490621365562
1,838,0.9981138834357982
1,839,0.981937601932178
1,840,0.9718344745104659
1,841,0.9562235710039417
1,842,0.9730801347879297
1,843,0.8478828227702009
1,844,0.9868871022351491
1,845,0.8910481070600982
1,846,0.9901359684746129
1,847,0.9606504907664097
1,848,0.9925864322164091
1,849,0.9747125764791776
1,850,0.9818540048538552
1,851,0.9624767375510204
1,852,0.8566474640717312
1,853,0.9986535724124209
1,854,0.9461639730845761
1,855,0.9888562570981619
1,856,0.9972529815643132
1,857,0.9989314731627924
1,858,0.988337913313499
1,859,0.9762169402181442
1,860,0.9663155407843305
1,861,0.9708325267031538
1,862,0.9994929150746222
1,863,0.939479951711721
1,864,0.9782390025555804
1,865,0.9230700674504988
1,866,0.8557556533463664
1,867,0.8921872256253554
1,868,0.9109224063760303
1,869,0.8925353011910443
1,870,0.9904438298492322
1,871,0.9897207244210441
1,872,0.9165855363312801
1,873,0.9633478826775876
1,874,0.949970431846786
1,875,0.9970751778018201
1,876,0.9556029432783218
1,877,0.9990829478215948
1,878,0.9368929056891869
1,879,0.9648798236484417
1,880,0.9514965425660371
1,881,0.8039374599157848
1,882,0.9981513946391286
1,883,0.919505768264316
1,884,0.996497415452934
1,885,0.9996263484379124
1,886,0.9997176794258263
1,887,0.9753370673907218
1,888,0.9518478271885397
1,889,0.9981435665428208
1,890,0.9944571322092931
1,891,0.972670951857816
1,892,0.8790318886615517
1,893,0.9171454395835988
1,894,0.9406386926542752
1,895,0.876052978388832
1,896,0.9504374177319006
1,897,0.9515784090348888
1,898,0.9957991855205549
1,899,0.9703141127489238
1,900,0.9510163431463518
1,901,0.9678385407642113
1,902,0.9587117414299061
1,903,0.9947092489481163
1,904,0.9721483896964223
1,905,0.9186519811185349
1,906,0.9199293147231773
1,907,0.9928381279640258
1,908,0.9553403582449362
1,909,0.9904885687176952
1,910,0.9090255751781705
1,911,0.9689423172831312
1,912,0.9600314590102338
1,913,0.9851278026421428
1,914,0.8575136100503563
1,915,0.9941306616427897
1,916,0.8528039208791709
1,917,0.8543713427213843
1,918,0.9855495103108496
1,919,0.9711407620719694
1,920,0.8613452408937168
1,921,0.868396876664868
1,922,0.9004993082050654
1,923,0.9502344330250592
1,924,0.9999818724702554
1,925,0.9886210094432202
1,926,0.9822681970866373
1,927,0.9594188409574447
1,928,0.9777486228235212
1,929,0.9996489399106204
1,930,0.8957542624600671
1,931,0.9452636981541799
1,932,0.9943701854498368
1,933,0.9322654662853234
1,934,0.9603855531613603
1,935,0.9875384325800406
1,936,0.9833976214222775
1,937,0.9773767472248435
1,938,0.9720600734392952
1,939,0.9245752822505395
1,940,0.9614926498599273
1,941,0.9668817232747247
1,942,0.9920645372721294
1,943,0.9972827840711989
1,944,0.9878213748209809
1,945,0.9276878930825777
1,946,0.9824411071215305
1,947,0.9261803499066922
1,948,0.9466971083500024
1,949,0.8839352911439888
1,950,0.9999886657440341
1,951,0.9877625758543
1,952,0.9743367710592072
1,953,0.9929173213641223
1,954,0.9799432499648909
1,955,0.9324640639151381
1,956,0.9835458785502964
1,957,0.9686131902166732
1,958,0.9850654954144932
1,959,0.8294124778509185
1,960,0.9995054611314287
1,961,0.9117167057945903
1,962,0.9995075316430556
1,963,0.9720211307537178
1,964,0.9385593954184884
1,965,0.9992480018008313
1,966,0.8952669219750206
1,967,0.9989592149486296
1,968,0.995960450810974
1,969,0.9496751300084532
1,970,0.9584776297097596
1,971,0.9875988140015824
1,972,0.9905257482388721
1,973,0.9487411798442991
1,974,0.9906138419556054
1,975,0.9984486554084067
1,976,0.9815324915224234
1,977,0.9977277507483083
1,978,0.9824872500951484
1,979,0.9656654210883744
1,980,0.9991597984380882
1,981,0.9208961639173223
1,982,0.9969363585483263
1,983,0.9907469506916702
1,984,0.9117362044664321
1,985,0.9556178856796718
1,986,0.9493522501313465
1,987,0.9884029293200735
1,988,0.9223071926035539
1,989,0.9998973226759582
1,990,0.9270039977861728
1,991,0.9932992967974107
1,992,0.9856187660588775
1,993,0.9063549133646526
1,994,0.9973517891998978
1,995,0.917224340856337
1,996,0.9978819099144767
1,997,0.9051363226849609
1,998,0.9664208146669159
1,999,0.9999782488879981
1,1000,0.9537494793482171
1,1001,0.9933751374817208
1,1002,0.8503970967353821
1,1003,0.9908846955783669
1,1004,0.9853424493036349
1,1005,0.9920274517602801
1,1006,0.9991363922818762
1,1007,0.916655404009506
1,1008,0.8917629146183982
1,1009,0.7972737070224339
1,1010,0.926666860060323
1,1011,0.9979115877397685
1,1012,0.9477783445833544
1,1013,0.9947140493577242
1,1014,0.7391575343383872
1,1015,0.9985864667012017
1,1016,0.9999346835715549
1,1017,0.9364997382467108
1,1018,0.9600055292836779
1,1019,0.9738878879398144
1,1020,0.9530749428329381
1,1021,0.9521398510232726
1,1022,0.9928031338271616
1,1023,0.9923115844070804
1,1024,0.958400801661014
1,1025,0.8773910715571274
1,1026,0.9995673175511879
1,1027,0.9964864684884017
1,1028,0.989027301145286
1,1029,0.970018144137253
1,1030,0.9905493327485184
1,1031,0.9721749242702533
1,1032,0.9986010035260521
1,1033,0.9973964442523822
1,1034,0.9640822137925622
1,1035,0.5325227739496253
1,1036,0.9052848067407094
1,1037,0.9685614459933515
1,1038,0.8767988138975724
1,1039,0.9486774322433996
1,1040,0.9907490121395569
1,1041,0.9983575729508922
1,1042,0.9955224315723596
1,1043,0.9452081651077389
1,1044,0.8461948784507627
1,1045,0.9932341600169592
1,1046,0.9764191433676087
1,1047,0.9909739029997271
1,1048,0.9803301238662611
1,1049,0.7524792670324516
1,1050,0.9314078900806353
1,1051,0.9889362047297818
1,1052,0.999217011028851
1,1053,0.98948422926044
1,1054,0.9980842872271902
1,1055,0.8388664540467097
1,1056,0.9512358319143224
1,1057,0.918831477017276
1,1058,0.9978865053690785
1,1059,0.997987365029898
1,1060,0.9904916006585972
1,1061,0.8226605169642404
1,1062,0.9818544827693645
1,1063,0.926188680695688
1,1064,0.999186300565695
1,1065,0.91770667800393
1,1066,0.9778374740480347
1,1067,0.9352141907357977
1,1068,0.9938453243940377
1,1069,0.9626919704688212
1,1070,0.9909532027931399
1,1071,0.9839702518542612
1,1072,0.9999731147411993
1,1073,0.953074129997197
1,1074,0.98485817841598
1,1075,0.9584507573838478
1,1076,0.9891889455549123
1,1077,0.9999913372593945
1,1078,0.9950121259032259
1,1079,0.9912271458423607
1,1080,0.9721573651134767
1,1081,0.963967478387288
1,1082,0.9397476188556343
1,1083,0.9848650437310585
1,1084,0.7547192653843758
1,1085,0.9871527944677294
1,1086,0.9957374318428455
1,1087,0.9462156236834597
1,1088,0.9737857324619293
1,1089,0.9981604733519485
1,1090,0.9270674426824161
1,1091,0.6169438682358546
1,1092,0.9856207010669914
1,1093,0.9852360277668696
1,1094,0.9850408611693523
1,1095,0.9984968028872246
1,1096,0.8429748447113468
1,1097,0.9621565174836314
1,1098,0.9861946343052442
1,1099,0.9956559529259162
1,1100,0.750213767665375
1,1101,0.8187112733770961
1,1102,0.873211031397562
1,1103,0.9587219575018193
1,1104,0.9677475424575191
1,1105,0.9882951754832877
1,1106,0.9663408636205916
1,1107,0.9666618667842307
1,1108,0.9350319855375062
1,1109,0.9556907179918361
1,1110,0.9640539824163258
1,1111,0.9866723986799553
1,1112,0.9704049254619477
1,1113,0.9319766809851635
1,1114,0.8643767986012718
1,1115,0.9197988883254441
1,1116,0.9527648273404795
1,1117,0.8712178727243957
1,1118,0.8715269208145543
1,1119,0.9267987327086106
1,1120,0.9894650000295507
1,1121,0.9738294723401307
1,1122,0.8902636727506007
1,1123,0.9173817584003376
1,1124,0.9796542266560718
1,1125,0.8134727653516067
1,1126,0.9497729505882117
1,1127,0.9869147806228034
1,1128,0.9347675578920303
1,1129,0.9366673062486747
1,1130,0.881526130360725
1,1131,0.7822548438243463
1,1132,0.9044296095688932
1,1133,0.9900988944640824
1,1134,0.9411065491927958
1,1135,0.9999769122233088
1,1136,0.9604291798249762
1,1137,0.9997265395525414
1,1138,0.9479727921093162
1,1139,0.965449479909353
1,1140,0.9430514787776721
1,1141,0.924951917851086
1,1142,0.8460330148956173
1,1143,0.9951581857753632
1,1144,0.9177899621700183
1,1145,0.8980568010003118
1,1146,0.9985938442654672
1,1147,0.7474521364469747
1,1148,0.8951983079641631
1,1149,0.9985896079779802
1,1150,0.9576331748037477
1,1151,0.8695787780730819
1,1152,0.9313574111655604
1,1153,0.9556848229193482
1,1154,0.970737261155127
1,1155,0.8083528848478817
1,1156,0.9859687056294102
1,1157,0.9437816177967074
1,1158,0.9641903885103693
1,1159,0.9160542575004648
1,1160,0.9897455314082458
1,1161,0.9651683644851629
1,1162,0.9571021813964178
1,1163,0.9867507986908851
1,1164,0.9815983577061477
1,1165,0.8944000393884546
1,1166,0.8898450718237797
1,1167,0.8478322034303833
1,1168,0.788845640519905
1,1169,0.9990238714927315
1,1170,0.9065007531128607
1,1171,0.9466538196893571
1,1172,0.9085551899187319
1,1173,0.9966496227691645
1,1174,0.9999953648316146
1,1175,0.9877998294784722
1,1176,0.7812142605720808
1,1177,0.9999363504441106
1,1178,0.9345140475698385
1,1179,0.926481756134486
1,1180,0.7590626951176777
1,1181,0.9467364796990875
1,1182,0.9434760017779809
1,1183,0.9702763244983292
1,1184,0.998116164137152
1,1185,0.8930284426176562
1,1186,0.8355174784207611
1,1187,0.9589395967221827
1,1188,0.9391745845175387
1,1189,0.7142764212150374
1,1190,0.9863161222713038
1,1191,0.9964012921936652
1,1192,0.9850335021170082
1,1193,0.9928179204344966
1,1194,0.9939277437682131
1,1195,0.958340172831214
1,1196,0.7533260896802467
1,1197,0.9381318760611862
1,1198,0.8985974248307164
1,1199,0.9962180701298172
1,1200,0.9582749951650571
1,1201,0.9830100252341317
1,1202,0.9399644481443827
1,1203,0.9209971843203141
1,1204,0.8828899828622934
1,1205,0.9964966573312268
1,1206,0.7937245811970225
1,1207,0.9950390947108033
1,1208,0.8833863652461382
1,1209,0.841686980122659
1,1210,0.9833618839949944
1,1211,0.7232979103794299
1,1212,0.9999637486684824
1,1213,0.9952816715270539
1,1214,0.9997094940308046
1,1215,0.7971914670449594
1,1216,0.997827369886124
1,1217,0.9494260279993635
1,1218,0.9800234614319663
1,1219,0.9910936994488891
1,1220,0.9305227081854122
1,1221,0.998833360399559
1,1222,0.9829085323612425
1,1223,0.9833891187003205
1,1224,0.9803285743082831
1,1225,0.9982890384527916
1,1226,0.9131451117077677
1,1227,0.9964379086644
1,1228,0.821860908739889
1,1229,0.8885403913362114
1,1230,0.9942709469284949
1,1231,0.8421528099404724
1,1232,0.9999555880077982
1,1233,0.9406321409686526
1,1234,0.9812792366086522
1,1235,0.892827358156073
1,1236,0.9838012919751922
1,1237,0.9272890406260141
1,1238,0.7856526092821131
1,1239,0.9795740541636778
1,1240,0.9993265072216617
1,1241,0.9785294540123934
1,1242,0.951653644727826
1,1243,0.8999823379218412
1,1244,0.6759376387984016
1,1245,0.9343397639769818
1,1246,0.9969928195673489
1,1247,0.9732613702788074
1,1248,0.9923346768465563
1,1249,0.9995564287208686
1,1250,0.9591848368850076
1,1251,0.9847666822304195
1,1252,0.9884937303971042
1,1253,0.9555391562771598
1,1254,0.813648134242723
1,1255,0.9034576354638044
1,1256,0.9975426479138939
1,1257,0.9646245945335521
1,1258,0.9802315663781905
1,1259,0.951168883365811
1,1260,0.9644442683495578
1,1261,0.7311844932415525
1,1262,0.9905158282461083
1,1263,0.9491137089370489
1,1264,0.9973258639943087
1,1265,0.9616321257710199
1,1266,0.8282974586485207
1,1267,0.9976162159665388
1,1268,0.9252836477709752
1,1269,0.980855046991473
1,1270,0.9999556410135463
1,1271,0.9996025556016833
1,1272,0.9804044658130054
1,1273,0.9354199633833084
1,1274,0.6676595720759668
1,1275,0.9400783335836025
1,1276,0.93991221122555
1,1277,0.9133466828184498
1,1278,0.8122428138093334
1,1279,0.9406697713491997
1,1280,0.9998439507005374
1,1281,0.9921728553388204
1,1282,0.9087883060495867
1,1283,0.9992662386739106
1,1284,0.9152139378643807
1,1285,0.9964959065582379
1,1286,0.8689147590447514
1,1287,0.9906917873459233
1,1288,0.9142844419346221
1,1289,0.9414645180386124
1,1290,0.9153791687699242
1,1291,0.9386033689633265
1,1292,0.9988572511256885
1,1293,0.9401651223381025
1,1294,0.9755818144036166
1,1295,0.9049030422113957
1,1296,0.9693180202648282
1,1297,0.91568692885691
1,1298,0.8865430480185671
1,1299,0.9590631827425729
1,1300,0.9258074469139684
1,1301,0.9668105062544508
1,1302,0.9601621203244479
1,1303,0.9858942634191067
1,1304,0.7748689760728795
1,1305,0.9148721969021113
1,1306,0.9973831734838123
1,1307,0.9292443906759383
1,1308,0.850773381925681
1,1309,0.9974851550366526
1,1310,0.9992094581415042
1,1311,0.9025959265951011
1,1312,0.9062805459862115
1,1313,0.9915022952765885
1,1314,0.9547770985834308
1,1315,0.9508974680715034
1,1316,0.7449958846068144
1,1317,0.8244014397922664
1,1318,0.9906765488096991
1,1319,0.9054806193774076
1,1320,0.9791354661877757
1,1321,0.9586692461455445
1,1322,0.9732749473498399
1,1323,0.9948213188946121
1,1324,0.8064811164046204
1,1325,0.9655693918427247
1,1326,0.9583828202859361
1,1327,0.9844620165428523
1,1328,0.9684934316842699
1,1329,0.9690177796169854
1,1330,0.9504960998663872
1,1331,0.9789647651052077
1,1332,0.999178621417793
1,1333,0.9050109503746563
1,1334,0.9995010293312119
1,1335,0.9612222241635835
1,1336,0.8797854844795203
1,1337,0.9412248239531786
1,1338,0.8648616002742459
1,1339,0.9939633233991554
1,1340,0.9640178374180403
1,1341,0.9454799165399274
1,1342,0.9961724466227864
1,1343,0.9875289910128169
1,1344,0.5604507454971899
1,1345,0.940781994333364
1,1346,0.9971378175806924
1,1347,0.984160219785881
1,1348,0.94158924197515
1,1349,0.9661088588981726
1,1350,0.9947618964892001
1,1351,0.9624115557208983
1,1352,0.88320966571677
1,1353,0.9155127800932218
1,1354,0.767932975079196
1,1355,0.9805087353240507
1,1356,0.907367468707708
1,1357,0.971849516828095
1,1358,0.9799612905324628
1,1359,0.9500375024429527
1,1360,0.9719499048269062
1,1361,0.9670993546030027
1,1362,0.5494835858138539
1,1363,0.8138234275052291
1,1364,0.8734061709800359
1,1365,0.9646883915632012
1,1366,0.9620322217553264
1,1367,0.999610170120998
1,1368,0.979320566321242
1,1369,0.8676597815199059
1,1370,0.9959127937754654
1,1371,0.9750712612298436
1,1372,0.9755229915713977
1,1373,0.9998214705937877
1,1374,0.9640479314130963
1,1375,0.9971913935671789
1,1376,0.9202438933236825
1,1377,0.976177845464662
1,1378,0.9997606882056455
1,1379,0.9910705589998411
1,1380,0.9995540868096343
1,1381,0.9880149949461252
1,1382,0.9755211451207638
1,1383,0.9696017829298149
1,1384,0.9993334924811268
1,1385,0.8237595257193241
1,1386,0.9473777066505131
1,1387,0.9994455763028799
1,1388,0.9448620418639053
1,1389,0.9915865032388538
1,1390,0.85736425684872
1,1391,0.9758705098976078
1,1392,0.9137563195908027
1,1393,0.9672869324462811
1,1394,0.8654477305188634
1,1395,0.787515601512907
1,1396,0.9949517854240171
1,1397,0.7664386102748163
1,1398,0.8384742274418692
1,1399,0.9559618166097144
1,1400,0.8713522108755127
1,1401,0.9139306125035894
1,1402,0.930570080352394
1,1403,0.9960791310718589
1,1404,0.8511863137458695
1,1405,0.7711618462606042
1,1406,0.9364276247046187
1,1407,0.9807408513795053
1,1408,0.9598754224940544
1,1409,0.9640784500867999
1,1410,0.9140277074664636
1,1411,0.969125111486672
1,1412,0.9888893260469004
1,1413,0.8644384225444383
1,1414,0.9504013914805661
1,1415,0.9538810580995338
1,1416,0.9760965902392608
1,1417,0.9816780971707325
1,1418,0.8989976710593571
1,1419,0.9772359996943686
1,1420,0.7685835402092955
1,1421,0.9892726090946571
1,1422,0.9909397940314546
1,1423,0.733293325774787
1,1424,0.9999261071815241
1,1425,0.9677019813702894
1,1426,0.9359555933835028
1,1427,0.7787094778205826
1,1428,0.9637342520760359
1,1429,0.9984139816070984
1,1430,0.9602053705832253
1,1431,0.9956777481155364
1,1432,0.8984769021589417
1,1433,0.9557192493019205
1,1434,0.9805567765679652
1,1435,0.9529601242674874
1,1436,0.9955327494553502
1,1437,0.9922158332762827
1,1438,0.9755541908294837
1,1439,0.9043228747120302
1,1440,0.9667819035547387
1,1441,0.9756685596499965
1,1442,0.9791320710033408
1,1443,0.9474733637146858
1,1444,0.9863817061477133
1,1445,0.9997443413675567
1,1446,0.9897501428371273
1,1447,0.9971622974550288
1,1448,0.9034027800134967
1,1449,0.983351440322478
1,1450,0.9563191507832697
1,1451,0.9368373777373259
1,1452,0.8256412027857225
1,1453,0.9347787290987026
1,1454,0.9968683157572839
1,1455,0.8771331440085081
1,1456,0.9183072676591655
1,1457,0.9600779898653522
1,1458,0.7213470901557335
1,1459,0.998580292974139
1,1460,0.9894968701423598
1,1461,0.9147537641896647
1,1462,0.9511525118066203
1,1463,0.943013796623948
1,1464,0.9532760889060342
1,1465,0.7953352663675824
1,1466,0.840522480550871
1,1467,0.9862900630692756
1,1468,0.9871349684636094
1,1469,0.9558725395876397
1,1470,0.9972630271262203
1,1471,0.9970999198639994
1,1472,0.9962972245157106
1,1473,0.9857796638251781
1,1474,0.994564847983962
1,1475,0.9945743753058984
1,1476,0.9992613189628089
1,1477,0.990888319497162
1,1478,0.9742130601065864
1,1479,0.9746578910809788
1,1480,0.6881045408550404
1,1481,0.6683874783579297
1,1482,0.8604713885700063
1,1483,0.9997280162327934
1,1484,0.9570895253604307
1,1485,0.999446510938986
1,1486,0.9897344384723653
1,1487,0.9553405947225884
1,1488,0.9670668391092133
1,1489,0.9579472868636811
1,1490,0.9724088961621248
1,1491,0.8130750439436334
1,1492,0.9784339328137913
1,1493,0.9827479533878992
1,1494,0.993123716048072
1,1495,0.9815084116690396
1,1496,0.9900780149062667
1,1497,0.9997877247352782
1,1498,0.9720277722491932
1,1499,0.9646702181986807
1,1500,0.9391202238143669
1,1501,0.9388206552380145
1,1502,0.9970872057835979
1,1503,0.7642975875855685
1,1504,0.772810986124636
1,1505,0.975540236715286
1,1506,0.9557278071858968
1,1507,0.9257799107575081
1,1508,0.9852048189342129
1,1509,0.8239496941119031
1,1510,0.9985013703276715
1,1511,0.9693902195927555
1,1512,0.9074572191133664
1,1513,0.9892108060817961
1,1514,0.9992840042450223
1,1515,0.9967592385442257
1,1516,0.9751937634782435
1,1517,0.8302713714306175
1,1518,0.9299991201458259
1,1519,0.9922144902237688
1,1520,0.9895861238043301
1,1521,0.9709436295892971
1,1522,0.996497397813907
1,1523,0.952730870016013
1,1524,0.9802599060511954
1,1525,0.9927374405855163
1,1526,0.9577748253805057
1,1527,0.7725869491936875
1,1528,0.9839394548278392
1,1529,0.8932379231041971
1,1530,0.796682358726699
1,1531,0.9781705924638495
1,1532,0.9911772171185095
1,1533,0.9592523258494452
1,1534,0.9918428174369144
1,1535,0.9453937926338434
1,1536,0.9120087421531324
1,1537,0.9848700760052392
1,1538,0.9615500698870791
1,1539,0.912450296578785
1,1540,0.955041243438799
1,1541,0.9202785190834075
1,1542,0.9658720985911157
1,1543,0.9437804041089564
1,1544,0.9832270377240915
1,1545,0.981175191423062
1,1546,0.9790812196677524
1,1547,0.9923569239891512
1,1548,0.999850601339269
1,1549,0.9778272888882891
1,1550,0.9102701716598093
1,1551,0.9627588346511176
1,1552,0.9981741228415524
1,1553,0.9955915045599212
1,1554,0.906088410233608
1,1555,0.9971174986990243
1,1556,0.8227001007776518
1,1557,0.964450319941347
1,1558,0.952967766041883
1,1559,0.9769227859230172
1,1560,0.9573775440187436
1,1561,0.9764281935713838
1,1562,0.9990082394125116
1,1563,0.997627308078061
1,1564,0.9348211722804958
1,1565,0.9878925135429194
1,1566,0.9153582760574349
1,1567,0.8361957063826884
1,1568,0.9729902100998388
1,1569,0.9840009103156352
1,1570,0.9294961886968509
1,1571,0.8556345668564721
1,1572,0.9961333044981322
1,1573,0.9914360396532163
1,1574,0.9103625290827074
1,1575,0.9902552480744988
1,1576,0.9835350239551834
1,1577,0.9980627319356008
1,1578,0.9587822868050528
1,1579,0.9723239801249384
1,1580,0.9810618132223833
1,1581,0.940205989008236
1,1582,0.988717103011558
1,1583,0.9755403639243067
1,1584,0.9636935287549286
1,1585,0.9899843756157285
1,1586,0.8272714230772333
1,1587,0.93813131582972
1,1588,0.9847808116213147
1,1589,0.9589578500457804
1,1590,0.9948407778137336
1,1591,0.6787472538504256
1,1592,0.9307419956315702
1,1593,0.8992237619612857
1,1594,0.9300583883085932
1,1595,0.9289996270382975
1,1596,0.9935852605660617
1,1597,0.9986749234516789
1,1598,0.9826402756492578
1,1599,0.8476799479473616
1,1600,0.991854633789132
1,1601,0.9741700442035005
1,1602,0.9463792341882847
1,1603,0.8099377551524314
1,1604,0.9202189107100802
1,1605,0.9885774870185471
1,1606,0.9792651993042517
1,1607,0.9979778587139707
1,1608,0.9999820912274608
1,1609,0.999165095858597
1,1610,0.9903130611588002
1,1611,0.9879499166659971
1,1612,0.8571083585062793
1,1613,0.875447889790857
1,1614,0.9816294955823484
1,1615,0.9959250349011068
1,1616,0.9840370636045981
1,1617,0.9802822016957748
1,1618,0.8873374848276906
1,1619,0.9124444287367593
1,1620,0.828123025403299
1,1621,0.8922255787010026
1,1622,0.9978482851962205
1,1623,0.7702536535069411
1,1624,0.9140826593034167
1,1625,0.9966697568348728
1,1626,0.9719719767515247
1,1627,0.9879259676310225
1,1628,0.9526626370250717
1,1629,0.9660661109767605
1,1630,0.906100137055059
1,1631,0.9785101747290895
1,1632,0.9731469268402921
1,1633,0.9752234566090484
1,1634,0.9954265299063733
1,1635,0.9848094702314634
1,1636,0.9752484544660316
1,1637,0.9491550092976577
1,1638,0.9939994536907254
1,1639,0.9969438409054581
1,1640,0.9797609330588422
1,1641,0.9251291579639442
1,1642,0.9753749487852542
1,1643,0.9996824764660086
1,1644,0.7397579553019736
1,1645,0.9874119449789037
1,1646,0.9821474032653494
1,1647,0.974987541278479
1,1648,0.8843331962726305
1,1649,0.9919890610143021
1,1650,0.9601406275305601
1,1651,0.9954947495299539
1,1652,0.9914520242525076
1,1653,0.9704936756499547
1,1654,0.9989942495824823
1,1655,0.9697415722951678
1,1656,0.9891432023038184
1,1657,0.9846593523784553
1,1658,0.8683098914982923
1,1659,0.9491623614064248
1,1660,0.9900441528957071
1,1661,0.8411421080451847
1,1662,0.9385126699002235
1,1663,0.9722051883470569
1,1664,0.9907930277045004
1,1665,0.9963411008428181
1,1666,0.80561132230835
1,1667,0.9998729421182301
1,1668,0.8705964844167619
1,1669,0.7201342664120214
1,1670,0.9859529626157814
1,1671,0.9710334524636978
1,1672,0.9847100153694716
1,1673,0.9999998035141391
1,1674,0.9716629677515952
1,1675,0.9934428368416502
1,1676,0.981747844570377
1,1677,0.9618748225736317
1,1678,0.8278721565489902
1,1679,0.9551712618249835
1,1680,0.9780480881326461
1,1681,0.9851252065613588
1,1682,0.9991854008727092
1,1683,0.9615668883762921
1,1684,0.966206288900214
1,1685,0.9230725588544738
1,1686,0.9970197543425217
1,1687,0.42806851984849
1,1688,0.967843298345427
1,1689,0.9521428358434294
1,1690,0.9183741462075045
1,1691,0.7557167037986483
1,1692,0.9674886813826303
1,1693,0.9280794262518443
1,1694,0.9211265461589622
1,1695,0.9623707530106472
1,1696,0.9998979171037917
1,1697,0.9258516492099494
1,1698,0.8948136028707702
1,1699,0.8007201967831391
1,1700,0.9659996192289755
1,1701,0.986912202532056
1,1702,0.980205129959719
1,1703,0.9969141674769694
1,1704,0.8770291574390298
1,1705,0.9995793996308544
1,1706,0.9998692393850193
1,1707,0.9299027850660376
1,1708,0.9569088594221299
1,1709,0.8538702110791743
1,1710,0.9722043411274834
1,1711,0.9979380251431811
1,1712,0.9905623639227673
1,1713,0.9918957885219798
1,1714,0.9640310520363236
1,1715,0.9715799589951523
1,1716,0.9966835573238464
1,1717,0.9023240656161493
1,1718,0.9652419829530204
1,1719,0.9405857791465176
1,1720,0.9912629859088627
1,1721,0.9630882282075943
1,1722,0.8066789406034803
1,1723,0.9908357213604364
1,1724,0.9950707613700253
1,1725,0.9874913639078154
1,1726,0.9977221437059216
1,1727,0.9966022289279103
1,1728,0.996392146422969
1,1729,0.9646310043336429
1,1730,0.9276110445015288
1,1731,0.9759904343016983
1,1732,0.9410542943470566
1,1733,0.941970450976197
1,1734,0.9526309293913189
1,1735,0.9292491903082726
1,1736,0.9205472008364481
1,1737,0.9999518301962135
1,1738,0.8478497488825764
1,1739,0.8983938467405785
1,1740,0.9973779258152478
1,1741,0.8233499576983002
1,1742,0.9712940095331379
1,1743,0.9955871043129871
1,1744,0.9770099098529753
1,1745,0.9944504108463578
1,1746,0.910597413314108
1,1747,0.8840261377481846
1,1748,0.9571825527317673
1,1749,0.8948414776734295
1,1750,0.987669790842646
1,1751,0.9953618714313194
1,1752,0.9970241045229226
1,1753,0.997520100210015
1,1754,0.9866299144874747
1,1755,0.9816709001294662
1,1756,0.9927036857052957
1,1757,0.9820687615812541
1,1758,0.989362589975619
1,1759,0.995585472266875
1,1760,0.6736230620548821
1,1761,0.9332991951284496
1,1762,0.9328025083375188
1,1763,0.8716148057706901
1,1764,0.981315707847762
1,1765,0.8966445044479574
1,1766,0.8846542879968158
1,1767,0.8190407152285757
1,1768,0.9662232700954065
1,1769,0.9925731908325262
1,1770,0.9994573653998985
1,1771,0.9935392426128044
1,1772,0.8728104641692511
1,1773,0.9306524838847341
1,1774,0.9990369782052639
1,1775,0.7072894353794306
1,1776,0.9655830039124584
1,1777,0.9707936473372764
1,1778,0.906191703146814
1,1779,0.9912398290222252
1,1780,0.8991484419882736
1,1781,0.9981552447125674
1,1782,0.9220659577909041
1,1783,0.8040323407211692
1,1784,0.982605007867302
1,1785,0.9897488986352974
1,1786,0.9964597009773166
1,1787,0.9999659476556833
1,1788,0.9971001160367143
1,1789,0.9828577202186172
1,1790,0.9755183963705133
1,1791,0.9790036122378257
1,1792,0.8715858500700321
1,1793,0.5619207621764
1,1794,0.9194338527998749
1,1795,0.8052694212665432
1,1796,0.9335962312458603
1,1797,0.77321513348807
1,1798,0.7598545160927086
1,1799,0.7512705365652622
1,1800,0.9998716193058971
1,1801,0.9841243428164357
1,1802,0.9400550750105056
1,1803,0.9928873861453104
1,1804,0.9687428467575145
1,1805,0.9570358344533542
1,1806,0.9999999999999987
1,1807,0.9629298351496339
1,1808,0.9940319742221693
1,1809,0.9663049921901536
1,1810,0.7029701474142582
1,1811,0.8074795221723775
1,1812,0.9714129624408848
1,1813,0.8368233987213778
1,1814,0.9826492209573011
1,1815,0.9975168097367757
1,1816,0.9582903472121675
1,1817,0.9673504686093459
1,1818,0.9589962995450299
1,1819,0.8269513014325038
1,1820,0.924050259830156
1,1821,0.9173290004172104
1,1822,0.9734247893003268
1,1823,0.9646092956878483
1,1824,0.9991886333259897
1,1825,0.9857864994887281
1,1826,0.973734306695967
1,1827,0.7920449569567026
1,1828,0.920087861380656
1,1829,0.9842953968012063
1,1830,0.9685978215105141
1,1831,0.9683293155273821
1,1832,0.9297344054457368
1,1833,0.9946056209281248
1,1834,0.9994608176483832
1,1835,0.9768014232597552
1,1836,0.9267836486146467
1,1837,0.997255623586508
1,1838,0.9922871105371124
1,1839,0.9671497951226011
1,1840,0.8420920616104134
1,1841,0.9772347041481889
1,1842,0.9931584447108076
1,1843,0.9998701151476803
1,1844,0.9865156150314452
1,1845,0.9848206817819789
1,1846,0.9847480413790374
1,1847,0.9567717212294155
1,1848,0.8734563074614
1,1849,0.9892309985749324
1,1850,0.9935460909025321
1,1851,0.9400643889724413
1,1852,0.9736974541158396
1,1853,0.9563513964685117
1,1854,0.9781389052623317
1,1855,0.9975198540437971
1,1856,0.9979630864046137
1,1857,0.942572759057018
1,1858,0.9585538777868589
1,1859,0.7817641182330713
1,1860,0.9993256470641171
1,1861,0.9878445167087424
1,1862,0.9747975369066293
1,1863,0.9972911473572377
1,1864,0.937790024025754
1,1865,0.9947725881992189
1,1866,0.9774629513447692
1,1867,0.9845026305363784
1,1868,0.9896900390442379
1,1869,0.9755981693565686
1,1870,0.8684004897745273
1,1871,0.9612010996428159
1,1872,0.9916896147993877
1,1873,0.7747795204688748
1,1874,0.8510848507704099
1,1875,0.9145781112245689
1,1876,0.7201194727835808
1,1877,0.9833140877320165
1,1878,0.9596753996645053
1,1879,0.8852071990980882
1,1880,0.9999711406188212
1,1881,0.9903354272337362
1,1882,0.9990375428569721
1,1883,0.9757212729790352
1,1884,0.9799306030248669
1,1885,0.9378602095752142
1,1886,0.8764540568600026
1,1887,0.990688118245635
1,1888,0.9582432785406032
1,1889,0.7297393402526391
1,1890,0.9975714392376834
1,1891,0.9956440136789861
1,1892,0.9158305282005651
1,1893,0.9440327224430722
1,1894,0.9677882159227201
1,1895,0.9456850421074743
1,1896,0.977441543391722
1,1897,0.9769793370494769
1,1898,0.9985467747549054
1,1899,0.9986224423737937
1,1900,0.997777984825046
1,1901,0.8913383174325864
1,1902,0.9823727834134077
1,1903,0.94488187358133
1,1904,0.9996708428294332
1,1905,0.9427917199950823
1,1906,0.9997714284318056
1,1907,0.9983937874925288
1,1908,0.9808476927730664
1,1909,0.9970289746379719
1,1910,0.9617177442642516
1,1911,0.9762420943958661
1,1912,0.9475338995016839
1,1913,0.9312953197112733
1,1914,0.867729342687048
1,1915,0.971640175561708
1,1916,0.9548022993986326
1,1917,0.9903022992568038
1,1918,0.9895316694314166
1,1919,0.8882636207751409
1,1920,0.8963211420462219
1,1921,0.8797626947771353
1,1922,0.9854003438889207
1,1923,0.9966385889127357
1,1924,0.9834501671258868
1,1925,0.9971454825850231
1,1926,0.8097008605670234
1,1927,0.777843965925137
1,1928,0.953583605698402
1,1929,0.9714133241060969
1,1930,0.9230048404486618
1,1931,0.9128567045056236
1,1932,0.8917819920911069
1,1933,0.9971380880740799
1,1934,0.7215096720817101
1,1935,0.9999998520307337
1,1936,0.9999920809294747
1,1937,0.87211805581731
1,1938,0.9765231359696566
1,1939,0.9906010322912436
1,1940,0.927156182413576
1,1941,0.9892821701332906
1,1942,0.9596482657483391
1,1943,0.9998443762314069
1,1944,0.856267316811983
1,1945,0.9977956738590639
1,1946,0.8906437662089266
1,1947,0.8100833219689813
1,1948,0.9829647293105754
1,1949,0.9724409271828293
1,1950,0.9808756968963278
1,1951,0.8490628455832434
1,1952,0.839183240588365
1,1953,0.9178483944291183
1,1954,0.9926449067318711
1,1955,0.9929540821958897
1,1956,0.9147295307169026
1,1957,0.999526054324655
1,1958,0.9973862516402523
1,1959,0.8719771431228157
1,1960,0.528778555577435
1,1961,0.9995516147185595
1,1962,0.9710140328841332
1,1963,0.9248335427973805
1,1964,0.983211517856148
1,1965,0.998013696704232
1,1966,0.9762414694059254
1,1967,0.9262572224587877
1,1968,0.9909702207241792
1,1969,0.9841017840306153
1,1970,0.8280504737721033
1,1971,0.9124035832606925
1,1972,0.9953714189053524
1,1973,0.9997053434440829
1,1974,0.9719066769689476
1,1975,0.9988691389676758
1,1976,0.9697488163382324
1,1977,0.9365688394660594
1,1978,0.9965021190252243
1,1979,0.9863749465841107
1,1980,0.9984828371094048
1,1981,0.9678516532359133
1,1982,0.99561630995671
1,1983,0.9198052845682261
1,1984,0.9862127859750017
1,1985,0.9056063199325434
1,1986,0.9681522574044351
1,1987,0.9546420620235232
1,1988,0.9926476893625589
1,1989,0.9690626661941174
1,1990,0.9745731638030388
1,1991,0.9971242208882821
1,1992,0.9478325818776716
1,1993,0.9230494266506264
1,1994,0.9703890748545246
1,1995,0.855254711301888
1,1996,0.9988190577194807
1,1997,0.9538439050969528
1,1998,0.9987262937011578
1,1999,0.9971196893912914
2,0,0.9942913326206096
2,1,0.8297704463938853
2,2,0.989974637983147
2,3,0.5882786711869538
2,4,0.9774652265164209
2,5,0.9254475095668857
2,6,0.9781406024003437
2,7,0.9689106107524935
2,8,0.9980638310929971
2,9,0.973415282948794
2,10,0.9932342334237588
2,11,0.8710710267138612
2,12,0.818822784616164
2,13,0.9816717645481429
2,14,0.9897569522220964
2,15,0.9887200944145189
2,16,0.9957121448270803
2,17,0.9629510767276473
2,18,0.8872350555927445
2,19,0.9800184224170333
2,20,0.964536112227875
2,21,0.9705555725135244
2,22,0.9614819291934068
2,23,0.9786907393548022
2,24,0.9992431993449352
2,25,0.9855915272453135
2,26,0.9947945899356361
2,27,0.9998255906229337
2,28,0.9436283452907172
2,29,0.9568340732213365
2,30,0.9814998093569927
2,31,0.9688923446877185
2,32,0.8888357053407184
2,33,0.9537975917895161
2,34,0.9788861602376816
2,35,0.9999879346408335
2,36,0.8233576569840296
2,37,0.952726025189645
2,38,0.8475552098660653
2,39,0.9868111499130582
2,40,0.8975830212469537
2,41,0.9196921162129191
2,42,0.9576566477367338
2,43,0.9909590039901383
2,44,0.9593295209581816
2,45,0.7631270535660667
2,46,0.9116959152742601
2,47,0.9469902611458673
2,48,0.7552224031808198
2,49,0.9642666775549394
2,50,0.9681092518256117
2,51,0.9944469390813986
2,52,0.7781446332432667
2,53,0.980644998848457
2,54,0.9968796957249282
2,55,0.9158762335378072
2,56,0.8988438874035196
2,57,0.9958385456354265
2,58,0.9572090466540594
2,59,0.9159428173535233
2,60,0.9969271358240206
2,61,0.9709582548426076
2,62,0.7751073306567209
2,63,0.9686745584497586
2,64,0.9907244212246691
2,65,0.9866079381286842
2,66,0.9873599276590378
2,67,0.9310700362925265
2,68,0.9116574366945274
2,69,0.8940854651456103
2,70,0.9717445723999002
2,71,0.989862780402345
2,72,0.9384148608253184
2,73,0.9878660424139194
2,74,0.9673879679639433
2,75,0.964208681720839
2,76,0.9978389020378547
2,77,0.9876320877044055
2,78,0.992512052132004
2,79,0.8459926922234873
2,80,0.9790461786767746
2,81,0.9475641507087199
2,82,0.9930686839562032
2,83,0.9984692017676721
2,84,0.8398607241976234
2,85,0.9707455260139448
2,86,0.9973584313834375
2,87,0.9943230315434198
2,88,0.8531990357248995
2,89,0.9864442349561964
2,90,0.8290048899466543
2,91,0.9471164774396817
2,92,0.9863442852416797
2,93,0.9997988605617818
2,94,0.9845103423466517
2,95,0.9928759692503236
2,96,0.9060383403626743
2,97,0.978697829968995
2,98,0.9131051325985585
2,99,0.9896798052532806
2,100,0.9589784722461808
2,101,0.9813945788317788
2,102,0.9913588863960971
2,103,0.9129064879520469
2,104,0.9176740210225589
2,105,0.9868671939024408
2,106,0.9979936407860264
2,107,0.9677375441249478
2,108,0.9915696542974186
2,109,0.9916330276656371
2,110,0.8902192901173172
2,111,0.9606541856606154
2,112,0.9933850885330064
2,113,0.9518024654552766
2,114,0.9994243164620772
2,115,0.9367433567572769
2,116,0.9575137357564931
2,117,0.9412921500018039
2,118,0.8273006728339019
2,119,0.9750282908459318
2,120,0.9986044346961609
2,121,0.7762264502048856
2,122,0.9910920377041258
2,123,0.9961817721916779
2,124,0.9033183072908897
2,125,0.9676976677744127
2,126,0.9459210003905826
2,127,0.9814590364290474
2,128,0.9866011834877364
2,129,0.8803790732157039
2,130,0.9903102866703379
2,131,0.8187830121593431
2,132,0.9773390753490193
2,133,0.9871338888648451
2,134,0.987011097326215
2,135,0.9791458611160055
2,136,0.9518279169366228
2,137,0.9155024488746323
2,138,0.9974817889200558
2,139,0.653230290120524
2,140,0.9328030866737731
2,141,0.8652580508914587
2,142,0.9993916040617652
2,143,0.9796344657857887
2,144,0.9878324197489075
2,145,0.9787280547198178
2,146,0.9994888972301412
2,147,0.7438890574503259
2,148,0.770164819340694
2,149,0.9589139864067404
2,150,0.9974580168769085
2,151,0.9771660940258388
2,152,0.7421733210971168
2,153,0.9737330624582906
2,154,0.9562568127391008
2,155,0.9523533840087617
2,156,0.9949755426090107
2,157,0.9900503355931933
2,158,0.9917336862985804
2,159,0.8990304976599353
2,160,0.9074972857328844
2,161,0.6546362710143016
2,162,0.81882674569209
2,163,0.9354004641503268
2,164,0.8363687643251393
2,165,0.9325095621177568
2,166,0.9506307390445148
2,167,0.9822187442073417
2,168,0.8425075009026567
2,169,0.989386725854702
2,170,0.9857317704697961
2,171,0.9414991996229698
2,172,0.9646015676789637
2,173,0.9920367255349739
2,174,0.9803629137553658
2,175,0.9997423206240192
2,176,0.9842649945548735
2,177,0.9237652002894821
2,178,0.9527654177005795
2,179,0.8342247901905696
2,180,0.955859028596567
2,181,0.9605958154041053
2,182,0.9938705433613572
2,183,0.9212687770969581
2,184,0.7613844687499742
2,185,0.9839132784115543
2,186,0.9822925530691254
2,187,0.9991065563001499
2,188,0.9547361187253148
2,189,0.9988373974412094
2,190,0.9250734516394171
2,191,0.9671400617374479
2,192,0.9874915695935343
2,193,0.9877122099797611
2,194,0.9410383607218737
2,195,0.950437042045518
2,196,0.9999871444752547
2,197,0.8024492854492452
2,198,0.9118311551847214
2,199,0.992045315543158
2,200,0.9310135803723352
2,201,0.9906547862169034
2,202,0.9970618393777616
2,203,0.9938216830513279
2,204,0.9788099377298365
2,205,0.9999441557138489
2,206,0.9999919474657102
2,207,0.981427288502049
2,208,0.9336166767291318
2,209,0.7596287755745406
2,210,0.7488298772995878
2,211,0.8879459254831455
2,212,0.7782383184513536
2,213,0.8901514561121674
2,214,0.9933620580433737
2,215,0.9651730792251548
2,216,0.8750942919605338
2,217,0.9385551264761911
2,218,0.9937346160213593
2,219,0.9936995745546934
2,220,0.9932747357143349
2,221,0.9941049912170026
2,222,0.8501434671232145
2,223,0.9618193444623744
2,224,0.9112910795904497
2,225,0.980414892888583
2,226,0.9593667473170395
2,227,0.9989555023884568
2,228,0.9667291047571709
2,229,0.993275274992993
2,230,0.9515097098168138
2,231,0.9484915771432398
2,232,0.9802227538493092
2,233,0.9879845275333348
2,234,0.976224447942583
2,235,0.9978882328584819
2,236,0.9977315041422532
2,237,0.9760181315737757
2,238,0.8968313622753207
2,239,0.9294130747159508
2,240,0.9253256958945134
2,241,0.9088864544875581
2,242,0.9838413112082169
2,243,0.9595608019532229
2,244,0.9993196483278152
2,245,0.8650401956756472
2,246,0.9968083456439151
2,247,0.9959216356889609
2,248,0.9677372283456324
2,249,0.9910930552203344
2,250,0.6475102065227623
2,251,0.9249923897691305
2,252,0.9759739369843867
2,253,0.9565665505964185
2,254,0.9144784287667228
2,255,0.9405468555750697
2,256,0.8567737657011545
2,257,0.9903917361814703
2,258,0.987739833795239
2,259,0.7706924713031783
2,260,0.9734693117378523
2,261,0.9623766977966838
2,262,0.9210142808456765
2,263,0.9994564925670677
2,264,0.901719306970158
2,265,0.9416650999368119
2,266,0.9988671125450201
2,267,0.8584623383907065
2,268,0.9870091851778003
2,269,0.985482839784044
2,270,0.9425231412995081
2,271,0.9713318426618448
2,272,0.869962093699446
2,273,0.9934404118391681
2,274,0.9996686956555956
2,275,0.9122039451726147
2,276,0.9228114538077712
2,277,0.6924732025628508
2,278,0.9825200765019404
2,279,0.951108937763808
2,280,0.9918136013301436
2,281,0.8300074022028273
2,282,0.9367882640160528
2,283,0.8803698759671482
2,284,0.9729323741074436
2,285,0.9049161699509228
2,286,0.9486738282888422
2,287,0.9897902467211305
2,288,0.9971975996603616
2,289,0.9978427353745192
2,290,0.9209428084873239
2,291,0.997131553710522
2,292,0.9808240654776944
2,293,0.9684752980496658
2,294,0.9963078316656417
2,295,0.96543371575749
2,296,0.991566220234704
2,297,0.9999021195908758
2,298,0.960616639378064
2,299,0.9421132911175678
2,300,0.867447817657688
2,301,0.9785534882271836
2,302,0.9716569921051779
2,303,0.9993261491260454
2,304,0.9437890115774501
2,305,0.9937866024638117
2,306,0.9136778916815219
2,307,0.9271229124473878
2,308,0.9700970167086459
2,309,0.896494203044007
2,310,0.9265195138387318
2,311,0.9726940572988596
2,312,0.9713430957568903
2,313,0.8675855782069819
2,314,0.9301854216706695
2,315,0.998177792813924
2,316,0.9316903133880811
2,317,0.9971206094583412
2,318,0.944700314229595
2,319,0.9561348335964568
2,320,0.995719747271518
2,321,0.7462419642273278
2,322,0.8548888382420617
2,323,0.9998407720000911
2,324,0.991377319375895
2,325,0.9666380205506804
2,326,0.9886422958793459
2,327,0.9655722045578765
2,328,0.9407968515307509
2,329,0.9606937996551174
2,330,0.9992090418953541
2,331,0.8714398122309249
2,332,0.9955410041032645
2,333,0.957479740079805
2,334,0.9260334867462545
2,335,0.9882488467855921
2,336,0.8929427246317859
2,337,0.9121147954365526
2,338,0.970565319169947
2,339,0.9651414314265159
2,340,0.9999906310513333
2,341,0.819018683001634
2,342,0.9473552410051415
2,343,0.9431823573006481
2,344,0.915517184781806
2,345,0.8878638307885005
2,346,0.885578873611758
2,347,0.9600660628326133
2,348,0.9996209918785348
2,349,0.8355667299796503
2,350,0.9857300264031995
2,351,0.7853191376377083
2,352,0.9957250969109842
2,353,0.7968289794462753
2,354,0.7782564388818741
2,355,0.8101576712740247
2,356,0.9470098511089495
2,357,0.9112705395066883
2,358,0.9999480012319812
2,359,0.9580221345655301
2,360,0.9625614548484992
2,361,0.9946873926691072
2,362,0.9664522485646793
2,363,0.8657523614292901
2,364,0.9649811336664434
2,365,0.9970573389941221
2,366,0.9740593564190461
2,367,0.9558764710743949
2,368,0.931244950920755
2,369,0.9963216813793736
2,370,0.9369451003094161
2,371,0.9226372371310634
2,372,0.9923464001531016
2,373,0.9845320788199066
2,374,0.9585831173574261
2,375,0.8607666114696072
2,376,0.9657118103528588
2,377,0.9562747129325697
2,378,0.9987094098906399
2,379,0.9992499585375019
2,380,0.9897214933620968
2,381,0.9419773556316624
2,382,0.9795546903359307
2,383,0.8821338371522548
2,384,0.9876907207630531
2,385,0.9992206440484562
2,386,0.8865923034477925
2,387,0.9424503008095279
2,388,0.9796314574712824
2,389,0.8615523622328766
2,390,0.9862792918696136
2,391,0.9961677440936414
2,392,0.9427493960700162
2,393,0.9797254923881911
2,394,0.9515428502062174
2,395,0.9566276618039241
2,396,0.8920743501004172
2,397,0.8801330608499294
2,398,0.9810178647012406
2,399,0.9856715039317242
2,400,0.9983348844852441
2,401,0.8948643408164163
2,402,0.9980809609620293
2,403,0.8359376676883176
2,404,0.9755361234301468
2,405,0.9897531904514968
2,406,0.9806627442586798
2,407,0.8650908039943882
2,408,0.9979575733858832
2,409,0.9967872466817734
2,410,0.8876831034957555
2,411,0.9510846169948243
2,412,0.9699871212030199
2,413,0.9500130922925852
2,414,0.9651252391043508
2,415,0.9828509683927117
2,416,0.9429693589207777
2,417,0.977856624351836
2,418,0.9117154762739023
2,419,0.9530295887363396
2,420,0.9249524206140071
2,421,0.9109958064269543
2,422,0.8819965982635954
2,423,0.9972295062678049
2,424,0.9440427413107664
2,425,0.8793517627521089
2,426,0.9789698827015098
2,427,0.9977533690891475
2,428,0.9899984383779705
2,429,0.941705783574118
2,430,0.9892655287219722
2,431,0.9394937308904897
2,432,0.9756457436966057
2,433,0.9980914703137398
2,434,0.9951165628125607
2,435,0.8909507533937743
2,436,0.9558865433603286
2,437,0.9796930324131199
2,438,0.9007093484952725
2,439,0.8965749126938708
2,440,0.8943017907958938
2,441,0.9110516502374277
2,442,0.997258854447601
2,443,0.998479843714776
2,444,0.9798691236906639
2,445,0.9970286329035635
2,446,0.9754816122517918
2,447,0.9567943582685008
2,448,0.9538241179822045
2,449,0.9670257788254008
2,450,0.9889794521484359
2,451,0.9707835233070148
2,452,0.8653730879166704
2,453,0.9908422984362263
2,454,0.9318024210469824
2,455,0.9236418821269428
2,456,0.973949459884248
2,457,0.9310832951006309
2,458,0.9360838647864838
2,459,0.9009925914694773
2,460,0.9269042962046531
2,461,0.9951317223172754
2,462,0.850362174264018
2,463,0.9184378161740259
2,464,0.9353932529400771
2,465,0.9052802789410989
2,466,0.9981035109453134
2,467,0.9834746635854908
2,468,0.9185820102344945
2,469,0.9572775422264651
2,470,0.7297932812312814
2,471,0.98004402268762
2,472,0.983117715507738
2,473,0.9640060503473504
2,474,0.9227619932512803
2,475,0.9955421731703148
2,476,0.9638083785641909
2,477,0.9967069309225042
2,478,0.9996179166387901
2,479,0.9683592226750877
2,480,0.997346812843915
2,481,0.9668231340573351
2,482,0.9825512220170702
2,483,0.9690108735255951
2,484,0.958924245822944
2,485,0.9760544383797464
2,486,0.9541812790905009
2,487,0.9419761728087824
2,488,0.9955230041943038
2,489,0.9882474606417008
2,490,0.9919044500849684
2,491,0.99986072118441
2,492,0.978870017848542
2,493,0.9992779785799252
2,494,0.918233182911893
2,495,0.9924666277042794
2,496,0.957605296260982
2,497,0.990975836778636
2,498,0.9764584230007309
2,499,0.9974023488113355
2,500,0.9986015085705614
2,501,0.9542996919639855
2,502,0.7382929855645537
2,503,0.9814778543723679
2,504,0.9559080597186398
2,505,0.8671380908468256
2,506,0.9255304302301385
2,507,0.9098455935115389
2,508,0.8531933769332951
2,509,0.9955683434353454
2,510,0.9963384982998885
2,511,0.9685436288867451
2,512,0.9412709629442205
2,513,0.8542800462729141
2,514,0.9483316212158553
2,515,0.9951626291146481
2,516,0.9915363050432241
2,517,0.9785420252143816
2,518,0.8793806315758846
2,519,0.8074427107142377
2,520,0.9818083597193101
2,521,0.9970097347465664
2,522,0.978686848482437
2,523,0.9498311564500173
2,524,0.9779013774942421
2,525,0.9994855886487071
2,526,0.9526744680390422
2,527,0.9545914252458636
2,528,0.9483218400589637
2,529,0.8768934633340306
2,530,0.9995180122630687
2,531,0.9854543801475217
2,532,0.9532704246272586
2,533,0.8467409845463351
2,534,0.6954224949292399
2,535,0.9912801468916153
2,536,0.9985457990379248
2,537,0.965360731338812
2,538,0.9864488122812821
2,539,0.9917226328579338
2,540,0.9638838204917187
2,541,0.9500430035577175
2,542,0.9728881700137825
2,543,0.9839457897309875
2,544,0.9851897473002916
2,545,0.9554749112218854
2,546,0.9710496204877637
2,547,0.9634665182238271
2,548,0.8798377156515681
2,549,0.9924319334039141
2,550,0.9977770709268426
2,551,0.9733877019314034
2,552,0.9919693721148152
2,553,0.7976755840234964
2,554,0.8022458300110933
2,555,0.9795369396337665
2,556,0.9569433597939042
2,557,0.836516691407773
2,558,0.9979454497284856
2,559,0.9846807179649086
2,560,0.9887222326433187
2,561,0.9834625647594465
2,562,0.9966088951090226
2,563,0.9870577381277513
2,564,0.9829004988205544
2,565,0.9974832221746632
2,566,0.9999667272160915
2,567,0.9621210063952731
2,568,0.9951410321400173
2,569,0.9722268113851439
2,570,0.8241140866131726
2,571,0.8706241500362174
2,572,0.9589220297573078
2,573,0.9707705207771478
2,574,0.9564878905593832
2,575,0.9763327165375643
2,576,0.9626718333755787
2,577,0.9743534296293874
2,578,0.9995642271172799
2,579,0.8858813815419733
2,580,0.9445612150982197
2,581,0.9251385846546931
2,582,0.9873520214702958
2,583,0.9978126380047504
2,584,0.9559653628302446
2,585,0.9770913230078399
2,586,0.9295452418847897
2,587,0.827300402151981
2,588,0.9982158902782462
2,589,0.9473938292041938
2,590,0.9755440076627239
2,591,0.8943965823976963
2,592,0.9931118455590715
2,593,0.9354062848450937
2,594,0.9985371620918304
2,595,0.9984590160458461
2,596,0.9998701255982855
2,597,0.8503769809438205
2,598,0.997319717269706
2,599,0.9056033917382457
2,600,0.9771140517972718
2,601,0.8673543068468362
2,602,0.9854279208863306
2,603,0.9515722508094994
2,604,0.9999942056534866
2,605,0.9427914013137376
2,606,0.9746469508688862
2,607,0.9997809075165507
2,608,0.9980300792405344
2,609,0.9946357166990123
2,610,0.9958262466458567
2,611,0.9519766204312249
2,612,0.9294449845996027
2,613,0.9767676339649367
2,614,0.7541599364172795
2,615,0.9186811644286716
2,616,0.954218283711054
2,617,0.9331163912161019
2,618,0.959781418555211
2,619,0.9625105468312788
2,620,0.9471071615171559
2,621,0.9437766993511699
2,622,0.9953836626482565
2,623,0.9501034829879424
2,624,0.98608266952356
2,625,0.9850560219923156
2,626,0.895867846716656
2,627,0.9852068947966574
2,628,0.9976343532395565
2,629,0.9963851615207434
2,630,0.9973472745982405
2,631,0.9906564975914721
2,632,0.982460986101864
2,633,0.976015968381059
2,634,0.9791061842130139
2,635,0.9804054661588266
2,636,0.9858955056456212
2,637,0.9924394229984518
2,638,0.9181819234297693
2,639,0.9668933082525414
2,640,0.9965311478244591
2,641,0.9934243518025414
2,642,0.9833079497888656
2,643,0.9426878617690316
2,644,0.9950542410881267
2,645,0.9867418511139442
2,646,0.9420402148177531
2,647,0.8782449285423878
2,648,0.9993294335668136
2,649,0.9982781611781135
2,650,0.9807194315779051
2,651,0.8746524625278261
2,652,0.917710251419144
2,653,0.9796124322764116
2,654,0.8245410928955393
2,655,0.9889269561570276
2,656,0.9463464362665023
2,657,0.8742773828077904
2,658,0.8402744946436167
2,659,0.9559202982544511
2,660,0.9902663839995345
2,661,0.9448204473285364
2,662,0.9953604184092977
2,663,0.9712691380308315
2,664,0.8226457199514658
2,665,0.9709765845017857
2,666,0.9857429435933769
2,667,0.9977231836765441
2,668,0.999821607516193
2,669,0.9972618978558763
2,670,0.9942978131349559
2,671,0.9904050753178767
2,672,0.981033817056583
2,673,0.9971083842609657
2,674,0.8443696404467506
2,675,0.9873574326399586
2,676,0.9999476543978087
2,677,0.9976105728745572
2,678,0.9453356083664262
2,679,0.9225118407721205
2,680,0.8532381915082843
2,681,0.872565221059855
2,682,0.7809347002437401
2,683,0.9868316899459818
2,684,0.9134510283362903
2,685,0.9206445698414969
2,686,0.9999999829526087
2,687,0.9297045919848491
2,688,0.9335188278466218
2,689,0.8781137186101593
2,690,0.9573051725360894
2,691,0.9900615023954503
2,692,0.9836988902674394
2,693,0.9208755324375035
2,694,0.8972922472775308
2,695,0.8767594989858011
2,696,0.99787774897683
2,697,0.9824633315574334
2,698,0.9651535054331091
2,699,0.9705081774677279
2,700,0.9489734113724931
2,701,0.9681115057058662
2,702,0.9888392998960048
2,703,0.9097568156829169
2,704,0.9919898195820679
2,705,0.9297337604598797
2,706,0.9582730669209464
2,707,0.9878045860754003
2,708,0.9951886345174882
2,709,0.9295584646851505
2,710,0.9733228811623402
2,711,0.9168177503365363
2,712,0.98798154173998
2,713,0.9910973854330133
2,714,0.9960060372909865
2,715,0.973744129297612
2,716,0.9819430971512932
2,717,0.9970110512123367
2,718,0.9664059480524057
2,719,0.9900049745631846
2,720,0.9600958313895156
2,721,0.9494230987129413
2,722,0.9153821676681747
2,723,0.9769552760067859
2,724,0.983250469335331
2,725,0.9293398938508249
2,726,0.9953072703835202
2,727,0.9763947176301059
2,728,0.9951503321479479
2,729,0.8361658672444473
2,730,0.9973983954357596
2,731,0.9996720204309895
2,732,0.9464668863589737
2,733,0.876847980204991
2,734,0.9399467004994282
2,735,0.9639110474608464
2,736,0.9166417319631094
2,737,0.8888104334029291
2,738,0.9964619455478468
2,739,0.9989203410608775
2,740,0.9735497981078277
2,741,0.9499031230241587
2,742,0.9969829696978765
2,743,0.9944779893895208
2,744,0.992767209646881
2,745,0.9993033606775797
2,746,0.9073281971927519
2,747,0.984047392490529
2,748,0.8548128142508397
2,749,0.9391329361239907
2,750,0.95098293735568
2,751,0.8694482921504741
2,752,0.99488708089028
2,753,0.9934086260775274
2,754,0.9885897912965234
2,755,0.9968311871102916
2,756,0.9555356251756741
2,757,0.9607495977173987
2,758,0.9318949834820365
2,759,0.9964130893982955
2,760,0.8838614554981888
2,761,0.9463216069954455
2,762,0.9396799507190814
2,763,0.9608601565377557
2,764,0.9892458774864774
2,765,0.992221050695121
2,766,0.9589012797196312
2,767,0.9981911574299359
2,768,0.9245070021357288
2,769,0.9371607040484062
2,770,0.6711136093010165
2,771,0.9905693349516091
2,772,0.9763949845655692
2,773,0.8732706726104882
2,774,0.8934578699777965
2,775,0.9671925115339091
2,776,0.9889393738390752
2,777,0.8468748089122424
2,778,0.8981707581919255
2,779,0.9758959363794942
2,780,0.9666647268244355
2,781,0.9958333799741826
2,782,0.9914056656765499
2,783,0.8885934083256238
2,784,0.9985318059573265
2,785,0.7830937745076273
2,786,0.7414345609121613
2,787,0.9641923989441205
2,788,0.9666422039802143
2,789,0.9773846405534387
2,790,0.9406815228347264
2,791,0.983058597429096
2,792,0.973890828791851
2,793,0.9544751343644668
2,794,0.9532684326201697
2,795,0.99914360095787
2,796,0.950504462897116
2,797,0.9909294618297125
2,798,0.958379752119397
2,799,0.9323730301356051
2,800,0.993312316174236
2,801,0.9985299057545141
2,802,0.9830713701263896
2,803,0.9839399835517273
2,804,0.9888957114922856
2,805,0.8362742920954909
2,806,0.9590493034837239
2,807,0.9484877959036314
2,808,0.9999897483096148
2,809,0.9775229861048886
2,810,0.7816739599434565
2,811,0.889150096480676
2,812,0.9895292271502055
2,813,0.9850372612254327
2,814,0.9475583891523356
2,815,0.996168387360876
2,816,0.9278270216972447
2,817,0.9534628974711269
2,818,0.935943605417208
2,819,0.9997779321845709
2,820,0.9366773437659563
2,821,0.7934622343349138
2,822,0.9162285926393247
2,823,0.9905945355938645
2,824,0.9968024099686399
2,825,0.9976238473873129
2,826,0.8773926402701488
2,827,0.9036664329416139
2,828,0.9987101606907016
2,829,0.9784909107105043
2,830,0.9246503266909509
2,831,0.9872524434398624
2,832,0.9054147906314581
2,833,0.9681298477814821
2,834,0.9539714885461406
2,835,0.9941953248176554
2,836,0.9429943078686649
2,837,0.9533934858690858
2,838,0.9763872728385644
2,839,0.9841036381998914
2,840,0.863717492924512
2,841,0.9790091918114345
2,842,0.9582447853082904
2,843,0.9511962605252385
2,844,0.9163950125693164
2,845,0.9531758536257983
2,846,0.9999713535525065
2,847,0.9571016113295586
2,848,0.9996557159008462
2,849,0.9995891405457265
2,850,0.9999849142189521
2,851,0.9870884015103665
2,852,0.9440238775790294
2,853,0.9991645452833504
2,854,0.9708785776372048
2,855,0.9999998336520745
2,856,0.9999988779690965
2,857,0.991248596385371
2,858,0.9993795906662709
2,859,0.9314218284197358
2,860,0.9992079682880279
2,861,0.8971216773151333
2,862,0.9854719954665011
2,863,0.9952797011419386
2,864,0.8616525526491984
2,865,0.8934084937234752
2,866,0.947463906542254
2,867,0.9785354124730101
2,868,0.9537996233525422
2,869,0.8807529060368328
2,870,0.7485992619529919
2,871,0.987429686163297
2,872,0.7951170547162278
2,873,0.9719839431657227
2,874,0.9993301620707786
2,875,0.9752929237285168
2,876,0.9612659199148449
2,877,0.976711678612594
2,878,0.8757070375218748
2,879,0.9738797617390487
2,880,0.996372920104083
2,881,0.9576187210321367
2,882,0.7958286827382864
2,883,0.9708164730043619
2,884,0.6053446761143204
2,885,0.8248413744783122
2,886,0.8367154675127173
2,887,0.9780100642788038
2,888,0.9164819086893359
2,889,0.9601615188961781
2,890,0.9800797854279402
2,891,0.9980142770272719
2,892,0.9662908615432622
2,893,0.9890992524607685
2,894,0.9709143340226325
2,895,0.9789469594596365
2,896,0.8718530358119603
2,897,0.8477195284564132
2,898,0.9622715865714253
2,899,0.8917355932347059
2,900,0.6974806324250328
2,901,0.9051890190476991
2,902,0.9425926695905052
2,903,0.9999601967301661
2,904,0.9956264490533007
2,905,0.9771314673111153
2,906,0.9596521918665348
2,907,0.9602095116066968
2,908,0.9454445441649312
2,909,0.9489583801862707
2,910,0.9300974339416793
2,911,0.9865992356622129
2,912,0.9830191626456721
2,913,0.9742228511649851
2,914,0.8364563228483055
2,915,0.9063671592181003
2,916,0.9993212860916455
2,917,0.9783659331090374
2,918,0.9174285202799616
2,919,0.8850345918463071
2,920,0.8989496465254185
2,921,0.9632414686724841
2,922,0.9726323382202537
2,923,0.9964822164262577
2,924,0.9465392963863061
2,925,0.9712554142798795
2,926,0.9755795594761154
2,927,0.9928928658787988
2,928,0.6813099326447181
2,929,0.8114346580605838
2,930,0.903330076671947
2,931,0.9618619486007904
2,932,0.9506505494107957
2,933,0.9975352080839072
2,934,0.9769409441101783
2,935,0.9264494004039304
2,936,0.8755266545431485
2,937,0.968608149124947
2,938,0.9775605870664283
2,939,0.9688921755224961
2,940,0.7464769193496252
2,941,0.9996805018044096
2,942,0.9982891970470645
2,943,0.9939366220263466
2,944,0.9976977309004994
2,945,0.8981758703629055
2,946,0.9999472051416638
2,947,0.9970493326978108
2,948,0.9627068358565259
2,949,0.9999683885408595
2,950,0.9470176402423588
2,951,0.9997132729927631
2,952,0.9837079599104205
2,953,0.9941879104322054
2,954,0.9821371286946213
2,955,0.9985218927120952
2,956,0.9976490625831472
2,957,0.9855149944141858
2,958,0.9019645899395702
2,959,0.9974251413655735
2,960,0.9319141904454332
2,961,0.9864303830416784
2,962,0.9850404485396129
2,963,0.9069329733680394
2,964,0.679931797240814
2,965,0.9433798188977728
2,966,0.9834092291090639
2,967,0.9995367577035758
2,968,0.9998889915105155
2,969,0.9690264548009829
2,970,0.9617753417557006
2,971,0.9997873153783534
2,972,0.8699837771232279
2,973,0.8874846787745
2,974,0.9990707470838958
2,975,0.9862756923744588
2,976,0.946420833359673
2,977,0.9962596469129993
2,978,0.9687383226760417
2,979,0.8849878465374768
2,980,0.9750637843683487
2,981,0.996908334280433
2,982,0.9092580337104671
2,983,0.9523629823074978
2,984,0.9884241556241935
2,985,0.9766402559509715
2,986,0.9817898875049375
2,987,0.9799099139815208
2,988,0.863928654852703
2,989,0.9820481831507631
2,990,0.7606516815432489
2,991,0.9997829030791574
2,992,0.8516602605625864
2,993,0.9933845182794183
2,994,0.952927957135905
2,995,0.9936413503215217
2,996,0.8716083791631789
2,997,0.8841970417538069
2,998,0.9730915336724155
2,999,0.9544706738652382
2,1000,0.9277088317332973
2,1001,0.9796109157346761
2,1002,0.9636819909744123
2,1003,0.9560056916212614
2,1004,0.9958638262475559
2,1005,0.9990281387556394
2,1006,0.9975471593255418
2,1007,0.9990763810720937
2,1008,0.9592357681080198
2,1009,0.9610638564433868
2,1010,0.9581004994283006
2,1011,0.8732740749135797
2,1012,0.9149986024529575
2,1013,0.8287565214667796
2,1014,0.9980113550935344
2,1015,0.9856103848361866
2,1016,0.9967674318264246
2,1017,0.9988953321721483
2,1018,0.9805836741971433
2,1019,0.9006149016229538
2,1020,0.9649495209120931
2,1021,0.9831907054249391
2,1022,0.9507712045445255
2,1023,0.9902946264940204
2,1024,0.8947524440597701
2,1025,0.9115647192353851
2,1026,0.8791208589065042
2,1027,0.961964467427237
2,1028,0.9857209320820947
2,1029,0.9243332970399952
2,1030,0.9703222209805762
2,1031,0.8190581142507294
2,1032,0.9984182736528102
2,1033,0.9959373644709353
2,1034,0.9876993492004488
2,1035,0.9232224415974982
2,1036,0.9986984496115853
2,1037,0.8518797753757192
2,1038,0.8817995277142223
2,1039,0.7806229059834864
2,1040,0.8125096008381802
2,1041,0.9135145189069581
2,1042,0.9711270387193259
2,1043,0.8777063657486384
2,1044,0.9635966215019025
2,1045,0.9981700176736782
2,1046,0.9770156246821883
2,1047,0.9958950326538736
2,1048,0.9949602487477109
2,1049,0.9564188576629644
2,1050,0.9232000756078265
2,1051,0.8752089071108787
2,1052,0.9923800375933528
2,1053,0.8921362220936284
2,1054,0.9487895707569558
2,1055,0.9062585429667466
2,1056,0.8999500481372172
2,1057,0.6537092601669828
2,1058,0.9908394146908306
2,1059,0.9697371178042655
2,1060,0.9776533081149541
2,1061,0.9986784703370766
2,1062,0.9921736047189496
2,1063,0.9805133691173823
2,1064,0.9767111252765994
2,1065,0.969977260019857
2,1066,0.8027407931748651
2,1067,0.7323552118099945
2,1068,0.9886574698142
2,1069,0.9995308533108421
2,1070,0.9444554343828612
2,1071,0.9868714326625041
2,1072,0.9909557694752984
2,1073,0.9913853867676548
2,1074,0.992488310806218
2,1075,0.9968037555596372
2,1076,0.9894973415874749
2,1077,0.8878394285489054
2,1078,0.9738350730120883
2,1079,0.9961857059406806
2,1080,0.9096644304553161
2,1081,0.9994135512419238
2,1082,0.991883483931604
2,1083,0.9977812693954785
2,1084,0.9150459926532921
2,1085,0.9014944928589654
2,1086,0.8656473234439435
2,1087,0.9312916174746341
2,1088,0.9730460625161392
2,1089,0.7764373146784582
2,1090,0.913355667735661
2,1091,0.9041412594840844
2,1092,0.9999997582218908
2,1093,0.8334925286165661
2,1094,0.9183787224102756
2,1095,0.9810903202884685
2,1096,0.963911414533439
2,1097,0.953300713825292
2,1098,0.8733304163823242
2,1099,0.9889870644405663
2,1100,0.9998035606815333
2,1101,0.9550845652024204
2,1102,0.9968940619151029
2,1103,0.9891123538614379
2,1104,0.8251926871418795
2,1105,0.9994271529122205
2,1106,0.9586971927656215
2,1107,0.9824181960358512
2,1108,0.9891656959650029
2,1109,0.9773191337831342
2,1110,0.961066577137145
2,1111,0.9892441233278877
2,1112,0.976272969776719
2,1113,0.824081600698162
2,1114,0.9157054413761817
2,1115,0.9938267110434259
2,1116,0.9796695267077455
2,1117,0.8911644220731083
2,1118,0.9959044422218085
2,1119,0.9300286156539257
2,1120,0.9972398393781344
2,1121,0.9915089507540182
2,1122,0.9908219470176962
2,1123,0.9384815895898264
2,1124,0.8938007087971697
2,1125,0.9910373521857484
2,1126,0.9705899070867368
2,1127,0.9934136066782465
2,1128,0.9999999999999987
2,1129,0.9627854106043321
2,1130,0.9999999999999987
2,1131,0.8969118528271207
2,1132,0.9792718695972468
2,1133,0.9991146444173046
2,1134,0.9950760871142552
2,1135,0.9981732930019378
2,1136,0.9710497977335972
2,1137,0.9118697137529268
2,1138,0.9443385604566119
2,1139,0.9848980902086028
2,1140,0.9988989918679133
2,1141,0.9241788938945125
2,1142,0.9903226754747019
2,1143,0.957123854278093
2,1144,0.9833031799718343
2,1145,0.8441695818462535
2,1146,0.9279379819504378
2,1147,0.9639772988913828
2,1148,0.9999998148234618
2,1149,0.9444643354487264
2,1150,0.9038439387915185
2,1151,0.9985375157208102
2,1152,0.9353587657403708
2,1153,0.9949806573816602
2,1154,0.9891504740325813
2,1155,0.9999785871649599
2,1156,0.8785153411505225
2,1157,0.954962599380131
2,1158,0.9521859548528904
2,1159,0.9992534035771292
2,1160,0.981500922123557
2,1161,0.9736288527171
2,1162,0.9709646047197766
2,1163,0.9707481820168218
2,1164,0.8744565595790035
2,1165,0.9683260452401549
2,1166,0.9929777752346604
2,1167,0.9786300622718316
2,1168,0.9988759421720201
2,1169,0.9570561375527207
2,1170,0.9832011975729128
2,1171,0.7870758703057695
2,1172,0.821593881129723
2,1173,0.9861455913464621
2,1174,0.785215896453278
2,1175,0.9369836257914088
2,1176,0.8852195568943416
2,1177,0.9151248713975607
2,1178,0.9883919071476706
2,1179,0.8515884783761509
2,1180,0.87533600900813
2,1181,0.8774243313588852
2,1182,0.9808121930552512
2,1183,0.8500975599904864
2,1184,0.8867709404375698
2,1185,0.9724782534617672
2,1186,0.9972713809941048
2,1187,0.9861845295584067
2,1188,0.9211875487932307
2,1189,0.8916119622055361
2,1190,0.9501800889446793
2,1191,0.9918991802377534
2,1192,0.9132990915626906
2,1193,0.966055770909065
2,1194,0.7032786529251214
2,1195,0.9886911773952392
2,1196,0.9999753009011862
2,1197,0.9352954238307797
2,1198,0.88826268221685
2,1199,0.9158137708858674
2,1200,0.9535633815116988
2,1201,0.998791854508832
2,1202,0.929548061428168
2,1203,0.8339745745867538
2,1204,0.826263949975593
2,1205,0.9958169700935298
2,1206,0.9749368129940152
2,1207,0.9536940923533936
2,1208,0.962662617308078
2,1209,0.7716758549729164
2,1210,0.8585896112806864
2,1211,0.9949822593869382
2,1212,0.9164857154872252
2,1213,0.9949902926687163
2,1214,0.948456504682589
2,1215,0.9667636316085868
2,1216,0.9737699152945298
2,1217,0.979061307273853
2,1218,0.9928407331068958
2,1219,0.9225314514798619
2,1220,0.8674865936103567
2,1221,0.963460580463933
2,1222,0.9998160942189792
2,1223,0.8918274934194015
2,1224,0.9950060441999682
2,1225,0.9997055738030558
2,1226,0.8370291728490062
2,1227,0.8437030318708169
2,1228,0.8334683578850941
2,1229,0.9571753538294355
2,1230,0.9482067955475153
2,1231,0.9712841722443485
2,1232,0.9825831297175699
2,1233,0.9026043687020217
2,1234,0.9622449555775575
2,1235,0.9999940721198075
2,1236,0.9430293427241868
2,1237,0.9020425209158469
2,1238,0.901413017518033
2,1239,0.9195851410896546
2,1240,0.9734852444687944
2,1241,0.9785758700817585
2,1242,0.8561815632597694
2,1243,0.9396458339290108
2,1244,0.9906007446862314
2,1245,0.9860700778830952
2,1246,0.9397925332666434
2,1247,0.8472272233194864
2,1248,0.9227668532571635
2,1249,0.8670739617945349
2,1250,0.9942475829576005
2,1251,0.9961871430640786
2,1252,0.9786573264061916
2,1253,0.9777001799611679
2,1254,0.9984931049204
2,1255,0.9693274608938262
2,1256,0.916365514158205
2,1257,0.9342772730812425
2,1258,0.752384520222087
2,1259,0.9017099852742545
2,1260,0.9133188990229607
2,1261,0.9902849839646894
2,1262,0.8757530588834952
2,1263,0.9922890881767941
2,1264,0.8890688529053139
2,1265,0.9538264057205458
2,1266,0.9874315635965519
2,1267,0.9103064939379757
2,1268,0.9929298108770508
2,1269,0.932537152317635
2,1270,0.9892455138065289
2,1271,0.9873584531834344
2,1272,0.9480194037400289
2,1273,0.914795833988866
2,1274,0.9950331425569267
2,1275,0.960827963050149
2,1276,0.9155758052109924
2,1277,0.9766931073190069
2,1278,0.9745203091926372
2,1279,0.947338374351634
2,1280,0.9990752690243013
2,1281,0.9551906273963656
2,1282,0.9804451349102997
2,1283,0.9694639128742518
2,1284,0.8782366890185963
2,1285,0.970388243046621
2,1286,0.993309203116982
2,1287,0.9927209248645208
2,1288,0.9891905944631444
2,1289,0.9383876685334632
2,1290,0.9993544771934098
2,1291,0.9415491612161241
2,1292,0.9021420584627066
2,1293,0.9733360581094248
2,1294,0.9544008296852282
2,1295,0.804040881971338
2,1296,0.9992177238726007
2,1297,0.981869111781991
2,1298,0.9669604890961305
2,1299,0.9258538162188962
2,1300,0.9120027256230221
2,1301,0.8487684514287805
2,1302,0.9229369874389939
2,1303,0.970364006654427
2,1304,0.996186487309978
2,1305,0.9640917403509743
2,1306,0.9336356442735109
2,1307,0.9552655538352639
2,1308,0.9785554946935443
2,1309,0.9078384496137039
2,1310,0.8900515057272976
2,1311,0.9904507083735691
2,1312,0.935706524710932
2,1313,0.9132721797474042
2,1314,0.8971464841858501
2,1315,0.9242365540994204
2,1316,0.9644091982766274
2,1317,0.9891365805787294
2,1318,0.9325171356708535
2,1319,0.9354781159184498
2,1320,0.9860666525001538
2,1321,0.9882838899555809
2,1322,0.9770281530160827
2,1323,0.9992355928164992
2,1324,0.7898278342062517
2,1325,0.8653327822577628
2,1326,0.9519160044631725
2,1327,0.8587946696559058
2,1328,0.8285320675341754
2,1329,0.9600290646125095
2,1330,0.9978031919368124
2,1331,0.9635118926514504
2,1332,0.957305922346014
2,1333,0.9986776125696399
2,1334,0.8759747430776862
2,1335,0.9527572524774915
2,1336,0.9819647860274722
2,1337,0.9485404202356204
2,1338,0.9388550600851726
2,1339,0.9657309113701199
2,1340,0.9699878447500876
2,1341,0.9895413414931031
2,1342,0.9857519104341194
2,1343,0.9147989892466846
2,1344,0.963281352525797
2,1345,0.9447943805640558
2,1346,0.9990658460657492
2,1347,0.9296157606586578
2,1348,0.9574505237135971
2,1349,0.9971663867825826
2,1350,0.9625300449614116
2,1351,0.9573747792156186
2,1352,0.9956566038612432
2,1353,0.9142842185473303
2,1354,0.9690765120905352
2,1355,0.8066338044692627
2,1356,0.9803881510303638
2,1357,0.9465672356361434
2,1358,0.9991477387670246
2,1359,0.9992338555467175
2,1360,0.948557276417765
2,1361,0.9997140948825426
2,1362,0.9471117982760677
2,1363,0.9799499006399508
2,1364,0.9940788214457839
2,1365,0.9159374673511754
2,1366,0.9748869572782322
2,1367,0.8794386529754239
2,1368,0.9169804661113713
2,1369,0.9632085372848063
2,1370,0.8161432695642257
2,1371,0.9924720653052553
2,1372,0.9570234320936897
2,1373,0.9983486552209277
2,1374,0.9134941709813618
2,1375,0.9999344374427113
2,1376,0.9591088514272624
2,1377,0.9855498935937108
2,1378,0.9852822321418775
2,1379,0.899850030851751
2,1380,0.9948559031435906
2,1381,0.9770654341962177
2,1382,0.9751187114500913
2,1383,0.9992356855593819
2,1384,0.9484256486757373
2,1385,0.9573549573969873
2,1386,0.9821619811631024
2,1387,0.994052636531466
2,1388,0.9422608610591322
2,1389,0.9942556979334939
2,1390,0.9420719340479896
2,1391,0.9987978856082409
2,1392,0.977235432999382
2,1393,0.6622640771436031
2,1394,0.9820382709790346
2,1395,0.9539096956097711
2,1396,0.9839703056746286
2,1397,0.9815530865185459
2,1398,0.9999597704581148
2,1399,0.9953864264795509
2,1400,0.996166680772376
2,1401,0.8693190940330863
2,1402,0.9998893904006468
2,1403,0.5994908307141575
2,1404,0.9915768951963373
2,1405,0.9977266826285559
2,1406,0.9946146084731214
2,1407,0.9256409428735135
2,1408,0.9091009627711645
2,1409,0.9859845851468336
2,1410,0.9325393761728352
2,1411,0.9940360949356767
2,1412,0.9567795735396604
2,1413,0.9936645534788111
2,1414,0.9618808510399864
2,1415,0.9488898959337465
2,1416,0.9725427513745971
2,1417,0.989162258188721
2,1418,0.9477122313279764
2,1419,0.9715061148242002
2,1420,0.8388357207000875
2,1421,0.9999866221056277
2,1422,0.9965226120425316
2,1423,0.9892573560695769
2,1424,0.9940041942105371
2,1425,0.9850583249456463
2,1426,0.9305667870928173
2,1427,0.9491945000599719
2,1428,0.96561381848823
2,1429,0.9225177350462995
2,1430,0.9999385378300603
2,1431,0.7155892621075557
2,1432,0.9687532467005722
2,1433,0.9609244756201749
2,1434,0.9976098813813973
2,1435,0.8653485464675572
2,1436,0.845679819158469
2,1437,0.9206617193795231
2,1438,0.8724078981219104
2,1439,0.9742375044500666
2,1440,0.8593089190852191
2,1441,0.9143734936563284
2,1442,0.7408861802620773
2,1443,0.9969070864497607
2,1444,0.9699675680030874
2,1445,0.9775004250599824
2,1446,0.9888678684509744
2,1447,0.9595685058774425
2,1448,0.9975255074788067
2,1449,0.9130042445120665
2,1450,0.9679323336236333
2,1451,0.8932184288602163
2,1452,0.8992557456032164
2,1453,0.98718497103068
2,1454,0.9775951378580778
2,1455,0.9743953070796402
2,1456,0.9936314838637245
2,1457,0.9329467622174835
2,1458,0.9860366226259445
2,1459,0.9391947215432599
2,1460,0.951936433454771
2,1461,0.9943662054784274
2,1462,0.9866215529752067
2,1463,0.9161181618385632
2,1464,0.9734643118834931
2,1465,0.9706009886646184
2,1466,0.9459400480567502
2,1467,0.9933505295009574
2,1468,0.7593130141676164
2,1469,0.8869842192510546
2,1470,0.8605021445725234
2,1471,0.9876909181595126
2,1472,0.9642914453509155
2,1473,0.9998401315769038
2,1474,0.9209641885341803
2,1475,0.985062500112327
2,1476,0.9710801448793941
2,1477,0.89943925075455
2,1478,0.9556325506486232
2,1479,0.9291986199495309
2,1480,0.962805562435088
2,1481,0.8595363426398905
2,1482,0.8499731763657121
2,1483,0.8941280223877975
2,1484,0.9890456143931415
2,1485,0.989201162885522
2,1486,0.9992755354067786
2,1487,0.9932949300807008
2,1488,0.9100368137980758
2,1489,0.9997934775435232
2,1490,0.9774484353377662
2,1491,0.9811834601866734
2,1492,0.8555159583573818
2,1493,0.9787198250667913
2,1494,0.996694426134045
2,1495,0.9863687042994131
2,1496,0.943922466434508
2,1497,0.9944053144533888
2,1498,0.9927184416794833
2,1499,0.8993939924181051
2,1500,0.9773784921568285
2,1501,0.9114048840049268
2,1502,0.9866131600943719
2,1503,0.9598558573636871
2,1504,0.9101800151018669
2,1505,0.9698044195856591
2,1506,0.9363203140810632
2,1507,0.993567216712776
2,1508,0.999107816252041
2,1509,0.9806824717641464
2,1510,0.9688564099789475
2,1511,0.9569318574019431
2,1512,0.9296510985777308
2,1513,0.9324084188010462
2,1514,0.9673688912200131
2,1515,0.9944172240163791
2,1516,0.9731097549223767
2,1517,0.9872769815378213
2,1518,0.9395116488762819
2,1519,0.9984927758259707
2,1520,0.9960875662659969
2,1521,0.978130540607138
2,1522,0.968967114689446
2,1523,0.9693037777381549
2,1524,0.9799919425725455
2,1525,0.9587808145439498
2,1526,0.9924320810983073
2,1527,0.97603606419315
2,1528,0.997229882156824
2,1529,0.991674346453155
2,1530,0.9788545927198575
2,1531,0.9281081371696843
2,1532,0.9697317146312402
2,1533,0.7479908166011566
2,1534,0.9480962697406926
2,1535,0.9978805637458913
2,1536,0.9797560125880146
2,1537,0.9997478118554288
2,1538,0.9303620853958401
2,1539,0.9414992425659121
2,1540,0.7886282285361513
2,1541,0.8662729633448207
2,1542,0.8722927752156945
2,1543,0.9469822836995276
2,1544,0.8936586299903271
2,1545,0.9087656088345206
2,1546,0.9431243108170753
2,1547,0.7679880284281497
2,1548,0.8963593946394203
2,1549,0.9999539333978681
2,1550,0.9760846548854842
2,1551,0.9390383976768251
2,1552,0.9929804458240763
2,1553,0.933308691820974
2,1554,0.9327873473548189
2,1555,0.9923410176878575
2,1556,0.9824875806991104
2,1557,0.8502154634330525
2,1558,0.865140830027473
2,1559,0.9952724179862921
2,1560,0.9948986359214983
2,1561,0.8805780694121211
2,1562,0.8116213520627777
2,1563,0.9959297273189776
2,1564,0.9449297680283925
2,1565,0.7393741059159635
2,1566,0.9954290545559268
2,1567,0.9140307689035804
2,1568,0.9725619007468089
2,1569,0.9984974371556604
2,1570,0.9683927519205696
2,1571,0.9931063142178657
2,1572,0.9940228802830862
2,1573,0.9999806394437827
2,1574,0.9264287542945926
2,1575,0.9977099965041352
2,1576,0.9947269002234868
2,1577,0.9913802234724506
2,1578,0.910512768042773
2,1579,0.6792568143934321
2,1580,0.9793817312071652
2,1581,0.7674601862744732
2,1582,0.9787728016735444
2,1583,0.8039127996149367
2,1584,0.9796324788856434
2,1585,0.9452992485732223
2,1586,0.9953588880180808
2,1587,0.912116207768907
2,1588,0.9955227938719214
2,1589,0.9888561153366143
2,1590,0.9633319599970991
2,1591,0.9915992942816079
2,1592,0.9987145323186145
2,1593,0.9998299165851916
2,1594,0.9874561255094683
2,1595,0.9693811026137388
2,1596,0.9654676746993877
2,1597,0.7499071794310875
2,1598,0.8991267379562291
2,1599,0.9950137681599962
2,1600,0.9051641211933931
2,1601,0.9338124457560607
2,1602,0.9977360839897363
2,1603,0.984260840263742
2,1604,0.9920256982052118
2,1605,0.994305515281803
2,1606,0.9882212526623286
2,1607,0.9901100147500526
2,1608,0.9911299136446878
2,1609,0.9962928707647168
2,1610,0.969244172402778
2,1611,0.9667439295570586
2,1612,0.9769988212426529
2,1613,0.9779101425310808
2,1614,0.9783092337860607
2,1615,0.9300422955435868
2,1616,0.9964809402755658
2,1617,0.9373760038050603
2,1618,0.9966268031589804
2,1619,0.9922470459053356
2,1620,0.9999219314277259
2,1621,0.9786003938116725
2,1622,0.9282189945584625
2,1623,0.9273557673518884
2,1624,0.9997763533117422
2,1625,0.9208947228704419
2,1626,0.8991967383202657
2,1627,0.8090933428185237
2,1628,0.9962966384611793
2,1629,0.9293765539518549
2,1630,0.9390672995848978
2,1631,0.9148659876895213
2,1632,0.9501573484527358
2,1633,0.9963811413629897
2,1634,0.9462641193019996
2,1635,0.953317350298418
2,1636,0.9773052575283734
2,1637,0.9563790042944922
2,1638,0.8780319097050473
2,1639,0.9762642289908369
2,1640,0.9986453210099444
2,1641,0.940361185961399
2,1642,0.9998711566645772
2,1643,0.9476458356101927
2,1644,0.9876469857013754
2,1645,0.926849368471074
2,1646,0.9330732713749131
2,1647,0.9984009352952234
2,1648,0.9857650731133769
2,1649,0.9746843318968447
2,1650,0.9727897640017623
2,1651,0.9894739228570666
2,1652,0.9667955820012285
2,1653,0.9769076299319789
2,1654,0.8825194858417561
2,1655,0.9585285621116424
2,1656,0.9431798235959293
2,1657,0.9290695357885019
2,1658,0.9626112134356086
2,1659,0.9508383787877555
2,1660,0.9947311042538232
2,1661,0.9444563869046751
2,1662,0.8924458533727979
2,1663,0.9210078047828701
2,1664,0.9010674426221449
2,1665,0.8106440791972512
2,1666,0.9739291928211182
2,1667,0.9679632126917183
2,1668,0.9481672673545846
2,1669,0.9981308979931877
2,1670,0.9538135360895923
2,1671,0.9264245472679546
2,1672,0.9281165815472334
2,1673,0.7299224476881248
2,1674,0.938241882068552
2,1675,0.9910821754129105
2,1676,0.8543145417383108
2,1677,0.8579492636245001
2,1678,0.9957056706679402
2,1679,0.981236026760976
2,1680,0.964156806517085
2,1681,0.9213072153233265
2,1682,0.9957688849171403
2,1683,0.9846503962133604
2,1684,0.960200294499754
2,1685,0.9142936302003819
2,1686,0.9998989901306353
2,1687,0.9999989128450552
2,1688,0.9583774201517122
2,1689,0.9916329372973224
2,1690,0.9634697845380812
2,1691,0.9278824036974649
2,1692,0.9828389259460582
2,1693,0.9681900705678914
2,1694,0.9063321531202294
2,1695,0.9598833380007945
2,1696,0.9855785185438071
2,1697,0.9593282817146267
2,1698,0.9425533695757387
2,1699,0.897500462314392
2,1700,0.9585819649441416
2,1701,0.9758490326956691
2,1702,0.9982744059040116
2,1703,0.9998180506917389
2,1704,0.9981386946391497
2,1705,0.9643585986717996
2,1706,0.9729490746134078
2,1707,0.9203210916446629
2,1708,0.86379747338595
2,1709,0.8852275833928283
2,1710,0.9991938070010605
2,1711,0.7552213898127719
2,1712,0.94044710299722
2,1713,0.9743825232047626
2,1714,0.9791091785255409
2,1715,0.9515088387882285
2,1716,0.9686029578016827
2,1717,0.9622346165744564
2,1718,0.9739908374522237
2,1719,0.9855936691420734
2,1720,0.783379030512075
2,1721,0.8744687290545955
2,1722,0.9602529521566814
2,1723,0.8723214726001403
2,1724,0.9357654779504111
2,1725,0.9874654964273242
2,1726,0.9136777796969852
2,1727,0.8900371534253291
2,1728,0.976993346592667
2,1729,0.9519706663270745
2,1730,0.9637518638139337
2,1731,0.889866231016235
2,1732,0.973850344965109
2,1733,0.9722671652503616
2,1734,0.9765932982694242
2,1735,0.9520888911206297
2,1736,0.9975784428733926
2,1737,0.9983788355079608
2,1738,0.9261621022496519
2,1739,0.9969891723020116
2,1740,0.9281077392894519
2,1741,0.9991145185664557
2,1742,0.9997116412077163
2,1743,0.9898391259910031
2,1744,0.9358280950311822
2,1745,0.9891614715582594
2,1746,0.9378424093345761
2,1747,0.9376847798945189
2,1748,0.778192604687232
2,1749,0.8523388976804217
2,1750,0.8068405284617501
2,1751,0.9717534614229939
2,1752,0.9744595808635708
2,1753,0.9845934694175972
2,1754,0.9937680104133426
2,1755,0.9988160947464638
2,1756,0.9880460105327104
2,1757,0.9617345170318202
2,1758,0.9974933133459188
2,1759,0.9415147267027676
2,1760,0.9749887769693101
2,1761,0.9999172336190937
2,1762,0.9786033509449222
2,1763,0.9748203002203504
2,1764,0.9194753510272464
2,1765,0.9050482225287717
2,1766,0.9461150316262117
2,1767,0.9528982404654512
2,1768,0.9360973241687985
2,1769,0.9982776007862357
2,1770,0.977786338212873
2,1771,0.8870108454157907
2,1772,0.9988885405322683
2,1773,0.970094077022892
2,1774,0.9998709387638989
2,1775,0.9955878769991164
2,1776,0.9960498466896801
2,1777,0.9969113301325515
2,1778,0.9930378038531802
2,1779,0.9489294957166453
2,1780,0.9563280342870439
2,1781,0.9292583090610098
2,1782,0.9666012391496113
2,1783,0.9036404834554853
2,1784,0.9470670664867524
2,1785,0.9617743866302301
2,1786,0.9931238302376326
2,1787,0.9584511998703998
2,1788,0.9615557849465944
2,1789,0.9999999999999987
2,1790,0.9944180318905718
2,1791,0.8129057437724073
2,1792,0.7244016850611711
2,1793,0.8585350431558421
2,1794,0.9267479649071994
2,1795,0.9649815241213495
2,1796,0.8028852407092715
2,1797,0.9564964993143886
2,1798,0.9726436139785519
2,1799,0.9824909575175969
2,1800,0.8965026799906265
2,1801,0.9542833916835176
2,1802,0.968562402664063
2,1803,0.9998977567169675
2,1804,0.9897313623771209
2,1805,0.9978018635367538
2,1806,0.7704063912013748
2,1807,0.8844979905414172
2,1808,0.9578989397360679
2,1809,0.6970771740747926
2,1810,0.9304572738072902
2,1811,0.9992985485077239
2,1812,0.9804533285236422
2,1813,0.9767825209906535
2,1814,0.9920205556342951
2,1815,0.9684700945102286
2,1816,0.992514143869982
2,1817,0.9315220373348287
2,1818,0.9757679769612667
2,1819,0.9743810482773313
2,1820,0.9999939654415176
2,1821,0.9612325480927908
2,1822,0.9775616890962108
2,1823,0.8824824944543963
2,1824,0.9839619685971666
2,1825,0.9975974321740425
2,1826,0.9666493429194848
2,1827,0.9815425008381061
2,1828,0.9921259055667375
2,1829,0.987433951201375
2,1830,0.8291041803024098
2,1831,0.8686680152516469
2,1832,0.990137329959515
2,1833,0.9276969765569109
2,1834,0.9324793722447154
2,1835,0.8577805329475182
2,1836,0.9859397404133188
2,1837,0.9548495639466427
2,1838,0.9241623940536892
2,1839,0.9476933342154634
2,1840,0.9900095252937473
2,1841,0.9483069168351939
2,1842,0.9999972840831939
2,1843,0.8888187013015507
2,1844,0.9296014387584959
2,1845,0.9642936740356578
2,1846,0.8186350334456155
2,1847,0.9725152733206704
2,1848,0.8764467738825166
2,1849,0.9951901988226045
2,1850,0.9035517203486482
2,1851,0.8893985768347564
2,1852,0.9922532703558309
2,1853,0.9514497252380103
2,1854,0.9476053459195354
2,1855,0.9996778687512962
2,1856,0.9812322398099542
2,1857,0.9780501939200128
2,1858,0.9737029841539658
2,1859,0.9646342661247819
2,1860,0.9551475076081996
2,1861,0.9996931472291929
2,1862,0.9754816954898855
2,1863,0.9725796335588782
2,1864,0.9709748591397479
2,1865,0.990200301109029
2,1866,0.9621066413748426
2,1867,0.9993432516961193
2,1868,0.9912325750267957
2,1869,0.9416730128059038
2,1870,0.6525122730352105
2,1871,0.6886053570596775
2,1872,0.9060590065025251
2,1873,0.9591239929927718
2,1874,0.994881753066983
2,1875,0.9770710225284387
2,1876,0.915290919008433
2,1877,0.8141529129301647
2,1878,0.9836175777007667
2,1879,0.9797962447927924
2,1880,0.9976410421436334
2,1881,0.9910400734536697
2,1882,0.8933684884876795
2,1883,0.9272012303177242
2,1884,0.9789302294335167
2,1885,0.994946734956899
2,1886,0.6978418193918414
2,1887,0.9445011946646454
2,1888,0.9703677697248231
2,1889,0.921390221120216
2,1890,0.9762645421590576
2,1891,0.9722041246647606
2,1892,0.8619619084751498
2,1893,0.7684169587484575
2,1894,0.976638235614582
2,1895,0.8527934799253084
2,1896,0.9758850850719764
2,1897,0.800285272515924
2,1898,0.942302888661044
2,1899,0.9357510846943962
2,1900,0.9966222524593462
2,1901,0.9868200020687501
2,1902,0.8499547665935265
2,1903,0.9883846379798613
2,1904,0.8754054494146972
2,1905,0.9456717832861957
2,1906,0.9468292817364813
2,1907,0.9657320882032852
2,1908,0.9776299741133763
2,1909,0.9794218397339219
2,1910,0.9999114942111221
2,1911,0.8933242311753251
2,1912,0.991875282675777
2,1913,0.9738933968333257
2,1914,0.9574302905261404
2,1915,0.9662695645364167
2,1916,0.9415782785462882
2,1917,0.9992289959925211
2,1918,0.9990623198701721
2,1919,0.9270355320182891
2,1920,0.7909840881798924
2,1921,0.9440516588213038
2,1922,0.9783605333840281
2,1923,0.9292452082234378
2,1924,0.6472607397493387
2,1925,0.9578938262688509
2,1926,0.9459876439265176
2,1927,0.9510120167745559
2,1928,0.9597604199473955
2,1929,0.972339891173418
2,1930,0.9018347886189818
2,1931,0.9844402413393283
2,1932,0.9718012107361218
2,1933,0.8847702474443394
2,1934,0.983886039599852
2,1935,0.9781828664285892
2,1936,0.8721577735636011
2,1937,0.9987888500297725
2,1938,0.9385431504960865
2,1939,0.9916937777063235
2,1940,0.9225874695069635
2,1941,0.9714591211899594
2,1942,0.9729060463709343
2,1943,0.8628649975365781
2,1944,0.9476419642848474
2,1945,0.9886121260688219
2,1946,0.9458184906482627
2,1947,0.9529778842440468
2,1948,0.9709321080569908
2,1949,0.9895961697321778
2,1950,0.9961054518795328
2,1951,0.993158523883922
2,1952,0.871079567092021
2,1953,0.9953472050697098
2,1954,0.9448699134039467
2,1955,0.9447957681619823
2,1956,0.9476191866900245
2,1957,0.7492977013092009
2,1958,0.9354018469977631
2,1959,0.9606941764990815
2,1960,0.9143729901885598
2,1961,0.9934796800635747
2,1962,0.9876191607609093
2,1963,0.9377328106264492
2,1964,0.9975659894061538
2,1965,0.890513650910896
2,1966,0.999244249390805
2,1967,0.9979402889021617
2,1968,0.9626385990021311
2,1969,0.9995327432415213
2,1970,0.9967124146409558
2,1971,0.8853041412514491
2,1972,0.9107087934699867
2,1973,0.8473776968288126
2,1974,0.925441129353951
2,1975,0.9324808317950862
2,1976,0.9121224461248207
2,1977,0.9760209087072604
2,1978,0.9961681179531848
2,1979,0.9560525308296078
2,1980,0.9682543102404958
2,1981,0.9566583471193603
2,1982,0.9839761209174805
2,1983,0.947754241917697
2,1984,0.9693745939416537
2,1985,0.9484332760744878
2,1986,0.8902557904207652
2,1987,0.9841476092752205
2,1988,0.8092238150914755
2,1989,0.9323448505992874
2,1990,0.9267575439284399
2,1991,0.97255051904541
2,1992,0.9489986746321438
2,1993,0.8574444242368412
2,1994,0.9532207649383772
2,1995,0.987591423264726
2,1996,0.8444924860604999
2,1997,0.9687955457765651
2,1998,0.8751641315499906
2,1999,0.849516330427811
3,0,0.9514267504524437
3,1,0.9509187706462301
3,2,0.9885238622626604
3,3,0.9981430160847217
3,4,0.9917033130605182
3,5,0.8876434458863527
3,6,0.9223891323283006
3,7,0.8797381403534548
3,8,0.9983140265941323
3,9,0.9241288906361929
3,10,0.9580606116486375
3,11,0.8933841093507322
3,12,0.976759145128057
3,13,0.9837043040818733
3,14,0.9999344770126911
3,15,0.9753374205135097
3,16,0.9136249444209866
3,17,0.9549754870659176
3,18,0.947367828397371
3,19,0.9991257153596603
3,20,0.9501601003219547
3,21,0.9758709480456571
3,22,0.9620762432279863
3,23,0.9806057684376871
3,24,0.9168706613983699
3,25,0.9990366325298643
3,26,0.9996584338941554
3,27,0.9900471516333034
3,28,0.9729579293111532
3,29,0.9905490279653621
3,30,0.9665407808623312
3,31,0.9615158138338288
3,32,0.9874639021315778
3,33,0.9528564527700409
3,34,0.8133904414129377
3,35,0.9835139036901949
3,36,0.9937606245126027
3,37,0.9049004338618591
3,38,0.9998127749937272
3,39,0.9703265435500272
3,40,0.9845242783790753
3,41,0.9838154708150052
3,42,0.9526256077612513
3,43,0.9897046628159618
3,44,0.9388907551911829
3,45,0.8616107427715549
3,46,0.9722235844329978
3,47,0.7965502753145541
3,48,0.9074787915973456
3,49,0.9880464605895166
3,50,0.9631382699701345
3,51,0.9977395144404347
3,52,0.8644694319031666
3,53,0.8489916949828815
3,54,0.9588457230255883
3,55,0.7412063750676444
3,56,0.969622952677739
3,57,0.9991750983615815
3,58,0.9559601344230007
3,59,0.9847104756727746
3,60,0.9807857450594009
3,61,0.9966806207832073
3,62,0.9435610476036105
3,63,0.9763572743144923
3,64,0.9998259497043884
3,65,0.9961043561754004
3,66,0.8345627858600132
3,67,0.9495435334764246
3,68,0.8864420465129653
3,69,0.9520826330044856
3,70,0.9998610510603518
3,71,0.9991768089495828
3,72,0.9164619047493464
3,73,0.8558869979877779
3,74,0.9141653280244884
3,75,0.953335578394129
3,76,0.9894334639411075
3,77,0.8780922125132796
3,78,0.8040650886908852
3,79,0.971877369733224
3,80,0.8398886026366097
3,81,0.987197497105254
3,82,0.9856414935601464
3,83,0.979280277536256
3,84,0.9967090520362843
3,85,0.9712157995160844
3,86,0.9804043306062118
3,87,0.9395034704362012
3,88,0.9998317912994744
3,89,0.9849627278014298
3,90,0.8838196276104973
3,91,0.9053354080278463
3,92,0.8113591774306663
3,93,0.9601202860048074
3,94,0.997038504477
3,95,0.8462153753028493
3,96,0.9582822024029862
3,97,0.9843667460156732
3,98,0.8692445650641952
3,99,0.9537578641789244
3,100,0.9715652463847665
3,101,0.9718560072919848
3,102,0.8813900943657099
3,103,0.7921026474497286
3,104,0.8727819618041993
3,105,0.9989149198961607
3,106,0.9129824633728997
3,107,0.9876662542222823
3,108,0.8865175486919333
3,109,0.9643999746858589
3,110,0.9886520922409392
3,111,0.8913502726959545
3,112,0.9082858675747467
3,113,0.9664547923601675
3,114,0.8897086118670886
3,115,0.6283969501822816
3,116,0.9657134192528128
3,117,0.9952272364687739
3,118,0.9727897902963718
3,119,0.8400909958407083
3,120,0.9999278253813086
3,121,0.887962525714599
3,122,0.8826275180309874
3,123,0.9999616291490241
3,124,0.9717947891329725
3,125,0.9720791810823105
3,126,0.9181452760614821
3,127,0.9537402028507156
3,128,0.9945936091510067
3,129,0.9450648275737354
3,130,0.9843355985800784
3,131,0.9754825170098599
3,132,0.9905418655198243
3,133,0.9847756118915079
3,134,0.9693579765401882
3,135,0.9957812914177531
3,136,0.9706079874258141
3,137,0.9030520676344271
3,138,0.945180348960432
3,139,0.9013131075259131
3,140,0.9993282311873825
3,141,0.9715598506636961
3,142,0.976219636941266
3,143,0.9665027357141018
3,144,0.8880905086055025
3,145,0.9949831494853867
3,146,0.9102434760032972
3,147,0.9736528128298401
3,148,0.9948045789469184
3,149,0.9359806400724219
3,150,0.9938410340260241
3,151,0.99265028882831
3,152,0.8808674648055038
3,153,0.9405040941655086
3,154,0.9725831327001117
3,155,0.9645410950573472
3,156,0.7767391235787613
3,157,0.9557109976201621
3,158,0.9282371023857551
3,159,0.9913852874601409
3,160,0.9795290430561243
3,161,0.8879028060693962
3,162,0.9523490692799682
3,163,0.9845891417298768
3,164,0.9425203840914852
3,165,0.9823653357769135
3,166,0.9696706776231421
3,167,0.9785198364395404
3,168,0.9933703266268509
3,169,0.9549014793568134
3,170,0.9954135645440344
3,171,0.9360393764442183
3,172,0.9821791216429192
3,173,0.9836622262281245
3,174,0.9223518592966754
3,175,0.9581553268853578
3,176,0.842701782226222
3,177,0.8265060521788428
3,178,0.9775570077498393
3,179,0.8875190913889838
3,180,0.8856694716396349
3,181,0.9326616627710002
3,182,0.8679206163675812
3,183,0.9485907796046419
3,184,0.9896348314115815
3,185,0.9581555797203479
3,186,0.9645574392301849
3,187,0.9125704671244605
3,188,0.9260207871293287
3,189,0.9070845279160069
3,190,0.9941800907547458
3,191,0.9988589493388992
3,192,0.9119099259296142
3,193,0.919232307475408
3,194,0.9772225304074635
3,195,0.9475017632844746
3,196,0.9816716088983001
3,197,0.9561478903216997
3,198,0.9636120600804297
3,199,0.9990935835001691
3,200,0.9983711559103898
3,201,0.982545069323318
3,202,0.8994616744039394
3,203,0.9207576325117716
3,204,0.9970434150265428
3,205,0.9273458754238431
3,206,0.9783840057188162
3,207,0.7190524569161323
3,208,0.8907454936286671
3,209,0.998952003753124
3,210,0.9123531648962574
3,211,0.946529304512307
3,212,0.9871145538956615
3,213,0.9988504937389706
3,214,0.9786501653690095
3,215,0.9967438710572825
3,216,0.8097120382167011
3,217,0.9442143426323749
3,218,0.9589762643551837
3,219,0.9954768813779569
3,220,0.9873932709837138
3,221,0.9806825921672065
3,222,0.8528381755406318
3,223,0.9266571015319747
3,224,0.9008097506470523
3,225,0.9948874101818644
3,226,0.9680027543014053
3,227,0.9402401228535927
3,228,0.9727571029269821
3,229,0.956004289923455
3,230,0.9930542643177291
3,231,0.919355302257502
3,232,0.9972972630454503
3,233,0.9963675105356687
3,234,0.9820631222616071
3,235,0.9878144917968433
3,236,0.7728171320345796
3,237,0.999984132114966
3,238,0.9994047113676026
3,239,0.9231373314070943
3,240,0.986873383548938
3,241,0.9922300080427516
3,242,0.9939832536760884
3,243,0.9784355045375842
3,244,0.9992891325696912
3,245,0.9996030996057017
3,246,0.9888586312616574
3,247,0.8609211123378654
3,248,0.9919942118069477
3,249,0.9551566783741567
3,250,0.9795452720281237
3,251,0.930990355126217
3,252,0.9987755271251294
3,253,0.9889413964373086
3,254,0.9788114214386368
3,255,0.9976278658726894
3,256,0.8690955588659813
3,257,0.9267111164455232
3,258,0.971306784149735
3,259,0.9999115782610153
3,260,0.9322161798823879
3,261,0.8470487466648615
3,262,0.9139385019769983
3,263,0.9748462837102414
3,264,0.9866409519488869
3,265,0.9756843105621954
3,266,0.9616054481011828
3,267,0.9999803368334771
3,268,0.9877276159979089
3,269,0.9181189943774817
3,270,0.9757760897863423
3,271,0.6216433986732214
3,272,0.7110945568243452
3,273,0.9798055069494734
3,274,0.9697798283619224
3,275,0.9734576090063028
3,276,0.7612425911691689
3,277,0.8408161795865776
3,278,0.9797453384033246
3,279,0.9964708195386002
3,280,0.8117989536210427
3,281,0.9211147011641553
3,282,0.9248220995671445
3,283,0.9784020708788757
3,284,0.9955918462502756
3,285,0.9927636695485403
3,286,0.8644620462005683
3,287,0.9047961193334615
3,288,0.6642931758553187
3,289,0.9983822878021942
3,290,0.9989907001358701
3,291,0.9192924651204394
3,292,0.9866395731346378
3,293,0.995133324501865
3,294,0.9722745928021124
3,295,0.9686787430151798
3,296,0.9669173940949249
3,297,0.9451353534923932
3,298,0.9479394018273626
3,299,0.9195081605410383
3,300,0.9155710927200303
3,301,0.999323623412807
3,302,0.9614552717508444
3,303,0.9783719743766202
3,304,0.9960419247462284
3,305,0.9809144331354411
3,306,0.9502225930657718
3,307,0.9302038392422364
3,308,0.8824428690245343
3,309,0.9845330367211512
3,310,0.9995565012348913
3,311,0.937379795295357
3,312,0.9769160270870617
3,313,0.9195245360711229
3,314,0.8521271363706328
3,315,0.8382121463703105
3,316,0.701360015961457
3,317,0.8457226694141767
3,318,0.9686613266251721
3,319,0.915422874112101
3,320,0.9869684042496798
3,321,0.8009982048591101
3,322,0.9329746421233818
3,323,0.863847496171411
3,324,0.9974716090751528
3,325,0.9950416694120499
3,326,0.9870323066340394
3,327,0.9791842547503367
3,328,0.8850125369629684
3,329,0.9812859475780787
3,330,0.9819289515315708
3,331,0.9319036200057526
3,332,0.9531230524592555
3,333,0.9885374125974455
3,334,0.9607308011149277
3,335,0.9409699170192967
3,336,0.8694446021948325
3,337,0.9759873896791255
3,338,0.9336575797268561
3,339,0.9469873459997271
3,340,0.9007153486374243
3,341,0.944529874243097
3,342,0.9836915714819597
3,343,0.7646259754172197
3,344,0.897571213455101
3,345,0.9397811314526864
3,346,0.9888805206129806
3,347,0.9560081707054598
3,348,0.9894031047941942
3,349,0.8102832949683034
3,350,0.9988349972505693
3,351,0.9897651752063857
3,352,0.9047818014217391
3,353,0.8778522374975962
3,354,0.9774019897095072
3,355,0.8508654850984511
3,356,0.9331389571023672
3,357,0.9539960811916184
3,358,0.9383616386137953
3,359,0.9957232835144796
3,360,0.9876929728664938
3,361,0.9880490949481866
3,362,0.9435208178839535
3,363,0.9978351498363814
3,364,0.9668934721774197
3,365,0.9881996460994615
3,366,0.9320386992031771
3,367,0.9622600299870195
3,368,0.9709617466426859
3,369,0.9999342823543588
3,370,0.9756743448494263
3,371,0.9213075936398903
3,372,0.9267795139998717
3,373,0.9949324367146751
3,374,0.9884099729078106
3,375,0.9186369983064561
3,376,0.805392821404751
3,377,0.9583219078737533
3,378,0.912744892203226
3,379,0.9653203237557124
3,380,0.7652246778096099
3,381,0.9865188720694629
3,382,0.9950556814165867
3,383,0.9987239088052713
3,384,0.9989891436840597
3,385,0.990424022325869
3,386,0.9897040284770801
3,387,0.9029921948104448
3,388,0.9697994291089701
3,389,0.9336192031236116
3,390,0.9797412508774662
3,391,0.9839789589129759
3,392,0.9620417004947678
3,393,0.9904861469405618
3,394,0.7505255871313794
3,395,0.8438939308288289
3,396,0.9909022228355169
3,397,0.9713839913158511
3,398,0.9990232925649879
3,399,0.9841049752378337
3,400,0.9161889068692377
3,401,0.970606738687111
3,402,0.9836256804535034
3,403,0.8700530432459986
3,404,0.9956790494408705
3,405,0.5133021138007704
3,406,0.8989965562457335
3,407,0.8314776647001418
3,408,0.9715586687131025
3,409,0.9914175610317039
3,410,0.8881845010595439
3,411,0.8931992476338252
3,412,0.8919248618814741
3,413,0.8580275265861671
3,414,0.9898183800372342
3,415,0.9428850925429884
3,416,0.9733617730669043
3,417,0.8930517425678492
3,418,0.9670548999478901
3,419,0.9962668170683123
3,420,0.9891612413874872
3,421,0.9937721360242049
3,422,0.9704985225462527
3,423,0.9346809334318239
3,424,0.8832299469179113
3,425,0.9807568530833084
3,426,0.9999992232363406
3,427,0.9927448599120908
3,428,0.9654538214123076
3,429,0.9593628440713848
3,430,0.982824218591866
3,431,0.9944284609921514
3,432,0.9726731881316399
3,433,0.8636078795879756
3,434,0.9418418773897923
3,435,0.8969448788302596
3,436,0.9978674607253238
3,437,0.9525037657410057
3,438,0.7927899241331071
3,439,0.9751503045752361
3,440,0.92780134778595
3,441,0.9975409221326464
3,442,0.9907345356755937
3,443,0.9722474356503464
3,444,0.9234616350918626
3,445,0.9718741040757091
3,446,0.9356071695557696
3,447,0.9962712585479672
3,448,0.9908598713160455
3,449,0.9826249036090536
3,450,0.883847289295539
3,451,0.9935440150011983
3,452,0.9162218716126949
3,453,0.965766376815656
3,454,0.8923308625648547
3,455,0.9907937400953785
3,456,0.989694203041937
3,457,0.9778480973027124
3,458,0.99268280677918
3,459,0.7706239642308718
3,460,0.9822684624575527
3,461,0.9969490079446346
3,462,0.9770871714849492
3,463,0.87141987151289
3,464,0.9999751400828718
3,465,0.9987232714151892
3,466,0.9821169855078306
3,467,0.9731234952265314
3,468,0.9865451300879189
3,469,0.9151920049776999
3,470,0.7452507394040527
3,471,0.9538114472047593
3,472,0.9201579079812214
3,473,0.992526417885904
3,474,0.8297819657700566
3,475,0.9410252458715429
3,476,0.9316652852298041
3,477,0.9997694401605162
3,478,0.9038968719760685
3,479,0.8423350009997678
3,480,0.9654471521685317
3,481,0.9535502862698225
3,482,0.9832734469460105
3,483,0.9997100861000594
3,484,0.9467788299688434
3,485,0.9683030849805703
3,486,0.9446138439505609
3,487,0.7415881341934268
3,488,0.9978103985428972
3,489,0.990176372841488
3,490,0.8836973413605452
3,491,0.9532225959227331
3,492,0.9630332234457155
3,493,0.9734212005878101
3,494,0.946934140217621
3,495,0.9896058429987614
3,496,0.9982345998977419
3,497,0.871197941602446
3,498,0.9757288040476828
3,499,0.9197609399896729
3,500,0.9755552187616687
3,501,0.9145434164998468
3,502,0.9741467419156341
3,503,0.9849161411901621
3,504,0.9951439693830535
3,505,0.9459147494364895
3,506,0.753802021965749
3,507,0.9782532147185392
3,508,0.8917811975277776
3,509,0.9913627316409211
3,510,0.9808797545075856
3,511,0.9878137844354493
3,512,0.920078761964999
3,513,0.8799359937757228
3,514,0.9149488835520693
3,515,0.9849936552214344
3,516,0.9667307127019372
3,517,0.888217648065595
3,518,0.9399977719315437
3,519,0.9875051264899449
3,520,0.9854734617846176
3,521,0.9527210932945112
3,522,0.9597428975251935
3,523,0.9647302153497703
3,524,0.9463969628546879
3,525,0.9928968116767247
3,526,0.954434850675444
3,527,0.9785481325396663
3,528,0.8608091930798655
3,529,0.8854792679806357
3,530,0.9685520828376405
3,531,0.9340829973758377
3,532,0.8759312480584949
3,533,0.9891173569244657
3,534,0.9999269770066957
3,535,0.9167047066683577
3,536,0.982687317577119
3,537,0.945320987664165
3,538,0.941271274775709
3,539,0.6484089190278624
3,540,0.8393687011041976
3,541,0.9646846797196114
3,542,0.9829325315950692
3,543,0.9981948046084486
3,544,0.9583174347474771
3,545,0.9396812560166351
3,546,0.9999857244959421
3,547,0.9741142887154053
3,548,0.9426507692209642
3,549,0.9900039815157291
3,550,0.9445732612991291
3,551,0.8482821041284454
3,552,0.9755441572503092
3,553,0.8099041948473982
3,554,0.9532008681228602
3,555,0.8166731234151731
3,556,0.9966434156549249
3,557,0.9962280757122942
3,558,0.9715479486782709
3,559,0.6796779864999226
3,560,0.7519818827170949
3,561,0.9996708127042353
3,562,0.9078404546253857
3,563,0.9600528121282315
3,564,0.9951370619380422
3,565,0.9621090537933352
3,566,0.9756213347459665
3,567,0.9552722970349217
3,568,0.7697271430235898
3,569,0.8865768026232721
3,570,0.9999557661155707
3,571,0.9999950970870047
3,572,0.975044621613298
3,573,0.9969900299590018
3,574,0.9679649446505024
3,575,0.9948162262365844
3,576,0.9957281783817554
3,577,0.9750802217916023
3,578,0.9824563800712995
3,579,0.9432896725611484
3,580,0.9891315337244756
3,581,0.9998851053533512
3,582,0.9996441168838401
3,583,0.8346859384091104
3,584,0.9936651142100686
3,585,0.9556312262976868
3,586,0.9912453343548875
3,587,0.9443711149706057
3,588,0.9376993429906151
3,589,0.997685452268688
3,590,0.9805779921261195
3,591,0.975562398847788
3,592,0.9347817434792349
3,593,0.9755645702986401
3,594,0.9985290895679789
3,595,0.9889000383593889
3,596,0.9955337145767266
3,597,0.9491721951330777
3,598,0.9859450451954441
3,599,0.9993666738471331
3,600,0.9910258792916098
3,601,0.9283548802048767
3,602,0.8194149661250449
3,603,0.9185562537432024
3,604,0.9988813231643637
3,605,0.9902739694434162
3,606,0.9948325327469861
3,607,0.9748076845515368
3,608,0.8947921387899832
3,609,0.848545378506647
3,610,0.9094137684633696
3,611,0.9935517153524551
3,612,0.9358153835533969
3,613,0.9841489806283914
3,614,0.9970614867417676
3,615,0.9773660989466404
3,616,0.994962841624566
3,617,0.9648613422354029
3,618,0.9695726203074196
3,619,0.9966231498854433
3,620,0.9833053412533505
3,621,0.9576116019019834
3,622,0.9562647048849936
3,623,0.7747360373858091
3,624,0.9192041344514216
3,625,0.9332862428005223
3,626,0.8770265690776374
3,627,0.9763263723956761
3,628,0.839887962744063
3,629,0.9924083854021425
3,630,0.9930300317592716
3,631,0.9748105518945508
3,632,0.9807779925991149
3,633,0.9365281994706596
3,634,0.9969291059411381
3,635,0.9874410147534375
3,636,0.9919308869102856
3,637,0.9998868201358139
3,638,0.9997845123139479
3,639,0.7979076879727192
3,640,0.9844666622782902
3,641,0.994700558484335
3,642,0.9404948828175468
3,643,0.9550754252890035
3,644,0.9842133461144447
3,645,0.9298046386147998
3,646,0.9778542951079878
3,647,0.9967445075866326
3,648,0.9589368615391001
3,649,0.8889690719851103
3,650,0.8714699318066814
3,651,0.9843205179152363
3,652,0.9530837785772386
3,653,0.961722000738482
3,654,0.9992557309312333
3,655,0.9924808095405724
3,656,0.9968798861418351
3,657,0.9999998818075883
3,658,0.9321147049618201
3,659,0.8541894693246852
3,660,0.9859415771475841
3,661,0.9879356161878401
3,662,0.9731338297471059
3,663,0.9903011727203179
3,664,0.8197876016766636
3,665,0.9546240772753679
3,666,0.8879050942341382
3,667,0.9688977283491763
3,668,0.9294075004120698
3,669,0.99832599297437
3,670,0.92762759013019
3,671,0.970974003555686
3,672,0.9096770982082546
3,673,0.9764745555024041
3,674,0.9715751671451546
3,675,0.9090844220794028
3,676,0.9883858495814986
3,677,0.9944023580852983
3,678,0.7249992361411471
3,679,0.9350385658771877
3,680,0.9064330607557345
3,681,0.9615378694697913
3,682,0.9786899160620633
3,683,0.9634751514351977
3,684,0.9514589599374474
3,685,0.9381066037584865
3,686,0.9970574513283392
3,687,0.8464524379566906
3,688,0.8489856432163925
3,689,0.9175531514949752
3,690,0.9830226531743954
3,691,0.9953208382517367
3,692,0.9995257895844173
3,693,0.9974967302344773
3,694,0.996854183775471
3,695,0.9973777240713754
3,696,0.9714726874646002
3,697,0.950628232109362
3,698,0.9059270693853156
3,699,0.9462138604844809
3,700,0.9819803587967328
3,701,0.9724869581567901
3,702,0.9100015833416395
3,703,0.9544918297526963
3,704,0.8457524991972816
3,705,0.9855223206229056
3,706,0.9668500335723108
3,707,0.9808031102653574
3,708,0.7540199282872692
3,709,0.9962692566174643
3,710,0.995513924013429
3,711,0.8290273199116409
3,712,0.8982509138261118
3,713,0.9811869192632251
3,714,0.7649315262195823
3,715,0.9990330260499312
3,716,0.9189700432556013
3,717,0.9988326335243495
3,718,0.9784238263074958
3,719,0.9993735264302064
3,720,0.919735955016023
3,721,0.9874292152594494
3,722,0.8737348120496925
3,723,0.9907569932840866
3,724,0.9807725943558906
3,725,0.9362570420229693
3,726,0.8258878885335874
3,727,0.998742218268417
3,728,0.9831526997534581
3,729,0.968015318584507
3,730,0.9761256036446602
3,731,0.9891701801097788
3,732,0.990294803121032
3,733,0.9837689712223956
3,734,0.9401465634538052
3,735,0.9507622177344607
3,736,0.9518251186697201
3,737,0.9998301059987368
3,738,0.9874213786484278
3,739,0.9473011926402158
3,740,0.9482300075201849
3,741,0.9921469574765229
3,742,0.9730993184361102
3,743,0.9759332390349384
3,744,0.9743309197450631
3,745,0.9878330878957172
3,746,0.9619071264123851
3,747,0.9983234450235876
3,748,0.9710443386454325
3,749,0.7646108995759664
3,750,0.8437587288622495
3,751,0.9969170510934349
3,752,0.9989714558674689
3,753,0.981614973837215
3,754,0.9951317570768219
3,755,0.9093775291887342
3,756,0.9928896378254656
3,757,0.9585170541219693
3,758,0.9904329533127311
3,759,0.9702924587243101
3,760,0.9921728768949275
3,761,0.7863431294826564
3,762,0.9835654278862527
3,763,0.9383540043731089
3,764,0.9591105896444558
3,765,0.9655542880966744
3,766,0.9737721856989688
3,767,0.9966611420616995
3,768,0.9970719006781241
3,769,0.9223997595183955
3,770,0.8546766649597265
3,771,0.9660100231845125
3,772,0.9599327467711176
3,773,0.9803916139891805
3,774,0.9013822195878511
3,775,0.9819518647347477
3,776,0.7005612165033879
3,777,0.9952130548224809
3,778,0.9670803366563813
3,779,0.997940854095578
3,780,0.9179368426171178
3,781,0.9966396606406708
3,782,0.9917113839303856
3,783,0.9706963892690943
3,784,0.945907374835955
3,785,0.8501586281473733
3,786,0.9707746332702298
3,787,0.8799690888166863
3,788,0.7802290698098621
3,789,0.9969627291644623
3,790,0.9215135440986278
3,791,0.9564496289644163
3,792,0.9179016641892129
3,793,0.9053828860011012
3,794,0.8593775292791913
3,795,0.8317446179243485
3,796,0.9286062239283802
3,797,0.9066633535638854
3,798,0.7375185500935667
3,799,0.7388021915870867
3,800,0.9691618088879834
3,801,0.9534444883098755
3,802,0.9863876434364514
3,803,0.8351559336386712
3,804,0.8036710787343572
3,805,0.9528734808445328
3,806,0.948464447895201
3,807,0.8742815340061132
3,808,0.8095758715307194
3,809,0.9832327741560639
3,810,0.9953605553973986
3,811,0.9897953415051931
3,812,0.9985758688857475
3,813,0.985723413361254
3,814,0.9309277771519738
3,815,0.9956093921805458
3,816,0.7740489064110412
3,817,0.9973241375864621
3,818,0.9617090658492123
3,819,0.8060170520831416
3,820,0.9044355155781073
3,821,0.8424756526917584
3,822,0.9496130315009401
3,823,0.9158735044295272
3,824,0.9877987848213742
3,825,0.7843511648782492
3,826,0.998193926650958
3,827,0.9305052269912746
3,828,0.9820244099980339
3,829,0.9092642194474512
3,830,0.9451263118918789
3,831,0.9959854474703025
3,832,0.9946851298563653
3,833,0.9076687511356496
3,834,0.9966892180233249
3,835,0.9228137167943187
3,836,0.9306173633160236
3,837,0.9821013395586027
3,838,0.9982051815256364
3,839,0.8906312136199199
3,840,0.9926399824882117
3,841,0.7782421927830662
3,842,0.8320822225253575
3,843,0.543903247715809
3,844,0.9749144304127807
3,845,0.9449468135995144
3,846,0.9164283681915333
3,847,0.9835820314631292
3,848,0.9407721855410767
3,849,0.9960929219853755
3,850,0.9645197370096904
3,851,0.9683789363289288
3,852,0.9935804549125341
3,853,0.6941203312563767
3,854,0.9445472175326947
3,855,0.9966028697106217
3,856,0.9625395126187223
3,857,0.9972352124067858
3,858,0.865197644738932
3,859,0.9020683566868211
3,860,0.9711332983883407
3,861,0.9183241520942896
3,862,0.9923175048636333
3,863,0.862889401189737
3,864,0.7717598395533196
3,865,0.7307716830140008
3,866,0.9992871977511076
3,867,0.7533596813576491
3,868,0.9828402945730503
3,869,0.942483031790561
3,870,0.9025910529527504
3,871,0.9970994796504916
3,872,0.7826984423583204
3,873,0.9819080886122525
3,874,0.8764287535956975
3,875,0.8855672645672104
3,876,0.9982280077726341
3,877,0.996296773502961
3,878,0.8124999149814542
3,879,0.8929796901406196
3,880,0.861202466678799
3,881,0.992275868662317
3,882,0.9608527511451184
3,883,0.9822407638534458
3,884,0.8578611952738437
3,885,0.9802987259820692
3,886,0.9297433931250533
3,887,0.6398593953445836
3,888,0.9968331594641393
3,889,0.9406887438236805
3,890,0.9836273178228043
3,891,0.8769082976367656
3,892,0.9436448428455243
3,893,0.9992759606163556
3,894,0.9746943793399915
3,895,0.9699835625294623
3,896,0.9978810331539077
3,897,0.9468221004173137
3,898,0.9975147072062704
3,899,0.9564149486334816
3,900,0.8890067439917323
3,901,0.9745623735392767
3,902,0.9709527152969255
3,903,0.9646100420717592
3,904,0.9704043603015868
3,905,0.9278420922911328
3,906,0.843387772275024
3,907,0.993005360103298
3,908,0.9659032289229945
3,909,0.7499432984524396
3,910,0.9746949249905195
3,911,0.9378960397601774
3,912,0.9516363085956336
3,913,0.7712707994498322
3,914,0.9973189538260941
3,915,0.9923810561435915
3,916,0.9125042041940529
3,917,0.8760032609346228
3,918,0.9774590753879951
3,919,0.9664074963004913
3,920,0.9759558175031237
3,921,0.9099244488695397
3,922,0.9149089225675008
3,923,0.9932918041859529
3,924,0.8745033831038114
3,925,0.9935487784629952
3,926,0.9077700484503439
3,927,0.9853314178712009
3,928,0.8547803920640344
3,929,0.9936475271812287
3,930,0.9772064966311232
3,931,0.935330724757049
3,932,0.9831027576820115
3,933,0.9890535031160291
3,934,0.9042881724348538
3,935,0.9910967805278047
3,936,0.9496303245403389
3,937,0.9898614543850976
3,938,0.9855641374416636
3,939,0.9919174180521808
3,940,0.9987048084759718
3,941,0.8912516630596461
3,942,0.996962869824024
3,943,0.9845155013374408
3,944,0.9662277892662846
3,945,0.9374376713011743
3,946,0.9996921369254603
3,947,0.9741735628047355
3,948,0.9927450589358483
3,949,0.9619545376500221
3,950,0.9418599699420079
3,951,0.9509581073986824
3,952,0.9498875873926613
3,953,0.9731739856940298
3,954,0.9837277007150217
3,955,0.9766204371237835
3,956,0.9518343645553144
3,957,0.9988417139128262
3,958,0.9948356334212547
3,959,0.9929423856310483
3,960,0.9954268917469724
3,961,0.9781208249226807
3,962,0.9995112257379668
3,963,0.9751776172232207
3,964,0.9648382522425587
3,965,0.9923000359530504
3,966,0.9586543015551412
3,967,0.9783063411556033
3,968,0.8714248331971085
3,969,0.9150376604981219
3,970,0.992003345602255
3,971,0.9223081634374378
3,972,0.93997583606538
3,973,0.8344640120022756
3,974,0.9819884825514659
3,975,0.81712094728254
3,976,0.8832098202605883
3,977,0.9650046478792623
3,978,0.9763928655026324
3,979,0.9928768542149585
3,980,0.9978179860088074
3,981,0.9836003574097495
3,982,0.7628251482912715
3,983,0.9658021373554717
3,984,0.9983843434155215
3,985,0.9092641418201761
3,986,0.9999315132185184
3,987,0.8630627609209002
3,988,0.9758961161844948
3,989,0.9689688663171185
3,990,0.9360505858288041
3,991,0.8269134439255093
3,992,0.9779598435946547
3,993,0.9936095594859028
3,994,0.9807128274090473
3,995,0.9872733015968524
3,996,0.9621790811536903
3,997,0.979566580869316
3,998,0.9985479720228054
3,999,0.6830027581423721
3,1000,0.9424997286800204
3,1001,0.7349629110831141
3,1002,0.9405040906504487
3,1003,0.9896190663190176
3,1004,0.966418262864088
3,1005,0.8414029321127504
3,1006,0.9471875034741473
3,1007,0.9998275589242308
3,1008,0.980467129702683
3,1009,0.998475991927348
3,1010,0.9582803662397147
3,1011,0.9855737122480077
3,1012,0.997377203944525
3,1013,0.962825518538491
3,1014,0.6760605899434851
3,1015,0.9640498019629903
3,1016,0.9141286662948092
3,1017,0.9649934360175546
3,1018,0.9781477165110506
3,1019,0.9994439764314846
3,1020,0.9962486079502959
3,1021,0.9977136731548881
3,1022,0.8750316211359005
3,1023,0.9631298955141645
3,1024,0.9937651031046153
3,1025,0.943454592888192
3,1026,0.9510087505336345
3,1027,0.9939143959838788
3,1028,0.9827800882486256
3,1029,0.8545950906649902
3,1030,0.9723379586800301
3,1031,0.9531580240232477
3,1032,0.9697000103782226
3,1033,0.923622901787476
3,1034,0.9649392785726119
3,1035,0.8606593467098931
3,1036,0.9674992802820171
3,1037,0.9553769131788702
3,1038,0.7723308357927313
3,1039,0.9407702874114264
3,1040,0.9147847208061428
3,1041,0.9895091430321352
3,1042,0.9938178111170477
3,1043,0.907601716786225
3,1044,0.9579543255051778
3,1045,0.990356901385386
3,1046,0.9927765525322371
3,1047,0.9871245003769991
3,1048,0.9936415652650387
3,1049,0.9939383603297428
3,1050,0.9903953246746233
3,1051,0.9822077498038746
3,1052,0.9747306015600189
3,1053,0.9680059932670221
3,1054,0.9969131067871969
3,1055,0.983553283431219
3,1056,0.8527345115069698
3,1057,0.991925943619546
3,1058,0.9981596854221221
3,1059,0.8824485857063867
3,1060,0.9096293688594235
3,1061,0.8696563980313496
3,1062,0.9940688395311156
3,1063,0.980853421971941
3,1064,0.8765589885823546
3,1065,0.998929716868383
3,1066,0.9670396863119387
3,1067,0.9836246856831339
3,1068,0.9546649431462639
3,1069,0.9859349692011651
3,1070,0.9933516548140934
3,1071,0.9989770068331177
3,1072,0.9975999450769417
3,1073,0.8348775047162045
3,1074,0.8619159877391278
3,1075,0.935668812246073
3,1076,0.993881024138566
3,1077,0.999797691094952
3,1078,0.9447587891747534
3,1079,0.9468786691789302
3,1080,0.9957822436478779
3,1081,0.9786818485004963
3,1082,0.9712038841588215
3,1083,0.9609228365221404
3,1084,0.9881814060896853
3,1085,0.9510068436137071
3,1086,0.9482920179745582
3,1087,0.9197812008464163
3,1088,0.9891023109192507
3,1089,0.9648916093946787
3,1090,0.9864054960537865
3,1091,0.9427920403412028
3,1092,0.9465008226686366
3,1093,0.8979293379868988
3,1094,0.9000274592733005
3,1095,0.735818085669157
3,1096,0.93725385146875
3,1097,0.9591677900816581
3,1098,0.97876128223221
3,1099,0.5489942594684405
3,1100,0.9882756139855746
3,1101,0.9599673387228115
3,1102,0.9168020284599018
3,1103,0.999517277593822
3,1104,0.973921770393576
3,1105,0.8832864603394321
3,1106,0.9747944334128549
3,1107,0.7661821969496627
3,1108,0.9112033283076798
3,1109,0.9962679517049661
3,1110,0.9928711235544274
3,1111,0.982005750557362
3,1112,0.9496056108616826
3,1113,0.9438677172155114
3,1114,0.9840291216907397
3,1115,0.8311284409978831
3,1116,0.7951076391913358
3,1117,0.8954464249849085
3,1118,0.9756527645948425
3,1119,0.8540435490983793
3,1120,0.9562476279800421
3,1121,0.7765086064001235
3,1122,0.9909745228408114
3,1123,0.8222329358023428
3,1124,0.9231579476960766
3,1125,0.9222299373127952
3,1126,0.9997117932349887
3,1127,0.946670663188881
3,1128,0.8359711855493129
3,1129,0.9946116582465736
3,1130,0.9766732795968527
3,1131,0.9218829842009482
3,1132,0.9448403475155116
3,1133,0.920520672050622
3,1134,0.9312672284563741
3,1135,0.9856926018531643
3,1136,0.9811124221574886
3,1137,0.9856043625015496
3,1138,0.9836297475784221
3,1139,0.9972949784512268
3,1140,0.9841920320063597
3,1141,0.9980589105111475
3,1142,0.9930542466978421
3,1143,0.9778927802294337
3,1144,0.9557181733576418
3,1145,0.9431325258136846
3,1146,0.9687964077153222
3,1147,0.9518047074488452
3,1148,0.9576051497955991
3,1149,0.8570313636245246
3,1150,0.8615415109258429
3,1151,0.9044595391451161
3,1152,0.8470806136411069
3,1153,0.9347613251506814
3,1154,0.9693215888436301
3,1155,0.9957958453336302
3,1156,0.983444872622709
3,1157,0.9582305548043184
3,1158,0.8783277660933363
3,1159,0.9145242733344624
3,1160,0.9994378110261762
3,1161,0.9539782875821811
3,1162,0.9877707066309006
3,1163,0.8388495685174199
3,1164,0.9457960518286533
3,1165,0.8900679237706368
3,1166,0.9990020573197512
3,1167,0.998398496860025
3,1168,0.9260748890857443
3,1169,0.9707064644922101
3,1170,0.9032213386465535
3,1171,0.934863026777316
3,1172,0.9967783320916248
3,1173,0.8937450597418745
3,1174,0.9339201149270974
3,1175,0.8570582906802132
3,1176,0.8972842079566274
3,1177,0.9188737410202082
3,1178,0.8411362531862374
3,1179,0.9768924400848805
3,1180,0.9994556327064652
3,1181,0.9707652961472298
3,1182,0.9333917401517092
3,1183,0.959989225972462
3,1184,0.9630052442649406
3,1185,0.9614172648535964
3,1186,0.9683647436433868
3,1187,0.9999479746018783
3,1188,0.986325051059491
3,1189,0.7794115265079999
3,1190,0.9915788295071434
3,1191,0.7159445608316893
3,1192,0.993373696629478
3,1193,0.988373066681722
3,1194,0.9468390976300036
3,1195,0.8463047382208438
3,1196,0.8033440774006914
3,1197,0.998587549696596
3,1198,0.9995481115121556
3,1199,0.9764009377672056
3,1200,0.9971006551878675
3,1201,0.8680117829661137
3,1202,0.9160988166631727
3,1203,0.9761918439823405
3,1204,0.9382144823473428
3,1205,0.9333819633796404
3,1206,0.9421702657112873
3,1207,0.9845889103823963
3,1208,0.9828011939524793
3,1209,0.9758405764827912
3,1210,0.9725722038921811
3,1211,0.9703531133539985
3,1212,0.9476652110716184
3,1213,0.933961046607084
3,1214,0.8599463206056175
3,1215,0.9999072387297168
3,1216,0.8183174523235641
3,1217,0.9654135419146651
3,1218,0.9734208320113918
3,1219,0.982277702439986
3,1220,0.9934191317650427
3,1221,0.9219388682678007
3,1222,0.996733294635463
3,1223,0.9742738742497475
3,1224,0.8539842170320716
3,1225,0.9751959406291474
3,1226,0.960487409546823
3,1227,0.9466377882406585
3,1228,0.9832342844439484
3,1229,0.9876279760983806
3,1230,0.9656457173617732
3,1231,0.9802290365644521
3,1232,0.9352118336901926
3,1233,0.9987590680374168
3,1234,0.9983403687782195
3,1235,0.9939546369151935
3,1236,0.8083187927560338
3,1237,0.8230279081218446
3,1238,0.9972544587354927
3,1239,0.9984855487842456
3,1240,0.9857078012248452
3,1241,0.9348771948997531
3,1242,0.9835919571272125
3,1243,0.9972116545717726
3,1244,0.8153824364144481
3,1245,0.9988208290540372
3,1246,0.9920399250679297
3,1247,0.8778317248579514
3,1248,0.9997388551710812
3,1249,0.9955071784279274
3,1250,0.8278491443445825
3,1251,0.9921007254876026
3,1252,0.928387807329968
3,1253,0.8044653660997227
3,1254,0.9597331289459224
3,1255,0.9940243844544506
3,1256,0.9933576394497673
3,1257,0.9924042431461733
3,1258,0.9999610184994603
3,1259,0.9998436304196546
3,1260,0.8749589274394453
3,1261,0.8877366170380326
3,1262,0.9680701965082585
3,1263,0.8561099972915999
3,1264,0.974765764116805
3,1265,0.9983400663638868
3,1266,0.992592503641245
3,1267,0.9181993881328782
3,1268,0.9878156597614722
3,1269,0.9790592712156669
3,1270,0.9517155986374006
3,1271,0.9904143915238539
3,1272,0.994790801202216
3,1273,0.9596100888871489
3,1274,0.9997099246690693
3,1275,0.9776493059256264
3,1276,0.999975541831632
3,1277,0.9923711718891131
3,1278,0.9581661846447371
3,1279,0.9525881730723313
3,1280,0.9953798910187183
3,1281,0.9418963384356399
3,1282,0.9789155686997174
3,1283,0.9245932762811931
3,1284,0.9813051511940266
3,1285,0.9679739345321159
3,1286,0.9698585057829705
3,1287,0.8777050603504516
3,1288,0.9861529540894167
3,1289,0.9898562760837756
3,1290,0.9890059243872263
3,1291,0.952646507830332
3,1292,0.8716574687426197
3,1293,0.9765402774168916
3,1294,0.9668432911863758
3,1295,0.9653140173950455
3,1296,0.980993109925081
3,1297,0.9730624425140977
3,1298,0.953518239358472
3,1299,0.9425305016818148
3,1300,0.9984667826935928
3,1301,0.9870558341400106
3,1302,0.9996043886055371
3,1303,0.8696899472759053
3,1304,0.9582488171188159
3,1305,0.8906619889785727
3,1306,0.9626448676492608
3,1307,0.9597428544650909
3,1308,0.9817218663022147
3,1309,0.8332017006235896
3,1310,0.9753187766265601
3,1311,0.999764866393762
3,1312,0.7882071200333916
3,1313,0.8167672553909736
3,1314,0.989817457981415
3,1315,0.8806884950646002
3,1316,0.9992438652792055
3,1317,0.9779040287842139
3,1318,0.9242192623198602
3,1319,0.9996740661474998
3,1320,0.9840284400515162
3,1321,0.9800931552797953
3,1322,0.9468555345382488
3,1323,0.9989921661385166
3,1324,0.9395536459972547
3,1325,0.9831378371082542
3,1326,0.6490251661240157
3,1327,0.9975719033354502
3,1328,0.9975519832357871
3,1329,0.8773365502897552
3,1330,0.9572673032306744
3,1331,0.9610746583477109
3,1332,0.9601193059749834
3,1333,0.6933377804887946
3,1334,0.9158994160752479
3,1335,0.9585607931555382
3,1336,0.9916748387059621
3,1337,0.9992145404257358
3,1338,0.9542849345037643
3,1339,0.800357951824017
3,1340,0.8825575831235755
3,1341,0.999674808924718
3,1342,0.965252092004137
3,1343,0.8654644029472255
3,1344,0.9236826528436294
3,1345,0.9750275633383557
3,1346,0.9695368940313359
3,1347,0.9336646624705384
3,1348,0.9642011841116028
3,1349,0.9519523023978989
3,1350,0.9379847889246309
3,1351,0.9966291338746036
3,1352,0.9936186044211538
3,1353,0.9956437766459386
3,1354,0.99770716340669
3,1355,0.9972199659406068
3,1356,0.9831448146860807
3,1357,0.8904700632780116
3,1358,0.9826312033310816
3,1359,0.9848170796111692
3,1360,0.962924737009739
3,1361,0.9788414823977111
3,1362,0.997743222203051
3,1363,0.9782193315639182
3,1364,0.9881838966434369
3,1365,0.9404980068947885
3,1366,0.9937199515257331
3,1367,0.881793588532197
3,1368,0.9059499069570803
3,1369,0.8988914209371338
3,1370,0.7319087716067174
3,1371,0.7017306705148875
3,1372,0.9982543950364097
3,1373,0.9740044754137372
3,1374,0.9950029658863369
3,1375,0.9851281039409047
3,1376,0.9480580334430629
3,1377,0.9718874781143855
3,1378,0.8976113160431695
3,1379,0.6788580596294626
3,1380,0.9841323270965195
3,1381,0.9389254238571727
3,1382,0.9922190024004965
3,1383,0.7366681400973991
3,1384,0.846483217562621
3,1385,0.8999385098319425
3,1386,0.9855982005195526
3,1387,0.9509755033889149
3,1388,0.8838049080246403
3,1389,0.8663568035543637
3,1390,0.7545625347700119
3,1391,0.9032769868838777
3,1392,0.8914114339691386
3,1393,0.8973407481126079
3,1394,0.904995281717751
3,1395,0.9125520631099724
3,1396,0.9972251405824715
3,1397,0.9599053715206214
3,1398,0.9365573073504145
3,1399,0.8715016809757001
3,1400,0.9935462585600472
3,1401,0.9465765024757858
3,1402,0.97265466630376
3,1403,0.969121157809985
3,1404,0.9903259530265068
3,1405,0.9596501800013645
3,1406,0.731383485663934
3,1407,0.9877360888403186
3,1408,0.9620060562393236
3,1409,0.889327005501948
3,1410,0.9776429516909976
3,1411,0.9411702071690143
3,1412,0.9435599646618784
3,1413,0.9916209517302841
3,1414,0.7005977084652844
3,1415,0.9585392802394798
3,1416,0.9390496614704125
3,1417,0.9770778668938975
3,1418,0.9860125078983863
3,1419,0.9943397509543623
3,1420,0.9989766256826259
3,1421,0.8831739391793951
3,1422,0.9850920269406765
3,1423,0.9332107787409921
3,1424,0.838022578063177
3,1425,0.9458940668042113
3,1426,0.9895085231213463
3,1427,0.803805805802954
3,1428,0.811600217454902
3,1429,0.9768649466261713
3,1430,0.9743290484796217
3,1431,0.9983996989806819
3,1432,0.930526466577031
3,1433,0.9770683533053637
3,1434,0.9756750744610148
3,1435,0.8262336019688177
3,1436,0.9958303471847142
3,1437,0.9979279108441133
3,1438,0.9167793736862921
3,1439,0.855293765370846
3,1440,0.994074030512948
3,1441,0.9613168149321937
3,1442,0.9326609684555249
3,1443,0.8862724896158861
3,1444,0.9903091137903676
3,1445,0.9886026480679311
3,1446,0.9992060229301709
3,1447,0.9663573166814448
3,1448,0.516687743970864
3,1449,0.9542052438414478
3,1450,0.9883525291500014
3,1451,0.9964897154188702
3,1452,0.9561744816473974
3,1453,0.7818887434127505
3,1454,0.9980198345043223
3,1455,0.7866419379347233
3,1456,0.9943501140493248
3,1457,0.7596283366549322
3,1458,0.8448868982289811
3,1459,0.8987386363897569
3,1460,0.9990461521726667
3,1461,0.9658694411890664
3,1462,0.9581851615443443
3,1463,0.9645360852356415
3,1464,0.9870058339721833
3,1465,0.5877099888882281
3,1466,0.8130692796282872
3,1467,0.9849326324733974
3,1468,0.9988751721825231
3,1469,0.9868862257821542
3,1470,0.9670986127373039
3,1471,0.8875188717119652
3,1472,0.9920661180683789
3,1473,0.8331183874284426
3,1474,0.9964725233116212
3,1475,0.9174329708479722
3,1476,0.9849386788696961
3,1477,0.8020111717987899
3,1478,0.8244719490051869
3,1479,0.9100805243194406
3,1480,0.9596667223555541
3,1481,0.989737105277757
3,1482,0.9358398568535996
3,1483,0.9878682745429748
3,1484,0.9410997578856745
3,1485,0.9818803544827107
3,1486,0.9159918107024816
3,1487,0.9805873627502009
3,1488,0.9123220581312745
3,1489,0.9999913237568105
3,1490,0.8283550740691251
3,1491,0.9963457947001061
3,1492,0.9560369276735707
3,1493,0.9068547604631427
3,1494,0.8403729983611311
3,1495,0.9693644280210092
3,1496,0.9977431286641928
3,1497,0.9558123830413903
3,1498,0.9999897572624646
3,1499,0.9515848516655079
3,1500,0.8652572426541372
3,1501,0.9995660616075577
3,1502,0.9840773133907676
3,1503,0.9574915744710546
3,1504,0.971871746143054
3,1505,0.9949037207446693
3,1506,0.9102200357061657
3,1507,0.961342165639941
3,1508,0.7771227898715526
3,1509,0.9999277347669789
3,1510,0.8484734999209577
3,1511,0.9974671937366691
3,1512,0.9999736919300084
3,1513,0.9414531949877987
3,1514,0.9901802019945896
3,1515,0.908378665820687
3,1516,0.9847456384206099
3,1517,0.9979845021486761
3,1518,0.9677185759916311
3,1519,0.905812676336354
3,1520,0.9450538113161214
3,1521,0.979697540689522
3,1522,0.8209940729004199
3,1523,0.8445357799915637
3,1524,0.9679246548879922
3,1525,0.9875756231538584
3,1526,0.9827218197496719
3,1527,0.979806241038398
3,1528,0.8051053929193678
3,1529,0.9964374448589983
3,1530,0.9976308128221509
3,1531,0.8936647868838867
3,1532,0.8497177829834177
3,1533,0.9959465465398796
3,1534,0.9145561670351818
3,1535,0.9841283406321968
3,1536,0.9994492736888437
3,1537,0.9957335557775471
3,1538,0.9608359515497344
3,1539,0.9100639340854947
3,1540,0.9931004484133489
3,1541,0.9736786499867752
3,1542,0.9713856857813657
3,1543,0.9173510204257569
3,1544,0.979795295699392
3,1545,0.9202132645777008
3,1546,0.9781381322663022
3,1547,0.9110838538877398
3,1548,0.9872358471208548
3,1549,0.9206951818904047
3,1550,0.9880223341911263
3,1551,0.9777124690704059
3,1552,0.9615146688483461
3,1553,0.9927606912532925
3,1554,0.9982647540666738
3,1555,0.9330409178462682
3,1556,0.8487156320022303
3,1557,0.8350601256786395
3,1558,0.8841163306390419
3,1559,0.8837865766336596
3,1560,0.8877122573045646
3,1561,0.9209134046029989
3,1562,0.8305352142836344
3,1563,0.9807110012242057
3,1564,0.9546610841999527
3,1565,0.8910505268051874
3,1566,0.9815878857174978
3,1567,0.9548903602342322
3,1568,0.9776291432850689
3,1569,0.9667767733360695
3,1570,0.9044269367966291
3,1571,0.999993326231448
3,1572,0.9961078248935201
3,1573,0.9962207407044941
3,1574,0.9292157354041507
3,1575,0.9748126761790409
3,1576,0.9958298753824016
3,1577,0.9858101990056256
3,1578,0.8596164482342246
3,1579,0.9997920764636171
3,1580,0.911739612252399
3,1581,0.9907219379284712
3,1582,0.9907116327017055
3,1583,0.8880931595741804
3,1584,0.9388551242088666
3,1585,0.9612042139137892
3,1586,0.938081302249004
3,1587,0.9433356537525089
3,1588,0.9426936407639523
3,1589,0.9881482045600479
3,1590,0.9827925716285497
3,1591,0.9147366857440659
3,1592,0.9834356140252718
3,1593,0.9987578487748856
3,1594,0.9128995922183082
3,1595,0.9246438248002575
3,1596,0.9841458003960906
3,1597,0.970657153552552
3,1598,0.9966229067142779
3,1599,0.9942652312786477
3,1600,0.9997268778785754
3,1601,0.8747143378242226
3,1602,0.7738990287939567
3,1603,0.7066076282259567
3,1604,0.9935086160833636
3,1605,0.9987237524427613
3,1606,0.9454308143753977
3,1607,0.7478183174570395
3,1608,0.9427923699535511
3,1609,0.9888239144059023
3,1610,0.9989645662541087
3,1611,0.9934998770273887
3,1612,0.9731889002688603
3,1613,0.9361033945903133
3,1614,0.9590541251631067
3,1615,0.9858959649121063
3,1616,0.9943119502450131
3,1617,0.9460644627625442
3,1618,0.9050309778154573
3,1619,0.9483632062818727
3,1620,0.9982704933626819
3,1621,0.7790744019238217
3,1622,0.9338544473025826
3,1623,0.995563207515767
3,1624,0.9612673008304177
3,1625,0.9568090437730984
3,1626,0.9660616166025879
3,1627,0.9994150494080223
3,1628,0.9976539638196255
3,1629,0.9963144828721874
3,1630,0.9886749215785967
3,1631,0.9622292190082133
3,1632,0.9622430449108619
3,1633,0.9773876486599357
3,1634,0.9763447102381936
3,1635,0.9631390857838001
3,1636,0.9421538947603451
3,1637,0.8562237087602534
3,1638,0.9650252953221942
3,1639,0.9397318238419279
3,1640,0.908190042495517
3,1641,0.9710569714206894
3,1642,0.9467257369329241
3,1643,0.9900183150272664
3,1644,0.9930496983775802
3,1645,0.9922719933047249
3,1646,0.9872867087722601
3,1647,0.9965375620346767
3,1648,0.7198433335195575
3,1649,0.7113722622904289
3,1650,0.9003370584724273
3,1651,0.8437004943189131
3,1652,0.9020854712042815
3,1653,0.9910314919634556
3,1654,0.9900976069610329
3,1655,0.9105808883307429
3,1656,0.9958756757380005
3,1657,0.7305669548912868
3,1658,0.8259404297940939
3,1659,0.9755108934576457
3,1660,0.8686611083356695
3,1661,0.993999489217123
3,1662,0.9265829864609674
3,1663,0.8930059346559093
3,1664,0.9721729566974473
3,1665,0.9834497527923257
3,1666,0.9488577433813272
3,1667,0.9925176903149718
3,1668,0.9953898691404889
3,1669,0.9356085042569615
3,1670,0.8604448767493657
3,1671,0.8831978238269707
3,1672,0.9881220895444314
3,1673,0.993302671023987
3,1674,0.9996307105778595
3,1675,0.9760293116032849
3,1676,0.9906753337553985
3,1677,0.9801460919501466
3,1678,0.9538677616269521
3,1679,0.9816673525112392
3,1680,0.9841174778248111
3,1681,0.9453523797675251
3,1682,0.9908437996607684
3,1683,0.9935519783866767
3,1684,0.987521497441462
3,1685,0.9060957850791183
3,1686,0.8994600112786303
3,1687,0.9888048343578832
3,1688,0.9970467220880541
3,1689,0.9557676064829999
3,1690,0.8218726673881066
3,1691,0.8866104444202774
3,1692,0.9095111237006686
3,1693,0.9727845488178896
3,1694,0.9547954906174069
3,1695,0.9141347679049535
3,1696,0.9218042460700447
3,1697,0.9153513866636875
3,1698,0.9105275015770057
3,1699,0.9868743336916318
3,1700,0.9962533440406921
3,1701,0.9739274733357701
3,1702,0.9984264965326463
3,1703,0.9101204050794034
3,1704,0.8958554706956694
3,1705,0.9953278938418043
3,1706,0.9988434631671734
3,1707,0.9301940479897306
3,1708,0.9447857616008312
3,1709,0.8409503588274039
3,1710,0.9765669243362415
3,1711,0.9889298306558667
3,1712,0.8933624659247255
3,1713,0.9999499835460649
3,1714,0.994049827925224
3,1715,0.9702763019293374
3,1716,0.9896253772209134
3,1717,0.9306698910705632
3,1718,0.9973573415050316
3,1719,0.9803294229292719
3,1720,0.9439650835427699
3,1721,0.9332968264623464
3,1722,0.9060277575849667
3,1723,0.9727328587103307
3,1724,0.977455310829017
3,1725,0.9989378471034666
3,1726,0.997085038331264
3,1727,0.8986603551560322
3,1728,0.9824467901497543
3,1729,0.9708317808506144
3,1730,0.928782622543597
3,1731,0.8760117923027971
3,1732,0.9716243867514222
3,1733,0.8278817848370191
3,1734,0.9369239606096751
3,1735,0.9807827074218869
3,1736,0.9690042822749615
3,1737,0.9981315805909269
3,1738,0.9761658567314923
3,1739,0.8890912703283458
3,1740,0.9808218718018596
3,1741,0.9952649424481443
3,1742,0.8013787005025317
3,1743,0.9979320023381846
3,1744,0.8807150229371471
3,1745,0.8669243170807531
3,1746,0.911688531892994
3,1747,0.9778796642624434
3,1748,0.777716358259921
3,1749,0.8767072812624408
3,1750,0.9986049356038157
3,1751,0.9332307680087385
3,1752,0.9424625607929935
3,1753,0.7504603968102763
3,1754,0.9451088507532499
3,1755,0.9229452012756834
3,1756,0.9746441945208801
3,1757,0.9662858625892666
3,1758,0.8503414388444593
3,1759,0.7881137070796124
3,1760,0.9978591913198432
3,1761,0.9248616968492471
3,1762,0.989333687837902
3,1763,0.9228499527356296
3,1764,0.9938184961859833
3,1765,0.9722539121315813
3,1766,0.8795603734872967
3,1767,0.9998474435206766
3,1768,0.5436524545990108
3,1769,0.9979989265536955
3,1770,0.8093751481768241
3,1771,0.897098852991105
3,1772,0.9851024924440993
3,1773,0.820612681874256
3,1774,0.883281840640015
3,1775,0.722777601004502
3,1776,0.7916413596688009
3,1777,0.965860080086275
3,1778,0.9316946570736228
3,1779,0.9165201519093397
3,1780,0.8646810801768888
3,1781,0.9564477523763006
3,1782,0.9488414929295572
3,1783,0.9377161909446011
3,1784,0.9987462047072859
3,1785,0.9513545577503755
3,1786,0.9876151764849748
3,1787,0.9831838371384118
3,1788,0.9966621596829042
3,1789,0.9951599642672788
3,1790,0.994815392258081
3,1791,0.9420289788245974
3,1792,0.889846880259699
3,1793,0.9983492553432788
3,1794,0.9662512661738697
3,1795,0.9769855446083954
3,1796,0.9664149555601983
3,1797,0.9955311000374727
3,1798,0.9457563476902089
3,1799,0.93257525236172
3,1800,0.9964376909168653
3,1801,0.9716640637178291
3,1802,0.9387952662981791
3,1803,0.7597982957297317
3,1804,0.996129449681451
3,1805,0.8076648366754765
3,1806,0.9908422351765168
3,1807,0.9505273920677674
3,1808,0.9940748762558652
3,1809,0.9015385658022835
3,1810,0.9330745901827918
3,1811,0.7848966901902952
3,1812,0.9853663527897166
3,1813,0.8743267260301995
3,1814,0.999354155344847
3,1815,0.9683955852218872
3,1816,0.9856154150875005
3,1817,0.9858501781301429
3,1818,0.9861770658847564
3,1819,0.9056764781489597
3,1820,0.9399184381983641
3,1821,0.8951085935643562
3,1822,0.9823152927771481
3,1823,0.9995510114050997
3,1824,0.7148182195074454
3,1825,0.9947616890703446
3,1826,0.9747056520584242
3,1827,0.9242049232127493
3,1828,0.9922755728659974
3,1829,0.9976658896745737
3,1830,0.815517934978439
3,1831,0.9969276969779893
3,1832,0.997158987825589
3,1833,0.8054213321855594
3,1834,0.7849600219701215
3,1835,0.8589928646277689
3,1836,0.7998291413646033
3,1837,0.9783179110968041
3,1838,0.95790739434737
3,1839,0.9800265435636425
3,1840,0.9532591784171437
3,1841,0.7719695975372597
3,1842,0.8044336697083995
3,1843,0.9927860121231525
3,1844,0.8648548222507116
3,1845,0.9291960631835162
3,1846,0.9161968554532756
3,1847,0.9748106520556014
3,1848,0.8988265011713892
3,1849,0.9949466202815976
3,1850,0.9994384030538749
3,1851,0.9986811796012268
3,1852,0.99512301058604
3,1853,0.9913468726811243
3,1854,0.9998446516832332
3,1855,0.9684635306140108
3,1856,0.9955527520567017
3,1857,0.9608818177399828
3,1858,0.9357024720728889
3,1859,0.9183178847134463
3,1860,0.7976988862290779
3,1861,0.9441110343184937
3,1862,0.9926719823826031
3,1863,0.9958021279585755
3,1864,0.994278774481477
3,1865,0.8231893453793045
3,1866,0.9461786187553888
3,1867,0.9171035372736911
3,1868,0.9808415240878248
3,1869,0.9655512664251199
3,1870,0.9094186481213907
3,1871,0.9503473754339561
3,1872,0.7473632109835168
3,1873,0.8219722684366256
3,1874,0.9635087404703183
3,1875,0.9391360534834122
3,1876,0.8025705322187588
3,1877,0.9917937531722849
3,1878,0.9860278047996808
3,1879,0.9829525811962788
3,1880,0.9885777838129386
3,1881,0.86602906500664
3,1882,0.9466101704129023
3,1883,0.9912333923124155
3,1884,0.9940729142973629
3,1885,0.9812249377093424
3,1886,0.9941890242741773
3,1887,0.9363442229608272
3,1888,0.9901903810011198
3,1889,0.9842412972056331
3,1890,0.9425332974049195
3,1891,0.9461286804065558
3,1892,0.8658110574886217
3,1893,0.9490185364615787
3,1894,0.991046114547392
3,1895,0.9808968756654678
3,1896,0.8117885348768799
3,1897,0.9727783801217003
3,1898,0.9368162328961166
3,1899,0.995910542920985
3,1900,0.9991445465056426
3,1901,0.7657370784446254
3,1902,0.8202179855651509
3,1903,0.9517010493958927
3,1904,0.9948755334756976
3,1905,0.9737260199308693
3,1906,0.9903397237289364
3,1907,0.9712816645823698
3,1908,0.9601568326848922
3,1909,0.937772676524837
3,1910,0.8252719954291314
3,1911,0.8266509524514944
3,1912,0.936437323209043
3,1913,0.9959653547046551
3,1914,0.958075618255965
3,1915,0.9988033947253245
3,1916,0.973492296392817
3,1917,0.9878412809313255
3,1918,0.9483333494695871
3,1919,0.9635058839109369
3,1920,0.9888026467348389
3,1921,0.9918130910826892
3,1922,0.8015103782421981
3,1923,0.987382452503803
3,1924,0.7252899461880103
3,1925,0.9855244707228185
3,1926,0.8684340250800027
3,1927,0.9281813637520214
3,1928,0.8906864807702051
3,1929,0.8731239429967751
3,1930,0.9892450207326917
3,1931,0.9934961544400038
3,1932,0.8264766765705588
3,1933,0.9913562908061507
3,1934,0.8113814844211454
3,1935,0.8600247630527482
3,1936,0.9548825155654675
3,1937,0.9369557986724334
3,1938,0.9996725252861592
3,1939,0.9619438581535289
3,1940,0.9974895887756687
3,1941,0.9170616738247082
3,1942,0.9479431614908052
3,1943,0.9250684887563964
3,1944,0.8660024719509952
3,1945,0.9813170479962403
3,1946,0.6506031913036348
3,1947,0.9985825351222343
3,1948,0.9998218165660939
3,1949,0.9825805752530753
3,1950,0.9071642323613732
3,1951,0.9999336581032846
3,1952,0.9991467611063983
3,1953,0.9939297184995821
3,1954,0.916760873202674
3,1955,0.9247366791493618
3,1956,0.9530505967552004
3,1957,0.7703391768802256
3,1958,0.9875516857243547
3,1959,0.9902402127747658
3,1960,0.8627835233422523
3,1961,0.9895012676493024
3,1962,0.8807653845298518
3,1963,0.90164278705159
3,1964,0.983537939156255
3,1965,0.933619852000497
3,1966,0.9845736732098339
3,1967,0.9800877824894163
3,1968,0.9813547044520149
3,1969,0.9876077379504842
3,1970,0.9958845722450511
3,1971,0.8506921680622201
3,1972,0.9651963634224624
3,1973,0.9046337311015384
3,1974,0.9872375601704823
3,1975,0.9994212631286958
3,1976,0.9283771410895926
3,1977,0.9141606182264299
3,1978,0.9984535650461236
3,1979,0.8410912935123057
3,1980,0.9251893427626725
3,1981,0.9956593760724866
3,1982,0.8678878197604698
3,1983,0.7527659758202536
3,1984,0.9757107299251653
3,1985,0.9705753326699834
3,1986,0.9028846298682873
3,1987,0.9948757066778007
3,1988,0.9997983937450922
3,1989,0.9836274620751188
3,1990,0.9793895322702961
3,1991,0.9263133678845282
3,1992,0.9294739925683932
3,1993,0.8948267324896287
3,1994,0.9185395677269049
3,1995,0.904158441491104
3,1996,0.9917005144395654
3,1997,0.7973959321509099
3,1998,0.9956637040495618
3,1999,0.9964172790000059
