chain,draw,step_size
0,0,0.002485180883825769
0,1,0.002485180883825769
0,2,0.002485180883825769
0,3,0.002485180883825769
0,4,0.002485180883825769
0,5,0.002485180883825769
0,6,0.002485180883825769
0,7,0.002485180883825769
0,8,0.002485180883825769
0,9,0.002485180883825769
0,10,0.002485180883825769
0,11,0.002485180883825769
0,12,0.002485180883825769
0,13,0.002485180883825769
0,14,0.002485180883825769
0,15,0.002485180883825769
0,16,0.002485180883825769
0,17,0.002485180883825769
0,18,0.002485180883825769
0,19,0.002485180883825769
0,20,0.002485180883825769
0,21,0.002485180883825769
0,22,0.002485180883825769
0,23,0.002485180883825769
0,24,0.002485180883825769
0,25,0.002485180883825769
0,26,0.002485180883825769
0,27,0.002485180883825769
0,28,0.002485180883825769
0,29,0.002485180883825769
0,30,0.002485180883825769
0,31,0.002485180883825769
0,32,0.002485180883825769
0,33,0.002485180883825769
0,34,0.002485180883825769
0,35,0.002485180883825769
0,36,0.002485180883825769
0,37,0.002485180883825769
0,38,0.002485180883825769
0,39,0.002485180883825769
0,40,0.002485180883825769
0,41,0.002485180883825769
0,42,0.002485180883825769
0,43,0.002485180883825769
0,44,0.002485180883825769
0,45,0.002485180883825769
0,46,0.002485180883825769
0,47,0.002485180883825769
0,48,0.002485180883825769
0,49,0.002485180883825769
0,50,0.002485180883825769
0,51,0.002485180883825769
0,52,0.002485180883825769
0,53,0.002485180883825769
0,54,0.002485180883825769
0,55,0.002485180883825769
0,56,0.002485180883825769
0,57,0.002485180883825769
0,58,0.002485180883825769
0,59,0.002485180883825769
0,60,0.002485180883825769
0,61,0.002485180883825769
0,62,0.002485180883825769
0,63,0.002485180883825769
0,64,0.002485180883825769
0,65,0.002485180883825769
0,66,0.002485180883825769
0,67,0.002485180883825769
0,68,0.002485180883825769
0,69,0.002485180883825769
0,70,0.002485180883825769
0,71,0.002485180883825769
0,72,0.002485180883825769
0,73,0.002485180883825769
0,74,0.002485180883825769
0,75,0.002485180883825769
0,76,0.002485180883825769
0,77,0.002485180883825769
0,78,0.002485180883825769
0,79,0.002485180883825769
0,80,0.002485180883825769
0,81,0.002485180883825769
0,82,0.002485180883825769
0,83,0.002485180883825769
0,84,0.002485180883825769
0,85,0.002485180883825769
0,86,0.002485180883825769
0,87,0.002485180883825769
0,88,0.002485180883825769
0,89,0.002485180883825769
0,90,0.002485180883825769
0,91,0.002485180883825769
0,92,0.002485180883825769
0,93,0.002485180883825769
0,94,0.002485180883825769
0,95,0.002485180883825769
0,96,0.002485180883825769
0,97,0.002485180883825769
0,98,0.002485180883825769
0,99,0.002485180883825769
0,100,0.002485180883825769
0,101,0.002485180883825769
0,102,0.002485180883825769
0,103,0.002485180883825769
0,104,0.002485180883825769
0,105,0.002485180883825769
0,106,0.002485180883825769
0,107,0.002485180883825769
0,108,0.002485180883825769
0,109,0.002485180883825769
0,110,0.002485180883825769
0,111,0.002485180883825769
0,112,0.002485180883825769
0,113,0.002485180883825769
0,114,0.002485180883825769
0,115,0.002485180883825769
0,116,0.002485180883825769
0,117,0.002485180883825769
0,118,0.002485180883825769
0,119,0.002485180883825769
0,120,0.002485180883825769
0,121,0.002485180883825769
0,122,0.002485180883825769
0,123,0.002485180883825769
0,124,0.002485180883825769
0,125,0.002485180883825769
0,126,0.002485180883825769
0,127,0.002485180883825769
0,128,0.002485180883825769
0,129,0.002485180883825769
0,130,0.002485180883825769
0,131,0.002485180883825769
0,132,0.002485180883825769
0,133,0.002485180883825769
0,134,0.002485180883825769
0,135,0.002485180883825769
0,136,0.002485180883825769
0,137,0.002485180883825769
0,138,0.002485180883825769
0,139,0.002485180883825769
0,140,0.002485180883825769
0,141,0.002485180883825769
0,142,0.002485180883825769
0,143,0.002485180883825769
0,144,0.002485180883825769
0,145,0.002485180883825769
0,146,0.002485180883825769
0,147,0.002485180883825769
0,148,0.002485180883825769
0,149,0.002485180883825769
0,150,0.002485180883825769
0,151,0.002485180883825769
0,152,0.002485180883825769
0,153,0.002485180883825769
0,154,0.002485180883825769
0,155,0.002485180883825769
0,156,0.002485180883825769
0,157,0.002485180883825769
0,158,0.002485180883825769
0,159,0.002485180883825769
0,160,0.002485180883825769
0,161,0.002485180883825769
0,162,0.002485180883825769
0,163,0.002485180883825769
0,164,0.002485180883825769
0,165,0.002485180883825769
0,166,0.002485180883825769
0,167,0.002485180883825769
0,168,0.002485180883825769
0,169,0.002485180883825769
0,170,0.002485180883825769
0,171,0.002485180883825769
0,172,0.002485180883825769
0,173,0.002485180883825769
0,174,0.002485180883825769
0,175,0.002485180883825769
0,176,0.002485180883825769
0,177,0.002485180883825769
0,178,0.002485180883825769
0,179,0.002485180883825769
0,180,0.002485180883825769
0,181,0.002485180883825769
0,182,0.002485180883825769
0,183,0.002485180883825769
0,184,0.002485180883825769
0,185,0.002485180883825769
0,186,0.002485180883825769
0,187,0.002485180883825769
0,188,0.002485180883825769
0,189,0.002485180883825769
0,190,0.002485180883825769
0,191,0.002485180883825769
0,192,0.002485180883825769
0,193,0.002485180883825769
0,194,0.002485180883825769
0,195,0.002485180883825769
0,196,0.002485180883825769
0,197,0.002485180883825769
0,198,0.002485180883825769
0,199,0.002485180883825769
0,200,0.002485180883825769
0,201,0.002485180883825769
0,202,0.002485180883825769
0,203,0.002485180883825769
0,204,0.002485180883825769
0,205,0.002485180883825769
0,206,0.002485180883825769
0,207,0.002485180883825769
0,208,0.002485180883825769
0,209,0.002485180883825769
0,210,0.002485180883825769
0,211,0.002485180883825769
0,212,0.002485180883825769
0,213,0.002485180883825769
0,214,0.002485180883825769
0,215,0.002485180883825769
0,216,0.002485180883825769
0,217,0.002485180883825769
0,218,0.002485180883825769
0,219,0.002485180883825769
0,220,0.002485180883825769
0,221,0.002485180883825769
0,222,0.002485180883825769
0,223,0.002485180883825769
0,224,0.002485180883825769
0,225,0.002485180883825769
0,226,0.002485180883825769
0,227,0.002485180883825769
0,228,0.002485180883825769
0,229,0.002485180883825769
0,230,0.002485180883825769
0,231,0.002485180883825769
0,232,0.002485180883825769
0,233,0.002485180883825769
0,234,0.002485180883825769
0,235,0.002485180883825769
0,236,0.002485180883825769
0,237,0.002485180883825769
0,238,0.002485180883825769
0,239,0.002485180883825769
0,240,0.002485180883825769
0,241,0.002485180883825769
0,242,0.002485180883825769
0,243,0.002485180883825769
0,244,0.002485180883825769
0,245,0.002485180883825769
0,246,0.002485180883825769
0,247,0.002485180883825769
0,248,0.002485180883825769
0,249,0.002485180883825769
0,250,0.002485180883825769
0,251,0.002485180883825769
0,252,0.002485180883825769
0,253,0.002485180883825769
0,254,0.002485180883825769
0,255,0.002485180883825769
0,256,0.002485180883825769
0,257,0.002485180883825769
0,258,0.002485180883825769
0,259,0.002485180883825769
0,260,0.002485180883825769
0,261,0.002485180883825769
0,262,0.002485180883825769
0,263,0.002485180883825769
0,264,0.002485180883825769
0,265,0.002485180883825769
0,266,0.002485180883825769
0,267,0.002485180883825769
0,268,0.002485180883825769
0,269,0.002485180883825769
0,270,0.002485180883825769
0,271,0.002485180883825769
0,272,0.002485180883825769
0,273,0.002485180883825769
0,274,0.002485180883825769
0,275,0.002485180883825769
0,276,0.002485180883825769
0,277,0.002485180883825769
0,278,0.002485180883825769
0,279,0.002485180883825769
0,280,0.002485180883825769
0,281,0.002485180883825769
0,282,0.002485180883825769
0,283,0.002485180883825769
0,284,0.002485180883825769
0,285,0.002485180883825769
0,286,0.002485180883825769
0,287,0.002485180883825769
0,288,0.002485180883825769
0,289,0.002485180883825769
0,290,0.002485180883825769
0,291,0.002485180883825769
0,292,0.002485180883825769
0,293,0.002485180883825769
0,294,0.002485180883825769
0,295,0.002485180883825769
0,296,0.002485180883825769
0,297,0.002485180883825769
0,298,0.002485180883825769
0,299,0.002485180883825769
0,300,0.002485180883825769
0,301,0.002485180883825769
0,302,0.002485180883825769
0,303,0.002485180883825769
0,304,0.002485180883825769
0,305,0.002485180883825769
0,306,0.002485180883825769
0,307,0.002485180883825769
0,308,0.002485180883825769
0,309,0.002485180883825769
0,310,0.002485180883825769
0,311,0.002485180883825769
0,312,0.002485180883825769
0,313,0.002485180883825769
0,314,0.002485180883825769
0,315,0.002485180883825769
0,316,0.002485180883825769
0,317,0.002485180883825769
0,318,0.002485180883825769
0,319,0.002485180883825769
0,320,0.002485180883825769
0,321,0.002485180883825769
0,322,0.002485180883825769
0,323,0.002485180883825769
0,324,0.002485180883825769
0,325,0.002485180883825769
0,326,0.002485180883825769
0,327,0.002485180883825769
0,328,0.002485180883825769
0,329,0.002485180883825769
0,330,0.002485180883825769
0,331,0.002485180883825769
0,332,0.002485180883825769
0,333,0.002485180883825769
0,334,0.002485180883825769
0,335,0.002485180883825769
0,336,0.002485180883825769
0,337,0.002485180883825769
0,338,0.002485180883825769
0,339,0.002485180883825769
0,340,0.002485180883825769
0,341,0.002485180883825769
0,342,0.002485180883825769
0,343,0.002485180883825769
0,344,0.002485180883825769
0,345,0.002485180883825769
0,346,0.002485180883825769
0,347,0.002485180883825769
0,348,0.002485180883825769
0,349,0.002485180883825769
0,350,0.002485180883825769
0,351,0.002485180883825769
0,352,0.002485180883825769
0,353,0.002485180883825769
0,354,0.002485180883825769
0,355,0.002485180883825769
0,356,0.002485180883825769
0,357,0.002485180883825769
0,358,0.002485180883825769
0,359,0.002485180883825769
0,360,0.002485180883825769
0,361,0.002485180883825769
0,362,0.002485180883825769
0,363,0.002485180883825769
0,364,0.002485180883825769
0,365,0.002485180883825769
0,366,0.002485180883825769
0,367,0.002485180883825769
0,368,0.002485180883825769
0,369,0.002485180883825769
0,370,0.002485180883825769
0,371,0.002485180883825769
0,372,0.002485180883825769
0,373,0.002485180883825769
0,374,0.002485180883825769
0,375,0.002485180883825769
0,376,0.002485180883825769
0,377,0.002485180883825769
0,378,0.002485180883825769
0,379,0.002485180883825769
0,380,0.002485180883825769
0,381,0.002485180883825769
0,382,0.002485180883825769
0,383,0.002485180883825769
0,384,0.002485180883825769
0,385,0.002485180883825769
0,386,0.002485180883825769
0,387,0.002485180883825769
0,388,0.002485180883825769
0,389,0.002485180883825769
0,390,0.002485180883825769
0,391,0.002485180883825769
0,392,0.002485180883825769
0,393,0.002485180883825769
0,394,0.002485180883825769
0,395,0.002485180883825769
0,396,0.002485180883825769
0,397,0.002485180883825769
0,398,0.002485180883825769
0,399,0.002485180883825769
0,400,0.002485180883825769
0,401,0.002485180883825769
0,402,0.002485180883825769
0,403,0.002485180883825769
0,404,0.002485180883825769
0,405,0.002485180883825769
0,406,0.002485180883825769
0,407,0.002485180883825769
0,408,0.002485180883825769
0,409,0.002485180883825769
0,410,0.002485180883825769
0,411,0.002485180883825769
0,412,0.002485180883825769
0,413,0.002485180883825769
0,414,0.002485180883825769
0,415,0.002485180883825769
0,416,0.002485180883825769
0,417,0.002485180883825769
0,418,0.002485180883825769
0,419,0.002485180883825769
0,420,0.002485180883825769
0,421,0.002485180883825769
0,422,0.002485180883825769
0,423,0.002485180883825769
0,424,0.002485180883825769
0,425,0.002485180883825769
0,426,0.002485180883825769
0,427,0.002485180883825769
0,428,0.002485180883825769
0,429,0.002485180883825769
0,430,0.002485180883825769
0,431,0.002485180883825769
0,432,0.002485180883825769
0,433,0.002485180883825769
0,434,0.002485180883825769
0,435,0.002485180883825769
0,436,0.002485180883825769
0,437,0.002485180883825769
0,438,0.002485180883825769
0,439,0.002485180883825769
0,440,0.002485180883825769
0,441,0.002485180883825769
0,442,0.002485180883825769
0,443,0.002485180883825769
0,444,0.002485180883825769
0,445,0.002485180883825769
0,446,0.002485180883825769
0,447,0.002485180883825769
0,448,0.002485180883825769
0,449,0.002485180883825769
0,450,0.002485180883825769
0,451,0.002485180883825769
0,452,0.002485180883825769
0,453,0.002485180883825769
0,454,0.002485180883825769
0,455,0.002485180883825769
0,456,0.002485180883825769
0,457,0.002485180883825769
0,458,0.002485180883825769
0,459,0.002485180883825769
0,460,0.002485180883825769
0,461,0.002485180883825769
0,462,0.002485180883825769
0,463,0.002485180883825769
0,464,0.002485180883825769
0,465,0.002485180883825769
0,466,0.002485180883825769
0,467,0.002485180883825769
0,468,0.002485180883825769
0,469,0.002485180883825769
0,470,0.002485180883825769
0,471,0.002485180883825769
0,472,0.002485180883825769
0,473,0.002485180883825769
0,474,0.002485180883825769
0,475,0.002485180883825769
0,476,0.002485180883825769
0,477,0.002485180883825769
0,478,0.002485180883825769
0,479,0.002485180883825769
0,480,0.002485180883825769
0,481,0.002485180883825769
0,482,0.002485180883825769
0,483,0.002485180883825769
0,484,0.002485180883825769
0,485,0.002485180883825769
0,486,0.002485180883825769
0,487,0.002485180883825769
0,488,0.002485180883825769
0,489,0.002485180883825769
0,490,0.002485180883825769
0,491,0.002485180883825769
0,492,0.002485180883825769
0,493,0.002485180883825769
0,494,0.002485180883825769
0,495,0.002485180883825769
0,496,0.002485180883825769
0,497,0.002485180883825769
0,498,0.002485180883825769
0,499,0.002485180883825769
0,500,0.002485180883825769
0,501,0.002485180883825769
0,502,0.002485180883825769
0,503,0.002485180883825769
0,504,0.002485180883825769
0,505,0.002485180883825769
0,506,0.002485180883825769
0,507,0.002485180883825769
0,508,0.002485180883825769
0,509,0.002485180883825769
0,510,0.002485180883825769
0,511,0.002485180883825769
0,512,0.002485180883825769
0,513,0.002485180883825769
0,514,0.002485180883825769
0,515,0.002485180883825769
0,516,0.002485180883825769
0,517,0.002485180883825769
0,518,0.002485180883825769
0,519,0.002485180883825769
0,520,0.002485180883825769
0,521,0.002485180883825769
0,522,0.002485180883825769
0,523,0.002485180883825769
0,524,0.002485180883825769
0,525,0.002485180883825769
0,526,0.002485180883825769
0,527,0.002485180883825769
0,528,0.002485180883825769
0,529,0.002485180883825769
0,530,0.002485180883825769
0,531,0.002485180883825769
0,532,0.002485180883825769
0,533,0.002485180883825769
0,534,0.002485180883825769
0,535,0.002485180883825769
0,536,0.002485180883825769
0,537,0.002485180883825769
0,538,0.002485180883825769
0,539,0.002485180883825769
0,540,0.002485180883825769
0,541,0.002485180883825769
0,542,0.002485180883825769
0,543,0.002485180883825769
0,544,0.002485180883825769
0,545,0.002485180883825769
0,546,0.002485180883825769
0,547,0.002485180883825769
0,548,0.002485180883825769
0,549,0.002485180883825769
0,550,0.002485180883825769
0,551,0.002485180883825769
0,552,0.002485180883825769
0,553,0.002485180883825769
0,554,0.002485180883825769
0,555,0.002485180883825769
0,556,0.002485180883825769
0,557,0.002485180883825769
0,558,0.002485180883825769
0,559,0.002485180883825769
0,560,0.002485180883825769
0,561,0.002485180883825769
0,562,0.002485180883825769
0,563,0.002485180883825769
0,564,0.002485180883825769
0,565,0.002485180883825769
0,566,0.002485180883825769
0,567,0.002485180883825769
0,568,0.002485180883825769
0,569,0.002485180883825769
0,570,0.002485180883825769
0,571,0.002485180883825769
0,572,0.002485180883825769
0,573,0.002485180883825769
0,574,0.002485180883825769
0,575,0.002485180883825769
0,576,0.002485180883825769
0,577,0.002485180883825769
0,578,0.002485180883825769
0,579,0.002485180883825769
0,580,0.002485180883825769
0,581,0.002485180883825769
0,582,0.002485180883825769
0,583,0.002485180883825769
0,584,0.002485180883825769
0,585,0.002485180883825769
0,586,0.002485180883825769
0,587,0.002485180883825769
0,588,0.002485180883825769
0,589,0.002485180883825769
0,590,0.002485180883825769
0,591,0.002485180883825769
0,592,0.002485180883825769
0,593,0.002485180883825769
0,594,0.002485180883825769
0,595,0.002485180883825769
0,596,0.002485180883825769
0,597,0.002485180883825769
0,598,0.002485180883825769
0,599,0.002485180883825769
0,600,0.002485180883825769
0,601,0.002485180883825769
0,602,0.002485180883825769
0,603,0.002485180883825769
0,604,0.002485180883825769
0,605,0.002485180883825769
0,606,0.002485180883825769
0,607,0.002485180883825769
0,608,0.002485180883825769
0,609,0.002485180883825769
0,610,0.002485180883825769
0,611,0.002485180883825769
0,612,0.002485180883825769
0,613,0.002485180883825769
0,614,0.002485180883825769
0,615,0.002485180883825769
0,616,0.002485180883825769
0,617,0.002485180883825769
0,618,0.002485180883825769
0,619,0.002485180883825769
0,620,0.002485180883825769
0,621,0.002485180883825769
0,622,0.002485180883825769
0,623,0.002485180883825769
0,624,0.002485180883825769
0,625,0.002485180883825769
0,626,0.002485180883825769
0,627,0.002485180883825769
0,628,0.002485180883825769
0,629,0.002485180883825769
0,630,0.002485180883825769
0,631,0.002485180883825769
0,632,0.002485180883825769
0,633,0.002485180883825769
0,634,0.002485180883825769
0,635,0.002485180883825769
0,636,0.002485180883825769
0,637,0.002485180883825769
0,638,0.002485180883825769
0,639,0.002485180883825769
0,640,0.002485180883825769
0,641,0.002485180883825769
0,642,0.002485180883825769
0,643,0.002485180883825769
0,644,0.002485180883825769
0,645,0.002485180883825769
0,646,0.002485180883825769
0,647,0.002485180883825769
0,648,0.002485180883825769
0,649,0.002485180883825769
0,650,0.002485180883825769
0,651,0.002485180883825769
0,652,0.002485180883825769
0,653,0.002485180883825769
0,654,0.002485180883825769
0,655,0.002485180883825769
0,656,0.002485180883825769
0,657,0.002485180883825769
0,658,0.002485180883825769
0,659,0.002485180883825769
0,660,0.002485180883825769
0,661,0.002485180883825769
0,662,0.002485180883825769
0,663,0.002485180883825769
0,664,0.002485180883825769
0,665,0.002485180883825769
0,666,0.002485180883825769
0,667,0.002485180883825769
0,668,0.002485180883825769
0,669,0.002485180883825769
0,670,0.002485180883825769
0,671,0.002485180883825769
0,672,0.002485180883825769
0,673,0.002485180883825769
0,674,0.002485180883825769
0,675,0.002485180883825769
0,676,0.002485180883825769
0,677,0.002485180883825769
0,678,0.002485180883825769
0,679,0.002485180883825769
0,680,0.002485180883825769
0,681,0.002485180883825769
0,682,0.002485180883825769
0,683,0.002485180883825769
0,684,0.002485180883825769
0,685,0.002485180883825769
0,686,0.002485180883825769
0,687,0.002485180883825769
0,688,0.002485180883825769
0,689,0.002485180883825769
0,690,0.002485180883825769
0,691,0.002485180883825769
0,692,0.002485180883825769
0,693,0.002485180883825769
0,694,0.002485180883825769
0,695,0.002485180883825769
0,696,0.002485180883825769
0,697,0.002485180883825769
0,698,0.002485180883825769
0,699,0.002485180883825769
0,700,0.002485180883825769
0,701,0.002485180883825769
0,702,0.002485180883825769
0,703,0.002485180883825769
0,704,0.002485180883825769
0,705,0.002485180883825769
0,706,0.002485180883825769
0,707,0.002485180883825769
0,708,0.002485180883825769
0,709,0.002485180883825769
0,710,0.002485180883825769
0,711,0.002485180883825769
0,712,0.002485180883825769
0,713,0.002485180883825769
0,714,0.002485180883825769
0,715,0.002485180883825769
0,716,0.002485180883825769
0,717,0.002485180883825769
0,718,0.002485180883825769
0,719,0.002485180883825769
0,720,0.002485180883825769
0,721,0.002485180883825769
0,722,0.002485180883825769
0,723,0.002485180883825769
0,724,0.002485180883825769
0,725,0.002485180883825769
0,726,0.002485180883825769
0,727,0.002485180883825769
0,728,0.002485180883825769
0,729,0.002485180883825769
0,730,0.002485180883825769
0,731,0.002485180883825769
0,732,0.002485180883825769
0,733,0.002485180883825769
0,734,0.002485180883825769
0,735,0.002485180883825769
0,736,0.002485180883825769
0,737,0.002485180883825769
0,738,0.002485180883825769
0,739,0.002485180883825769
0,740,0.002485180883825769
0,741,0.002485180883825769
0,742,0.002485180883825769
0,743,0.002485180883825769
0,744,0.002485180883825769
0,745,0.002485180883825769
0,746,0.002485180883825769
0,747,0.002485180883825769
0,748,0.002485180883825769
0,749,0.002485180883825769
0,750,0.002485180883825769
0,751,0.002485180883825769
0,752,0.002485180883825769
0,753,0.002485180883825769
0,754,0.002485180883825769
0,755,0.002485180883825769
0,756,0.002485180883825769
0,757,0.002485180883825769
0,758,0.002485180883825769
0,759,0.002485180883825769
0,760,0.002485180883825769
0,761,0.002485180883825769
0,762,0.002485180883825769
0,763,0.002485180883825769
0,764,0.002485180883825769
0,765,0.002485180883825769
0,766,0.002485180883825769
0,767,0.002485180883825769
0,768,0.002485180883825769
0,769,0.002485180883825769
0,770,0.002485180883825769
0,771,0.002485180883825769
0,772,0.002485180883825769
0,773,0.002485180883825769
0,774,0.002485180883825769
0,775,0.002485180883825769
0,776,0.002485180883825769
0,777,0.002485180883825769
0,778,0.002485180883825769
0,779,0.002485180883825769
0,780,0.002485180883825769
0,781,0.002485180883825769
0,782,0.002485180883825769
0,783,0.002485180883825769
0,784,0.002485180883825769
0,785,0.002485180883825769
0,786,0.002485180883825769
0,787,0.002485180883825769
0,788,0.002485180883825769
0,789,0.002485180883825769
0,790,0.002485180883825769
0,791,0.002485180883825769
0,792,0.002485180883825769
0,793,0.002485180883825769
0,794,0.002485180883825769
0,795,0.002485180883825769
0,796,0.002485180883825769
0,797,0.002485180883825769
0,798,0.002485180883825769
0,799,0.002485180883825769
0,800,0.002485180883825769
0,801,0.002485180883825769
0,802,0.002485180883825769
0,803,0.002485180883825769
0,804,0.002485180883825769
0,805,0.002485180883825769
0,806,0.002485180883825769
0,807,0.002485180883825769
0,808,0.002485180883825769
0,809,0.002485180883825769
0,810,0.002485180883825769
0,811,0.002485180883825769
0,812,0.002485180883825769
0,813,0.002485180883825769
0,814,0.002485180883825769
0,815,0.002485180883825769
0,816,0.002485180883825769
0,817,0.002485180883825769
0,818,0.002485180883825769
0,819,0.002485180883825769
0,820,0.002485180883825769
0,821,0.002485180883825769
0,822,0.002485180883825769
0,823,0.002485180883825769
0,824,0.002485180883825769
0,825,0.002485180883825769
0,826,0.002485180883825769
0,827,0.002485180883825769
0,828,0.002485180883825769
0,829,0.002485180883825769
0,830,0.002485180883825769
0,831,0.002485180883825769
0,832,0.002485180883825769
0,833,0.002485180883825769
0,834,0.002485180883825769
0,835,0.002485180883825769
0,836,0.002485180883825769
0,837,0.002485180883825769
0,838,0.002485180883825769
0,839,0.002485180883825769
0,840,0.002485180883825769
0,841,0.002485180883825769
0,842,0.002485180883825769
0,843,0.002485180883825769
0,844,0.002485180883825769
0,845,0.002485180883825769
0,846,0.002485180883825769
0,847,0.002485180883825769
0,848,0.002485180883825769
0,849,0.002485180883825769
0,850,0.002485180883825769
0,851,0.002485180883825769
0,852,0.002485180883825769
0,853,0.002485180883825769
0,854,0.002485180883825769
0,855,0.002485180883825769
0,856,0.002485180883825769
0,857,0.002485180883825769
0,858,0.002485180883825769
0,859,0.002485180883825769
0,860,0.002485180883825769
0,861,0.002485180883825769
0,862,0.002485180883825769
0,863,0.002485180883825769
0,864,0.002485180883825769
0,865,0.002485180883825769
0,866,0.002485180883825769
0,867,0.002485180883825769
0,868,0.002485180883825769
0,869,0.002485180883825769
0,870,0.002485180883825769
0,871,0.002485180883825769
0,872,0.002485180883825769
0,873,0.002485180883825769
0,874,0.002485180883825769
0,875,0.002485180883825769
0,876,0.002485180883825769
0,877,0.002485180883825769
0,878,0.002485180883825769
0,879,0.002485180883825769
0,880,0.002485180883825769
0,881,0.002485180883825769
0,882,0.002485180883825769
0,883,0.002485180883825769
0,884,0.002485180883825769
0,885,0.002485180883825769
0,886,0.002485180883825769
0,887,0.002485180883825769
0,888,0.002485180883825769
0,889,0.002485180883825769
0,890,0.002485180883825769
0,891,0.002485180883825769
0,892,0.002485180883825769
0,893,0.002485180883825769
0,894,0.002485180883825769
0,895,0.002485180883825769
0,896,0.002485180883825769
0,897,0.002485180883825769
0,898,0.002485180883825769
0,899,0.002485180883825769
0,900,0.002485180883825769
0,901,0.002485180883825769
0,902,0.002485180883825769
0,903,0.002485180883825769
0,904,0.002485180883825769
0,905,0.002485180883825769
0,906,0.002485180883825769
0,907,0.002485180883825769
0,908,0.002485180883825769
0,909,0.002485180883825769
0,910,0.002485180883825769
0,911,0.002485180883825769
0,912,0.002485180883825769
0,913,0.002485180883825769
0,914,0.002485180883825769
0,915,0.002485180883825769
0,916,0.002485180883825769
0,917,0.002485180883825769
0,918,0.002485180883825769
0,919,0.002485180883825769
0,920,0.002485180883825769
0,921,0.002485180883825769
0,922,0.002485180883825769
0,923,0.002485180883825769
0,924,0.002485180883825769
0,925,0.002485180883825769
0,926,0.002485180883825769
0,927,0.002485180883825769
0,928,0.002485180883825769
0,929,0.002485180883825769
0,930,0.002485180883825769
0,931,0.002485180883825769
0,932,0.002485180883825769
0,933,0.002485180883825769
0,934,0.002485180883825769
0,935,0.002485180883825769
0,936,0.002485180883825769
0,937,0.002485180883825769
0,938,0.002485180883825769
0,939,0.002485180883825769
0,940,0.002485180883825769
0,941,0.002485180883825769
0,942,0.002485180883825769
0,943,0.002485180883825769
0,944,0.002485180883825769
0,945,0.002485180883825769
0,946,0.002485180883825769
0,947,0.002485180883825769
0,948,0.002485180883825769
0,949,0.002485180883825769
0,950,0.002485180883825769
0,951,0.002485180883825769
0,952,0.002485180883825769
0,953,0.002485180883825769
0,954,0.002485180883825769
0,955,0.002485180883825769
0,956,0.002485180883825769
0,957,0.002485180883825769
0,958,0.002485180883825769
0,959,0.002485180883825769
0,960,0.002485180883825769
0,961,0.002485180883825769
0,962,0.002485180883825769
0,963,0.002485180883825769
0,964,0.002485180883825769
0,965,0.002485180883825769
0,966,0.002485180883825769
0,967,0.002485180883825769
0,968,0.002485180883825769
0,969,0.002485180883825769
0,970,0.002485180883825769
0,971,0.002485180883825769
0,972,0.002485180883825769
0,973,0.002485180883825769
0,974,0.002485180883825769
0,975,0.002485180883825769
0,976,0.002485180883825769
0,977,0.002485180883825769
0,978,0.002485180883825769
0,979,0.002485180883825769
0,980,0.002485180883825769
0,981,0.002485180883825769
0,982,0.002485180883825769
0,983,0.002485180883825769
0,984,0.002485180883825769
0,985,0.002485180883825769
0,986,0.002485180883825769
0,987,0.002485180883825769
0,988,0.002485180883825769
0,989,0.002485180883825769
0,990,0.002485180883825769
0,991,0.002485180883825769
0,992,0.002485180883825769
0,993,0.002485180883825769
0,994,0.002485180883825769
0,995,0.002485180883825769
0,996,0.002485180883825769
0,997,0.002485180883825769
0,998,0.002485180883825769
0,999,0.002485180883825769
0,1000,0.002485180883825769
0,1001,0.002485180883825769
0,1002,0.002485180883825769
0,1003,0.002485180883825769
0,1004,0.002485180883825769
0,1005,0.002485180883825769
0,1006,0.002485180883825769
0,1007,0.002485180883825769
0,1008,0.002485180883825769
0,1009,0.002485180883825769
0,1010,0.002485180883825769
0,1011,0.002485180883825769
0,1012,0.002485180883825769
0,1013,0.002485180883825769
0,1014,0.002485180883825769
0,1015,0.002485180883825769
0,1016,0.002485180883825769
0,1017,0.002485180883825769
0,1018,0.002485180883825769
0,1019,0.002485180883825769
0,1020,0.002485180883825769
0,1021,0.002485180883825769
0,1022,0.002485180883825769
0,1023,0.002485180883825769
0,1024,0.002485180883825769
0,1025,0.002485180883825769
0,1026,0.002485180883825769
0,1027,0.002485180883825769
0,1028,0.002485180883825769
0,1029,0.002485180883825769
0,1030,0.002485180883825769
0,1031,0.002485180883825769
0,1032,0.002485180883825769
0,1033,0.002485180883825769
0,1034,0.002485180883825769
0,1035,0.002485180883825769
0,1036,0.002485180883825769
0,1037,0.002485180883825769
0,1038,0.002485180883825769
0,1039,0.002485180883825769
0,1040,0.002485180883825769
0,1041,0.002485180883825769
0,1042,0.002485180883825769
0,1043,0.002485180883825769
0,1044,0.002485180883825769
0,1045,0.002485180883825769
0,1046,0.002485180883825769
0,1047,0.002485180883825769
0,1048,0.002485180883825769
0,1049,0.002485180883825769
0,1050,0.002485180883825769
0,1051,0.002485180883825769
0,1052,0.002485180883825769
0,1053,0.002485180883825769
0,1054,0.002485180883825769
0,1055,0.002485180883825769
0,1056,0.002485180883825769
0,1057,0.002485180883825769
0,1058,0.002485180883825769
0,1059,0.002485180883825769
0,1060,0.002485180883825769
0,1061,0.002485180883825769
0,1062,0.002485180883825769
0,1063,0.002485180883825769
0,1064,0.002485180883825769
0,1065,0.002485180883825769
0,1066,0.002485180883825769
0,1067,0.002485180883825769
0,1068,0.002485180883825769
0,1069,0.002485180883825769
0,1070,0.002485180883825769
0,1071,0.002485180883825769
0,1072,0.002485180883825769
0,1073,0.002485180883825769
0,1074,0.002485180883825769
0,1075,0.002485180883825769
0,1076,0.002485180883825769
0,1077,0.002485180883825769
0,1078,0.002485180883825769
0,1079,0.002485180883825769
0,1080,0.002485180883825769
0,1081,0.002485180883825769
0,1082,0.002485180883825769
0,1083,0.002485180883825769
0,1084,0.002485180883825769
0,1085,0.002485180883825769
0,1086,0.002485180883825769
0,1087,0.002485180883825769
0,1088,0.002485180883825769
0,1089,0.002485180883825769
0,1090,0.002485180883825769
0,1091,0.002485180883825769
0,1092,0.002485180883825769
0,1093,0.002485180883825769
0,1094,0.002485180883825769
0,1095,0.002485180883825769
0,1096,0.002485180883825769
0,1097,0.002485180883825769
0,1098,0.002485180883825769
0,1099,0.002485180883825769
0,1100,0.002485180883825769
0,1101,0.002485180883825769
0,1102,0.002485180883825769
0,1103,0.002485180883825769
0,1104,0.002485180883825769
0,1105,0.002485180883825769
0,1106,0.002485180883825769
0,1107,0.002485180883825769
0,1108,0.002485180883825769
0,1109,0.002485180883825769
0,1110,0.002485180883825769
0,1111,0.002485180883825769
0,1112,0.002485180883825769
0,1113,0.002485180883825769
0,1114,0.002485180883825769
0,1115,0.002485180883825769
0,1116,0.002485180883825769
0,1117,0.002485180883825769
0,1118,0.002485180883825769
0,1119,0.002485180883825769
0,1120,0.002485180883825769
0,1121,0.002485180883825769
0,1122,0.002485180883825769
0,1123,0.002485180883825769
0,1124,0.002485180883825769
0,1125,0.002485180883825769
0,1126,0.002485180883825769
0,1127,0.002485180883825769
0,1128,0.002485180883825769
0,1129,0.002485180883825769
0,1130,0.002485180883825769
0,1131,0.002485180883825769
0,1132,0.002485180883825769
0,1133,0.002485180883825769
0,1134,0.002485180883825769
0,1135,0.002485180883825769
0,1136,0.002485180883825769
0,1137,0.002485180883825769
0,1138,0.002485180883825769
0,1139,0.002485180883825769
0,1140,0.002485180883825769
0,1141,0.002485180883825769
0,1142,0.002485180883825769
0,1143,0.002485180883825769
0,1144,0.002485180883825769
0,1145,0.002485180883825769
0,1146,0.002485180883825769
0,1147,0.002485180883825769
0,1148,0.002485180883825769
0,1149,0.002485180883825769
0,1150,0.002485180883825769
0,1151,0.002485180883825769
0,1152,0.002485180883825769
0,1153,0.002485180883825769
0,1154,0.002485180883825769
0,1155,0.002485180883825769
0,1156,0.002485180883825769
0,1157,0.002485180883825769
0,1158,0.002485180883825769
0,1159,0.002485180883825769
0,1160,0.002485180883825769
0,1161,0.002485180883825769
0,1162,0.002485180883825769
0,1163,0.002485180883825769
0,1164,0.002485180883825769
0,1165,0.002485180883825769
0,1166,0.002485180883825769
0,1167,0.002485180883825769
0,1168,0.002485180883825769
0,1169,0.002485180883825769
0,1170,0.002485180883825769
0,1171,0.002485180883825769
0,1172,0.002485180883825769
0,1173,0.002485180883825769
0,1174,0.002485180883825769
0,1175,0.002485180883825769
0,1176,0.002485180883825769
0,1177,0.002485180883825769
0,1178,0.002485180883825769
0,1179,0.002485180883825769
0,1180,0.002485180883825769
0,1181,0.002485180883825769
0,1182,0.002485180883825769
0,1183,0.002485180883825769
0,1184,0.002485180883825769
0,1185,0.002485180883825769
0,1186,0.002485180883825769
0,1187,0.002485180883825769
0,1188,0.002485180883825769
0,1189,0.002485180883825769
0,1190,0.002485180883825769
0,1191,0.002485180883825769
0,1192,0.002485180883825769
0,1193,0.002485180883825769
0,1194,0.002485180883825769
0,1195,0.002485180883825769
0,1196,0.002485180883825769
0,1197,0.002485180883825769
0,1198,0.002485180883825769
0,1199,0.002485180883825769
0,1200,0.002485180883825769
0,1201,0.002485180883825769
0,1202,0.002485180883825769
0,1203,0.002485180883825769
0,1204,0.002485180883825769
0,1205,0.002485180883825769
0,1206,0.002485180883825769
0,1207,0.002485180883825769
0,1208,0.002485180883825769
0,1209,0.002485180883825769
0,1210,0.002485180883825769
0,1211,0.002485180883825769
0,1212,0.002485180883825769
0,1213,0.002485180883825769
0,1214,0.002485180883825769
0,1215,0.002485180883825769
0,1216,0.002485180883825769
0,1217,0.002485180883825769
0,1218,0.002485180883825769
0,1219,0.002485180883825769
0,1220,0.002485180883825769
0,1221,0.002485180883825769
0,1222,0.002485180883825769
0,1223,0.002485180883825769
0,1224,0.002485180883825769
0,1225,0.002485180883825769
0,1226,0.002485180883825769
0,1227,0.002485180883825769
0,1228,0.002485180883825769
0,1229,0.002485180883825769
0,1230,0.002485180883825769
0,1231,0.002485180883825769
0,1232,0.002485180883825769
0,1233,0.002485180883825769
0,1234,0.002485180883825769
0,1235,0.002485180883825769
0,1236,0.002485180883825769
0,1237,0.002485180883825769
0,1238,0.002485180883825769
0,1239,0.002485180883825769
0,1240,0.002485180883825769
0,1241,0.002485180883825769
0,1242,0.002485180883825769
0,1243,0.002485180883825769
0,1244,0.002485180883825769
0,1245,0.002485180883825769
0,1246,0.002485180883825769
0,1247,0.002485180883825769
0,1248,0.002485180883825769
0,1249,0.002485180883825769
0,1250,0.002485180883825769
0,1251,0.002485180883825769
0,1252,0.002485180883825769
0,1253,0.002485180883825769
0,1254,0.002485180883825769
0,1255,0.002485180883825769
0,1256,0.002485180883825769
0,1257,0.002485180883825769
0,1258,0.002485180883825769
0,1259,0.002485180883825769
0,1260,0.002485180883825769
0,1261,0.002485180883825769
0,1262,0.002485180883825769
0,1263,0.002485180883825769
0,1264,0.002485180883825769
0,1265,0.002485180883825769
0,1266,0.002485180883825769
0,1267,0.002485180883825769
0,1268,0.002485180883825769
0,1269,0.002485180883825769
0,1270,0.002485180883825769
0,1271,0.002485180883825769
0,1272,0.002485180883825769
0,1273,0.002485180883825769
0,1274,0.002485180883825769
0,1275,0.002485180883825769
0,1276,0.002485180883825769
0,1277,0.002485180883825769
0,1278,0.002485180883825769
0,1279,0.002485180883825769
0,1280,0.002485180883825769
0,1281,0.002485180883825769
0,1282,0.002485180883825769
0,1283,0.002485180883825769
0,1284,0.002485180883825769
0,1285,0.002485180883825769
0,1286,0.002485180883825769
0,1287,0.002485180883825769
0,1288,0.002485180883825769
0,1289,0.002485180883825769
0,1290,0.002485180883825769
0,1291,0.002485180883825769
0,1292,0.002485180883825769
0,1293,0.002485180883825769
0,1294,0.002485180883825769
0,1295,0.002485180883825769
0,1296,0.002485180883825769
0,1297,0.002485180883825769
0,1298,0.002485180883825769
0,1299,0.002485180883825769
0,1300,0.002485180883825769
0,1301,0.002485180883825769
0,1302,0.002485180883825769
0,1303,0.002485180883825769
0,1304,0.002485180883825769
0,1305,0.002485180883825769
0,1306,0.002485180883825769
0,1307,0.002485180883825769
0,1308,0.002485180883825769
0,1309,0.002485180883825769
0,1310,0.002485180883825769
0,1311,0.002485180883825769
0,1312,0.002485180883825769
0,1313,0.002485180883825769
0,1314,0.002485180883825769
0,1315,0.002485180883825769
0,1316,0.002485180883825769
0,1317,0.002485180883825769
0,1318,0.002485180883825769
0,1319,0.002485180883825769
0,1320,0.002485180883825769
0,1321,0.002485180883825769
0,1322,0.002485180883825769
0,1323,0.002485180883825769
0,1324,0.002485180883825769
0,1325,0.002485180883825769
0,1326,0.002485180883825769
0,1327,0.002485180883825769
0,1328,0.002485180883825769
0,1329,0.002485180883825769
0,1330,0.002485180883825769
0,1331,0.002485180883825769
0,1332,0.002485180883825769
0,1333,0.002485180883825769
0,1334,0.002485180883825769
0,1335,0.002485180883825769
0,1336,0.002485180883825769
0,1337,0.002485180883825769
0,1338,0.002485180883825769
0,1339,0.002485180883825769
0,1340,0.002485180883825769
0,1341,0.002485180883825769
0,1342,0.002485180883825769
0,1343,0.002485180883825769
0,1344,0.002485180883825769
0,1345,0.002485180883825769
0,1346,0.002485180883825769
0,1347,0.002485180883825769
0,1348,0.002485180883825769
0,1349,0.002485180883825769
0,1350,0.002485180883825769
0,1351,0.002485180883825769
0,1352,0.002485180883825769
0,1353,0.002485180883825769
0,1354,0.002485180883825769
0,1355,0.002485180883825769
0,1356,0.002485180883825769
0,1357,0.002485180883825769
0,1358,0.002485180883825769
0,1359,0.002485180883825769
0,1360,0.002485180883825769
0,1361,0.002485180883825769
0,1362,0.002485180883825769
0,1363,0.002485180883825769
0,1364,0.002485180883825769
0,1365,0.002485180883825769
0,1366,0.002485180883825769
0,1367,0.002485180883825769
0,1368,0.002485180883825769
0,1369,0.002485180883825769
0,1370,0.002485180883825769
0,1371,0.002485180883825769
0,1372,0.002485180883825769
0,1373,0.002485180883825769
0,1374,0.002485180883825769
0,1375,0.002485180883825769
0,1376,0.002485180883825769
0,1377,0.002485180883825769
0,1378,0.002485180883825769
0,1379,0.002485180883825769
0,1380,0.002485180883825769
0,1381,0.002485180883825769
0,1382,0.002485180883825769
0,1383,0.002485180883825769
0,1384,0.002485180883825769
0,1385,0.002485180883825769
0,1386,0.002485180883825769
0,1387,0.002485180883825769
0,1388,0.002485180883825769
0,1389,0.002485180883825769
0,1390,0.002485180883825769
0,1391,0.002485180883825769
0,1392,0.002485180883825769
0,1393,0.002485180883825769
0,1394,0.002485180883825769
0,1395,0.002485180883825769
0,1396,0.002485180883825769
0,1397,0.002485180883825769
0,1398,0.002485180883825769
0,1399,0.002485180883825769
0,1400,0.002485180883825769
0,1401,0.002485180883825769
0,1402,0.002485180883825769
0,1403,0.002485180883825769
0,1404,0.002485180883825769
0,1405,0.002485180883825769
0,1406,0.002485180883825769
0,1407,0.002485180883825769
0,1408,0.002485180883825769
0,1409,0.002485180883825769
0,1410,0.002485180883825769
0,1411,0.002485180883825769
0,1412,0.002485180883825769
0,1413,0.002485180883825769
0,1414,0.002485180883825769
0,1415,0.002485180883825769
0,1416,0.002485180883825769
0,1417,0.002485180883825769
0,1418,0.002485180883825769
0,1419,0.002485180883825769
0,1420,0.002485180883825769
0,1421,0.002485180883825769
0,1422,0.002485180883825769
0,1423,0.002485180883825769
0,1424,0.002485180883825769
0,1425,0.002485180883825769
0,1426,0.002485180883825769
0,1427,0.002485180883825769
0,1428,0.002485180883825769
0,1429,0.002485180883825769
0,1430,0.002485180883825769
0,1431,0.002485180883825769
0,1432,0.002485180883825769
0,1433,0.002485180883825769
0,1434,0.002485180883825769
0,1435,0.002485180883825769
0,1436,0.002485180883825769
0,1437,0.002485180883825769
0,1438,0.002485180883825769
0,1439,0.002485180883825769
0,1440,0.002485180883825769
0,1441,0.002485180883825769
0,1442,0.002485180883825769
0,1443,0.002485180883825769
0,1444,0.002485180883825769
0,1445,0.002485180883825769
0,1446,0.002485180883825769
0,1447,0.002485180883825769
0,1448,0.002485180883825769
0,1449,0.002485180883825769
0,1450,0.002485180883825769
0,1451,0.002485180883825769
0,1452,0.002485180883825769
0,1453,0.002485180883825769
0,1454,0.002485180883825769
0,1455,0.002485180883825769
0,1456,0.002485180883825769
0,1457,0.002485180883825769
0,1458,0.002485180883825769
0,1459,0.002485180883825769
0,1460,0.002485180883825769
0,1461,0.002485180883825769
0,1462,0.002485180883825769
0,1463,0.002485180883825769
0,1464,0.002485180883825769
0,1465,0.002485180883825769
0,1466,0.002485180883825769
0,1467,0.002485180883825769
0,1468,0.002485180883825769
0,1469,0.002485180883825769
0,1470,0.002485180883825769
0,1471,0.002485180883825769
0,1472,0.002485180883825769
0,1473,0.002485180883825769
0,1474,0.002485180883825769
0,1475,0.002485180883825769
0,1476,0.002485180883825769
0,1477,0.002485180883825769
0,1478,0.002485180883825769
0,1479,0.002485180883825769
0,1480,0.002485180883825769
0,1481,0.002485180883825769
0,1482,0.002485180883825769
0,1483,0.002485180883825769
0,1484,0.002485180883825769
0,1485,0.002485180883825769
0,1486,0.002485180883825769
0,1487,0.002485180883825769
0,1488,0.002485180883825769
0,1489,0.002485180883825769
0,1490,0.002485180883825769
0,1491,0.002485180883825769
0,1492,0.002485180883825769
0,1493,0.002485180883825769
0,1494,0.002485180883825769
0,1495,0.002485180883825769
0,1496,0.002485180883825769
0,1497,0.002485180883825769
0,1498,0.002485180883825769
0,1499,0.002485180883825769
0,1500,0.002485180883825769
0,1501,0.002485180883825769
0,1502,0.002485180883825769
0,1503,0.002485180883825769
0,1504,0.002485180883825769
0,1505,0.002485180883825769
0,1506,0.002485180883825769
0,1507,0.002485180883825769
0,1508,0.002485180883825769
0,1509,0.002485180883825769
0,1510,0.002485180883825769
0,1511,0.002485180883825769
0,1512,0.002485180883825769
0,1513,0.002485180883825769
0,1514,0.002485180883825769
0,1515,0.002485180883825769
0,1516,0.002485180883825769
0,1517,0.002485180883825769
0,1518,0.002485180883825769
0,1519,0.002485180883825769
0,1520,0.002485180883825769
0,1521,0.002485180883825769
0,1522,0.002485180883825769
0,1523,0.002485180883825769
0,1524,0.002485180883825769
0,1525,0.002485180883825769
0,1526,0.002485180883825769
0,1527,0.002485180883825769
0,1528,0.002485180883825769
0,1529,0.002485180883825769
0,1530,0.002485180883825769
0,1531,0.002485180883825769
0,1532,0.002485180883825769
0,1533,0.002485180883825769
0,1534,0.002485180883825769
0,1535,0.002485180883825769
0,1536,0.002485180883825769
0,1537,0.002485180883825769
0,1538,0.002485180883825769
0,1539,0.002485180883825769
0,1540,0.002485180883825769
0,1541,0.002485180883825769
0,1542,0.002485180883825769
0,1543,0.002485180883825769
0,1544,0.002485180883825769
0,1545,0.002485180883825769
0,1546,0.002485180883825769
0,1547,0.002485180883825769
0,1548,0.002485180883825769
0,1549,0.002485180883825769
0,1550,0.002485180883825769
0,1551,0.002485180883825769
0,1552,0.002485180883825769
0,1553,0.002485180883825769
0,1554,0.002485180883825769
0,1555,0.002485180883825769
0,1556,0.002485180883825769
0,1557,0.002485180883825769
0,1558,0.002485180883825769
0,1559,0.002485180883825769
0,1560,0.002485180883825769
0,1561,0.002485180883825769
0,1562,0.002485180883825769
0,1563,0.002485180883825769
0,1564,0.002485180883825769
0,1565,0.002485180883825769
0,1566,0.002485180883825769
0,1567,0.002485180883825769
0,1568,0.002485180883825769
0,1569,0.002485180883825769
0,1570,0.002485180883825769
0,1571,0.002485180883825769
0,1572,0.002485180883825769
0,1573,0.002485180883825769
0,1574,0.002485180883825769
0,1575,0.002485180883825769
0,1576,0.002485180883825769
0,1577,0.002485180883825769
0,1578,0.002485180883825769
0,1579,0.002485180883825769
0,1580,0.002485180883825769
0,1581,0.002485180883825769
0,1582,0.002485180883825769
0,1583,0.002485180883825769
0,1584,0.002485180883825769
0,1585,0.002485180883825769
0,1586,0.002485180883825769
0,1587,0.002485180883825769
0,1588,0.002485180883825769
0,1589,0.002485180883825769
0,1590,0.002485180883825769
0,1591,0.002485180883825769
0,1592,0.002485180883825769
0,1593,0.002485180883825769
0,1594,0.002485180883825769
0,1595,0.002485180883825769
0,1596,0.002485180883825769
0,1597,0.002485180883825769
0,1598,0.002485180883825769
0,1599,0.002485180883825769
0,1600,0.002485180883825769
0,1601,0.002485180883825769
0,1602,0.002485180883825769
0,1603,0.002485180883825769
0,1604,0.002485180883825769
0,1605,0.002485180883825769
0,1606,0.002485180883825769
0,1607,0.002485180883825769
0,1608,0.002485180883825769
0,1609,0.002485180883825769
0,1610,0.002485180883825769
0,1611,0.002485180883825769
0,1612,0.002485180883825769
0,1613,0.002485180883825769
0,1614,0.002485180883825769
0,1615,0.002485180883825769
0,1616,0.002485180883825769
0,1617,0.002485180883825769
0,1618,0.002485180883825769
0,1619,0.002485180883825769
0,1620,0.002485180883825769
0,1621,0.002485180883825769
0,1622,0.002485180883825769
0,1623,0.002485180883825769
0,1624,0.002485180883825769
0,1625,0.002485180883825769
0,1626,0.002485180883825769
0,1627,0.002485180883825769
0,1628,0.002485180883825769
0,1629,0.002485180883825769
0,1630,0.002485180883825769
0,1631,0.002485180883825769
0,1632,0.002485180883825769
0,1633,0.002485180883825769
0,1634,0.002485180883825769
0,1635,0.002485180883825769
0,1636,0.002485180883825769
0,1637,0.002485180883825769
0,1638,0.002485180883825769
0,1639,0.002485180883825769
0,1640,0.002485180883825769
0,1641,0.002485180883825769
0,1642,0.002485180883825769
0,1643,0.002485180883825769
0,1644,0.002485180883825769
0,1645,0.002485180883825769
0,1646,0.002485180883825769
0,1647,0.002485180883825769
0,1648,0.002485180883825769
0,1649,0.002485180883825769
0,1650,0.002485180883825769
0,1651,0.002485180883825769
0,1652,0.002485180883825769
0,1653,0.002485180883825769
0,1654,0.002485180883825769
0,1655,0.002485180883825769
0,1656,0.002485180883825769
0,1657,0.002485180883825769
0,1658,0.002485180883825769
0,1659,0.002485180883825769
0,1660,0.002485180883825769
0,1661,0.002485180883825769
0,1662,0.002485180883825769
0,1663,0.002485180883825769
0,1664,0.002485180883825769
0,1665,0.002485180883825769
0,1666,0.002485180883825769
0,1667,0.002485180883825769
0,1668,0.002485180883825769
0,1669,0.002485180883825769
0,1670,0.002485180883825769
0,1671,0.002485180883825769
0,1672,0.002485180883825769
0,1673,0.002485180883825769
0,1674,0.002485180883825769
0,1675,0.002485180883825769
0,1676,0.002485180883825769
0,1677,0.002485180883825769
0,1678,0.002485180883825769
0,1679,0.002485180883825769
0,1680,0.002485180883825769
0,1681,0.002485180883825769
0,1682,0.002485180883825769
0,1683,0.002485180883825769
0,1684,0.002485180883825769
0,1685,0.002485180883825769
0,1686,0.002485180883825769
0,1687,0.002485180883825769
0,1688,0.002485180883825769
0,1689,0.002485180883825769
0,1690,0.002485180883825769
0,1691,0.002485180883825769
0,1692,0.002485180883825769
0,1693,0.002485180883825769
0,1694,0.002485180883825769
0,1695,0.002485180883825769
0,1696,0.002485180883825769
0,1697,0.002485180883825769
0,1698,0.002485180883825769
0,1699,0.002485180883825769
0,1700,0.002485180883825769
0,1701,0.002485180883825769
0,1702,0.002485180883825769
0,1703,0.002485180883825769
0,1704,0.002485180883825769
0,1705,0.002485180883825769
0,1706,0.002485180883825769
0,1707,0.002485180883825769
0,1708,0.002485180883825769
0,1709,0.002485180883825769
0,1710,0.002485180883825769
0,1711,0.002485180883825769
0,1712,0.002485180883825769
0,1713,0.002485180883825769
0,1714,0.002485180883825769
0,1715,0.002485180883825769
0,1716,0.002485180883825769
0,1717,0.002485180883825769
0,1718,0.002485180883825769
0,1719,0.002485180883825769
0,1720,0.002485180883825769
0,1721,0.002485180883825769
0,1722,0.002485180883825769
0,1723,0.002485180883825769
0,1724,0.002485180883825769
0,1725,0.002485180883825769
0,1726,0.002485180883825769
0,1727,0.002485180883825769
0,1728,0.002485180883825769
0,1729,0.002485180883825769
0,1730,0.002485180883825769
0,1731,0.002485180883825769
0,1732,0.002485180883825769
0,1733,0.002485180883825769
0,1734,0.002485180883825769
0,1735,0.002485180883825769
0,1736,0.002485180883825769
0,1737,0.002485180883825769
0,1738,0.002485180883825769
0,1739,0.002485180883825769
0,1740,0.002485180883825769
0,1741,0.002485180883825769
0,1742,0.002485180883825769
0,1743,0.002485180883825769
0,1744,0.002485180883825769
0,1745,0.002485180883825769
0,1746,0.002485180883825769
0,1747,0.002485180883825769
0,1748,0.002485180883825769
0,1749,0.002485180883825769
0,1750,0.002485180883825769
0,1751,0.002485180883825769
0,1752,0.002485180883825769
0,1753,0.002485180883825769
0,1754,0.002485180883825769
0,1755,0.002485180883825769
0,1756,0.002485180883825769
0,1757,0.002485180883825769
0,1758,0.002485180883825769
0,1759,0.002485180883825769
0,1760,0.002485180883825769
0,1761,0.002485180883825769
0,1762,0.002485180883825769
0,1763,0.002485180883825769
0,1764,0.002485180883825769
0,1765,0.002485180883825769
0,1766,0.002485180883825769
0,1767,0.002485180883825769
0,1768,0.002485180883825769
0,1769,0.002485180883825769
0,1770,0.002485180883825769
0,1771,0.002485180883825769
0,1772,0.002485180883825769
0,1773,0.002485180883825769
0,1774,0.002485180883825769
0,1775,0.002485180883825769
0,1776,0.002485180883825769
0,1777,0.002485180883825769
0,1778,0.002485180883825769
0,1779,0.002485180883825769
0,1780,0.002485180883825769
0,1781,0.002485180883825769
0,1782,0.002485180883825769
0,1783,0.002485180883825769
0,1784,0.002485180883825769
0,1785,0.002485180883825769
0,1786,0.002485180883825769
0,1787,0.002485180883825769
0,1788,0.002485180883825769
0,1789,0.002485180883825769
0,1790,0.002485180883825769
0,1791,0.002485180883825769
0,1792,0.002485180883825769
0,1793,0.002485180883825769
0,1794,0.002485180883825769
0,1795,0.002485180883825769
0,1796,0.002485180883825769
0,1797,0.002485180883825769
0,1798,0.002485180883825769
0,1799,0.002485180883825769
0,1800,0.002485180883825769
0,1801,0.002485180883825769
0,1802,0.002485180883825769
0,1803,0.002485180883825769
0,1804,0.002485180883825769
0,1805,0.002485180883825769
0,1806,0.002485180883825769
0,1807,0.002485180883825769
0,1808,0.002485180883825769
0,1809,0.002485180883825769
0,1810,0.002485180883825769
0,1811,0.002485180883825769
0,1812,0.002485180883825769
0,1813,0.002485180883825769
0,1814,0.002485180883825769
0,1815,0.002485180883825769
0,1816,0.002485180883825769
0,1817,0.002485180883825769
0,1818,0.002485180883825769
0,1819,0.002485180883825769
0,1820,0.002485180883825769
0,1821,0.002485180883825769
0,1822,0.002485180883825769
0,1823,0.002485180883825769
0,1824,0.002485180883825769
0,1825,0.002485180883825769
0,1826,0.002485180883825769
0,1827,0.002485180883825769
0,1828,0.002485180883825769
0,1829,0.002485180883825769
0,1830,0.002485180883825769
0,1831,0.002485180883825769
0,1832,0.002485180883825769
0,1833,0.002485180883825769
0,1834,0.002485180883825769
0,1835,0.002485180883825769
0,1836,0.002485180883825769
0,1837,0.002485180883825769
0,1838,0.002485180883825769
0,1839,0.002485180883825769
0,1840,0.002485180883825769
0,1841,0.002485180883825769
0,1842,0.002485180883825769
0,1843,0.002485180883825769
0,1844,0.002485180883825769
0,1845,0.002485180883825769
0,1846,0.002485180883825769
0,1847,0.002485180883825769
0,1848,0.002485180883825769
0,1849,0.002485180883825769
0,1850,0.002485180883825769
0,1851,0.002485180883825769
0,1852,0.002485180883825769
0,1853,0.002485180883825769
0,1854,0.002485180883825769
0,1855,0.002485180883825769
0,1856,0.002485180883825769
0,1857,0.002485180883825769
0,1858,0.002485180883825769
0,1859,0.002485180883825769
0,1860,0.002485180883825769
0,1861,0.002485180883825769
0,1862,0.002485180883825769
0,1863,0.002485180883825769
0,1864,0.002485180883825769
0,1865,0.002485180883825769
0,1866,0.002485180883825769
0,1867,0.002485180883825769
0,1868,0.002485180883825769
0,1869,0.002485180883825769
0,1870,0.002485180883825769
0,1871,0.002485180883825769
0,1872,0.002485180883825769
0,1873,0.002485180883825769
0,1874,0.002485180883825769
0,1875,0.002485180883825769
0,1876,0.002485180883825769
0,1877,0.002485180883825769
0,1878,0.002485180883825769
0,1879,0.002485180883825769
0,1880,0.002485180883825769
0,1881,0.002485180883825769
0,1882,0.002485180883825769
0,1883,0.002485180883825769
0,1884,0.002485180883825769
0,1885,0.002485180883825769
0,1886,0.002485180883825769
0,1887,0.002485180883825769
0,1888,0.002485180883825769
0,1889,0.002485180883825769
0,1890,0.002485180883825769
0,1891,0.002485180883825769
0,1892,0.002485180883825769
0,1893,0.002485180883825769
0,1894,0.002485180883825769
0,1895,0.002485180883825769
0,1896,0.002485180883825769
0,1897,0.002485180883825769
0,1898,0.002485180883825769
0,1899,0.002485180883825769
0,1900,0.002485180883825769
0,1901,0.002485180883825769
0,1902,0.002485180883825769
0,1903,0.002485180883825769
0,1904,0.002485180883825769
0,1905,0.002485180883825769
0,1906,0.002485180883825769
0,1907,0.002485180883825769
0,1908,0.002485180883825769
0,1909,0.002485180883825769
0,1910,0.002485180883825769
0,1911,0.002485180883825769
0,1912,0.002485180883825769
0,1913,0.002485180883825769
0,1914,0.002485180883825769
0,1915,0.002485180883825769
0,1916,0.002485180883825769
0,1917,0.002485180883825769
0,1918,0.002485180883825769
0,1919,0.002485180883825769
0,1920,0.002485180883825769
0,1921,0.002485180883825769
0,1922,0.002485180883825769
0,1923,0.002485180883825769
0,1924,0.002485180883825769
0,1925,0.002485180883825769
0,1926,0.002485180883825769
0,1927,0.002485180883825769
0,1928,0.002485180883825769
0,1929,0.002485180883825769
0,1930,0.002485180883825769
0,1931,0.002485180883825769
0,1932,0.002485180883825769
0,1933,0.002485180883825769
0,1934,0.002485180883825769
0,1935,0.002485180883825769
0,1936,0.002485180883825769
0,1937,0.002485180883825769
0,1938,0.002485180883825769
0,1939,0.002485180883825769
0,1940,0.002485180883825769
0,1941,0.002485180883825769
0,1942,0.002485180883825769
0,1943,0.002485180883825769
0,1944,0.002485180883825769
0,1945,0.002485180883825769
0,1946,0.002485180883825769
0,1947,0.002485180883825769
0,1948,0.002485180883825769
0,1949,0.002485180883825769
0,1950,0.002485180883825769
0,1951,0.002485180883825769
0,1952,0.002485180883825769
0,1953,0.002485180883825769
0,1954,0.002485180883825769
0,1955,0.002485180883825769
0,1956,0.002485180883825769
0,1957,0.002485180883825769
0,1958,0.002485180883825769
0,1959,0.002485180883825769
0,1960,0.002485180883825769
0,1961,0.002485180883825769
0,1962,0.002485180883825769
0,1963,0.002485180883825769
0,1964,0.002485180883825769
0,1965,0.002485180883825769
0,1966,0.002485180883825769
0,1967,0.002485180883825769
0,1968,0.002485180883825769
0,1969,0.002485180883825769
0,1970,0.002485180883825769
0,1971,0.002485180883825769
0,1972,0.002485180883825769
0,1973,0.002485180883825769
0,1974,0.002485180883825769
0,1975,0.002485180883825769
0,1976,0.002485180883825769
0,1977,0.002485180883825769
0,1978,0.002485180883825769
0,1979,0.002485180883825769
0,1980,0.002485180883825769
0,1981,0.002485180883825769
0,1982,0.002485180883825769
0,1983,0.002485180883825769
0,1984,0.002485180883825769
0,1985,0.002485180883825769
0,1986,0.002485180883825769
0,1987,0.002485180883825769
0,1988,0.002485180883825769
0,1989,0.002485180883825769
0,1990,0.002485180883825769
0,1991,0.002485180883825769
0,1992,0.002485180883825769
0,1993,0.002485180883825769
0,1994,0.002485180883825769
0,1995,0.002485180883825769
0,1996,0.002485180883825769
0,1997,0.002485180883825769
0,1998,0.002485180883825769
0,1999,0.002485180883825769
1,0,0.0035467137322487
1,1,0.0035467137322487
1,2,0.0035467137322487
1,3,0.0035467137322487
1,4,0.0035467137322487
1,5,0.0035467137322487
1,6,0.0035467137322487
1,7,0.0035467137322487
1,8,0.0035467137322487
1,9,0.0035467137322487
1,10,0.0035467137322487
1,11,0.0035467137322487
1,12,0.0035467137322487
1,13,0.0035467137322487
1,14,0.0035467137322487
1,15,0.0035467137322487
1,16,0.0035467137322487
1,17,0.0035467137322487
1,18,0.0035467137322487
1,19,0.0035467137322487
1,20,0.0035467137322487
1,21,0.0035467137322487
1,22,0.0035467137322487
1,23,0.0035467137322487
1,24,0.0035467137322487
1,25,0.0035467137322487
1,26,0.0035467137322487
1,27,0.0035467137322487
1,28,0.0035467137322487
1,29,0.0035467137322487
1,30,0.0035467137322487
1,31,0.0035467137322487
1,32,0.0035467137322487
1,33,0.0035467137322487
1,34,0.0035467137322487
1,35,0.0035467137322487
1,36,0.0035467137322487
1,37,0.0035467137322487
1,38,0.0035467137322487
1,39,0.0035467137322487
1,40,0.0035467137322487
1,41,0.0035467137322487
1,42,0.0035467137322487
1,43,0.0035467137322487
1,44,0.0035467137322487
1,45,0.0035467137322487
1,46,0.0035467137322487
1,47,0.0035467137322487
1,48,0.0035467137322487
1,49,0.0035467137322487
1,50,0.0035467137322487
1,51,0.0035467137322487
1,52,0.0035467137322487
1,53,0.0035467137322487
1,54,0.0035467137322487
1,55,0.0035467137322487
1,56,0.0035467137322487
1,57,0.0035467137322487
1,58,0.0035467137322487
1,59,0.0035467137322487
1,60,0.0035467137322487
1,61,0.0035467137322487
1,62,0.0035467137322487
1,63,0.0035467137322487
1,64,0.0035467137322487
1,65,0.0035467137322487
1,66,0.0035467137322487
1,67,0.0035467137322487
1,68,0.0035467137322487
1,69,0.0035467137322487
1,70,0.0035467137322487
1,71,0.0035467137322487
1,72,0.0035467137322487
1,73,0.0035467137322487
1,74,0.0035467137322487
1,75,0.0035467137322487
1,76,0.0035467137322487
1,77,0.0035467137322487
1,78,0.0035467137322487
1,79,0.0035467137322487
1,80,0.0035467137322487
1,81,0.0035467137322487
1,82,0.0035467137322487
1,83,0.0035467137322487
1,84,0.0035467137322487
1,85,0.0035467137322487
1,86,0.0035467137322487
1,87,0.0035467137322487
1,88,0.0035467137322487
1,89,0.0035467137322487
1,90,0.0035467137322487
1,91,0.0035467137322487
1,92,0.0035467137322487
1,93,0.0035467137322487
1,94,0.0035467137322487
1,95,0.0035467137322487
1,96,0.0035467137322487
1,97,0.0035467137322487
1,98,0.0035467137322487
1,99,0.0035467137322487
1,100,0.0035467137322487
1,101,0.0035467137322487
1,102,0.0035467137322487
1,103,0.0035467137322487
1,104,0.0035467137322487
1,105,0.0035467137322487
1,106,0.0035467137322487
1,107,0.0035467137322487
1,108,0.0035467137322487
1,109,0.0035467137322487
1,110,0.0035467137322487
1,111,0.0035467137322487
1,112,0.0035467137322487
1,113,0.0035467137322487
1,114,0.0035467137322487
1,115,0.0035467137322487
1,116,0.0035467137322487
1,117,0.0035467137322487
1,118,0.0035467137322487
1,119,0.0035467137322487
1,120,0.0035467137322487
1,121,0.0035467137322487
1,122,0.0035467137322487
1,123,0.0035467137322487
1,124,0.0035467137322487
1,125,0.0035467137322487
1,126,0.0035467137322487
1,127,0.0035467137322487
1,128,0.0035467137322487
1,129,0.0035467137322487
1,130,0.0035467137322487
1,131,0.0035467137322487
1,132,0.0035467137322487
1,133,0.0035467137322487
1,134,0.0035467137322487
1,135,0.0035467137322487
1,136,0.0035467137322487
1,137,0.0035467137322487
1,138,0.0035467137322487
1,139,0.0035467137322487
1,140,0.0035467137322487
1,141,0.0035467137322487
1,142,0.0035467137322487
1,143,0.0035467137322487
1,144,0.0035467137322487
1,145,0.0035467137322487
1,146,0.0035467137322487
1,147,0.0035467137322487
1,148,0.0035467137322487
1,149,0.0035467137322487
1,150,0.0035467137322487
1,151,0.0035467137322487
1,152,0.0035467137322487
1,153,0.0035467137322487
1,154,0.0035467137322487
1,155,0.0035467137322487
1,156,0.0035467137322487
1,157,0.0035467137322487
1,158,0.0035467137322487
1,159,0.0035467137322487
1,160,0.0035467137322487
1,161,0.0035467137322487
1,162,0.0035467137322487
1,163,0.0035467137322487
1,164,0.0035467137322487
1,165,0.0035467137322487
1,166,0.0035467137322487
1,167,0.0035467137322487
1,168,0.0035467137322487
1,169,0.0035467137322487
1,170,0.0035467137322487
1,171,0.0035467137322487
1,172,0.0035467137322487
1,173,0.0035467137322487
1,174,0.0035467137322487
1,175,0.0035467137322487
1,176,0.0035467137322487
1,177,0.0035467137322487
1,178,0.0035467137322487
1,179,0.0035467137322487
1,180,0.0035467137322487
1,181,0.0035467137322487
1,182,0.0035467137322487
1,183,0.0035467137322487
1,184,0.0035467137322487
1,185,0.0035467137322487
1,186,0.0035467137322487
1,187,0.0035467137322487
1,188,0.0035467137322487
1,189,0.0035467137322487
1,190,0.0035467137322487
1,191,0.0035467137322487
1,192,0.0035467137322487
1,193,0.0035467137322487
1,194,0.0035467137322487
1,195,0.0035467137322487
1,196,0.0035467137322487
1,197,0.0035467137322487
1,198,0.0035467137322487
1,199,0.0035467137322487
1,200,0.0035467137322487
1,201,0.0035467137322487
1,202,0.0035467137322487
1,203,0.0035467137322487
1,204,0.0035467137322487
1,205,0.0035467137322487
1,206,0.0035467137322487
1,207,0.0035467137322487
1,208,0.0035467137322487
1,209,0.0035467137322487
1,210,0.0035467137322487
1,211,0.0035467137322487
1,212,0.0035467137322487
1,213,0.0035467137322487
1,214,0.0035467137322487
1,215,0.0035467137322487
1,216,0.0035467137322487
1,217,0.0035467137322487
1,218,0.0035467137322487
1,219,0.0035467137322487
1,220,0.0035467137322487
1,221,0.0035467137322487
1,222,0.0035467137322487
1,223,0.0035467137322487
1,224,0.0035467137322487
1,225,0.0035467137322487
1,226,0.0035467137322487
1,227,0.0035467137322487
1,228,0.0035467137322487
1,229,0.0035467137322487
1,230,0.0035467137322487
1,231,0.0035467137322487
1,232,0.0035467137322487
1,233,0.0035467137322487
1,234,0.0035467137322487
1,235,0.0035467137322487
1,236,0.0035467137322487
1,237,0.0035467137322487
1,238,0.0035467137322487
1,239,0.0035467137322487
1,240,0.0035467137322487
1,241,0.0035467137322487
1,242,0.0035467137322487
1,243,0.0035467137322487
1,244,0.0035467137322487
1,245,0.0035467137322487
1,246,0.0035467137322487
1,247,0.0035467137322487
1,248,0.0035467137322487
1,249,0.0035467137322487
1,250,0.0035467137322487
1,251,0.0035467137322487
1,252,0.0035467137322487
1,253,0.0035467137322487
1,254,0.0035467137322487
1,255,0.0035467137322487
1,256,0.0035467137322487
1,257,0.0035467137322487
1,258,0.0035467137322487
1,259,0.0035467137322487
1,260,0.0035467137322487
1,261,0.0035467137322487
1,262,0.0035467137322487
1,263,0.0035467137322487
1,264,0.0035467137322487
1,265,0.0035467137322487
1,266,0.0035467137322487
1,267,0.0035467137322487
1,268,0.0035467137322487
1,269,0.0035467137322487
1,270,0.0035467137322487
1,271,0.0035467137322487
1,272,0.0035467137322487
1,273,0.0035467137322487
1,274,0.0035467137322487
1,275,0.0035467137322487
1,276,0.0035467137322487
1,277,0.0035467137322487
1,278,0.0035467137322487
1,279,0.0035467137322487
1,280,0.0035467137322487
1,281,0.0035467137322487
1,282,0.0035467137322487
1,283,0.0035467137322487
1,284,0.0035467137322487
1,285,0.0035467137322487
1,286,0.0035467137322487
1,287,0.0035467137322487
1,288,0.0035467137322487
1,289,0.0035467137322487
1,290,0.0035467137322487
1,291,0.0035467137322487
1,292,0.0035467137322487
1,293,0.0035467137322487
1,294,0.0035467137322487
1,295,0.0035467137322487
1,296,0.0035467137322487
1,297,0.0035467137322487
1,298,0.0035467137322487
1,299,0.0035467137322487
1,300,0.0035467137322487
1,301,0.0035467137322487
1,302,0.0035467137322487
1,303,0.0035467137322487
1,304,0.0035467137322487
1,305,0.0035467137322487
1,306,0.0035467137322487
1,307,0.0035467137322487
1,308,0.0035467137322487
1,309,0.0035467137322487
1,310,0.0035467137322487
1,311,0.0035467137322487
1,312,0.0035467137322487
1,313,0.0035467137322487
1,314,0.0035467137322487
1,315,0.0035467137322487
1,316,0.0035467137322487
1,317,0.0035467137322487
1,318,0.0035467137322487
1,319,0.0035467137322487
1,320,0.0035467137322487
1,321,0.0035467137322487
1,322,0.0035467137322487
1,323,0.0035467137322487
1,324,0.0035467137322487
1,325,0.0035467137322487
1,326,0.0035467137322487
1,327,0.0035467137322487
1,328,0.0035467137322487
1,329,0.0035467137322487
1,330,0.0035467137322487
1,331,0.0035467137322487
1,332,0.0035467137322487
1,333,0.0035467137322487
1,334,0.0035467137322487
1,335,0.0035467137322487
1,336,0.0035467137322487
1,337,0.0035467137322487
1,338,0.0035467137322487
1,339,0.0035467137322487
1,340,0.0035467137322487
1,341,0.0035467137322487
1,342,0.0035467137322487
1,343,0.0035467137322487
1,344,0.0035467137322487
1,345,0.0035467137322487
1,346,0.0035467137322487
1,347,0.0035467137322487
1,348,0.0035467137322487
1,349,0.0035467137322487
1,350,0.0035467137322487
1,351,0.0035467137322487
1,352,0.0035467137322487
1,353,0.0035467137322487
1,354,0.0035467137322487
1,355,0.0035467137322487
1,356,0.0035467137322487
1,357,0.0035467137322487
1,358,0.0035467137322487
1,359,0.0035467137322487
1,360,0.0035467137322487
1,361,0.0035467137322487
1,362,0.0035467137322487
1,363,0.0035467137322487
1,364,0.0035467137322487
1,365,0.0035467137322487
1,366,0.0035467137322487
1,367,0.0035467137322487
1,368,0.0035467137322487
1,369,0.0035467137322487
1,370,0.0035467137322487
1,371,0.0035467137322487
1,372,0.0035467137322487
1,373,0.0035467137322487
1,374,0.0035467137322487
1,375,0.0035467137322487
1,376,0.0035467137322487
1,377,0.0035467137322487
1,378,0.0035467137322487
1,379,0.0035467137322487
1,380,0.0035467137322487
1,381,0.0035467137322487
1,382,0.0035467137322487
1,383,0.0035467137322487
1,384,0.0035467137322487
1,385,0.0035467137322487
1,386,0.0035467137322487
1,387,0.0035467137322487
1,388,0.0035467137322487
1,389,0.0035467137322487
1,390,0.0035467137322487
1,391,0.0035467137322487
1,392,0.0035467137322487
1,393,0.0035467137322487
1,394,0.0035467137322487
1,395,0.0035467137322487
1,396,0.0035467137322487
1,397,0.0035467137322487
1,398,0.0035467137322487
1,399,0.0035467137322487
1,400,0.0035467137322487
1,401,0.0035467137322487
1,402,0.0035467137322487
1,403,0.0035467137322487
1,404,0.0035467137322487
1,405,0.0035467137322487
1,406,0.0035467137322487
1,407,0.0035467137322487
1,408,0.0035467137322487
1,409,0.0035467137322487
1,410,0.0035467137322487
1,411,0.0035467137322487
1,412,0.0035467137322487
1,413,0.0035467137322487
1,414,0.0035467137322487
1,415,0.0035467137322487
1,416,0.0035467137322487
1,417,0.0035467137322487
1,418,0.0035467137322487
1,419,0.0035467137322487
1,420,0.0035467137322487
1,421,0.0035467137322487
1,422,0.0035467137322487
1,423,0.0035467137322487
1,424,0.0035467137322487
1,425,0.0035467137322487
1,426,0.0035467137322487
1,427,0.0035467137322487
1,428,0.0035467137322487
1,429,0.0035467137322487
1,430,0.0035467137322487
1,431,0.0035467137322487
1,432,0.0035467137322487
1,433,0.0035467137322487
1,434,0.0035467137322487
1,435,0.0035467137322487
1,436,0.0035467137322487
1,437,0.0035467137322487
1,438,0.0035467137322487
1,439,0.0035467137322487
1,440,0.0035467137322487
1,441,0.0035467137322487
1,442,0.0035467137322487
1,443,0.0035467137322487
1,444,0.0035467137322487
1,445,0.0035467137322487
1,446,0.0035467137322487
1,447,0.0035467137322487
1,448,0.0035467137322487
1,449,0.0035467137322487
1,450,0.0035467137322487
1,451,0.0035467137322487
1,452,0.0035467137322487
1,453,0.0035467137322487
1,454,0.0035467137322487
1,455,0.0035467137322487
1,456,0.0035467137322487
1,457,0.0035467137322487
1,458,0.0035467137322487
1,459,0.0035467137322487
1,460,0.0035467137322487
1,461,0.0035467137322487
1,462,0.0035467137322487
1,463,0.0035467137322487
1,464,0.0035467137322487
1,465,0.0035467137322487
1,466,0.0035467137322487
1,467,0.0035467137322487
1,468,0.0035467137322487
1,469,0.0035467137322487
1,470,0.0035467137322487
1,471,0.0035467137322487
1,472,0.0035467137322487
1,473,0.0035467137322487
1,474,0.0035467137322487
1,475,0.0035467137322487
1,476,0.0035467137322487
1,477,0.0035467137322487
1,478,0.0035467137322487
1,479,0.0035467137322487
1,480,0.0035467137322487
1,481,0.0035467137322487
1,482,0.0035467137322487
1,483,0.0035467137322487
1,484,0.0035467137322487
1,485,0.0035467137322487
1,486,0.0035467137322487
1,487,0.0035467137322487
1,488,0.0035467137322487
1,489,0.0035467137322487
1,490,0.0035467137322487
1,491,0.0035467137322487
1,492,0.0035467137322487
1,493,0.0035467137322487
1,494,0.0035467137322487
1,495,0.0035467137322487
1,496,0.0035467137322487
1,497,0.0035467137322487
1,498,0.0035467137322487
1,499,0.0035467137322487
1,500,0.0035467137322487
1,501,0.0035467137322487
1,502,0.0035467137322487
1,503,0.0035467137322487
1,504,0.0035467137322487
1,505,0.0035467137322487
1,506,0.0035467137322487
1,507,0.0035467137322487
1,508,0.0035467137322487
1,509,0.0035467137322487
1,510,0.0035467137322487
1,511,0.0035467137322487
1,512,0.0035467137322487
1,513,0.0035467137322487
1,514,0.0035467137322487
1,515,0.0035467137322487
1,516,0.0035467137322487
1,517,0.0035467137322487
1,518,0.0035467137322487
1,519,0.0035467137322487
1,520,0.0035467137322487
1,521,0.0035467137322487
1,522,0.0035467137322487
1,523,0.0035467137322487
1,524,0.0035467137322487
1,525,0.0035467137322487
1,526,0.0035467137322487
1,527,0.0035467137322487
1,528,0.0035467137322487
1,529,0.0035467137322487
1,530,0.0035467137322487
1,531,0.0035467137322487
1,532,0.0035467137322487
1,533,0.0035467137322487
1,534,0.0035467137322487
1,535,0.0035467137322487
1,536,0.0035467137322487
1,537,0.0035467137322487
1,538,0.0035467137322487
1,539,0.0035467137322487
1,540,0.0035467137322487
1,541,0.0035467137322487
1,542,0.0035467137322487
1,543,0.0035467137322487
1,544,0.0035467137322487
1,545,0.0035467137322487
1,546,0.0035467137322487
1,547,0.0035467137322487
1,548,0.0035467137322487
1,549,0.0035467137322487
1,550,0.0035467137322487
1,551,0.0035467137322487
1,552,0.0035467137322487
1,553,0.0035467137322487
1,554,0.0035467137322487
1,555,0.0035467137322487
1,556,0.0035467137322487
1,557,0.0035467137322487
1,558,0.0035467137322487
1,559,0.0035467137322487
1,560,0.0035467137322487
1,561,0.0035467137322487
1,562,0.0035467137322487
1,563,0.0035467137322487
1,564,0.0035467137322487
1,565,0.0035467137322487
1,566,0.0035467137322487
1,567,0.0035467137322487
1,568,0.0035467137322487
1,569,0.0035467137322487
1,570,0.0035467137322487
1,571,0.0035467137322487
1,572,0.0035467137322487
1,573,0.0035467137322487
1,574,0.0035467137322487
1,575,0.0035467137322487
1,576,0.0035467137322487
1,577,0.0035467137322487
1,578,0.0035467137322487
1,579,0.0035467137322487
1,580,0.0035467137322487
1,581,0.0035467137322487
1,582,0.0035467137322487
1,583,0.0035467137322487
1,584,0.0035467137322487
1,585,0.0035467137322487
1,586,0.0035467137322487
1,587,0.0035467137322487
1,588,0.0035467137322487
1,589,0.0035467137322487
1,590,0.0035467137322487
1,591,0.0035467137322487
1,592,0.0035467137322487
1,593,0.0035467137322487
1,594,0.0035467137322487
1,595,0.0035467137322487
1,596,0.0035467137322487
1,597,0.0035467137322487
1,598,0.0035467137322487
1,599,0.0035467137322487
1,600,0.0035467137322487
1,601,0.0035467137322487
1,602,0.0035467137322487
1,603,0.0035467137322487
1,604,0.0035467137322487
1,605,0.0035467137322487
1,606,0.0035467137322487
1,607,0.0035467137322487
1,608,0.0035467137322487
1,609,0.0035467137322487
1,610,0.0035467137322487
1,611,0.0035467137322487
1,612,0.0035467137322487
1,613,0.0035467137322487
1,614,0.0035467137322487
1,615,0.0035467137322487
1,616,0.0035467137322487
1,617,0.0035467137322487
1,618,0.0035467137322487
1,619,0.0035467137322487
1,620,0.0035467137322487
1,621,0.0035467137322487
1,622,0.0035467137322487
1,623,0.0035467137322487
1,624,0.0035467137322487
1,625,0.0035467137322487
1,626,0.0035467137322487
1,627,0.0035467137322487
1,628,0.0035467137322487
1,629,0.0035467137322487
1,630,0.0035467137322487
1,631,0.0035467137322487
1,632,0.0035467137322487
1,633,0.0035467137322487
1,634,0.0035467137322487
1,635,0.0035467137322487
1,636,0.0035467137322487
1,637,0.0035467137322487
1,638,0.0035467137322487
1,639,0.0035467137322487
1,640,0.0035467137322487
1,641,0.0035467137322487
1,642,0.0035467137322487
1,643,0.0035467137322487
1,644,0.0035467137322487
1,645,0.0035467137322487
1,646,0.0035467137322487
1,647,0.0035467137322487
1,648,0.0035467137322487
1,649,0.0035467137322487
1,650,0.0035467137322487
1,651,0.0035467137322487
1,652,0.0035467137322487
1,653,0.0035467137322487
1,654,0.0035467137322487
1,655,0.0035467137322487
1,656,0.0035467137322487
1,657,0.0035467137322487
1,658,0.0035467137322487
1,659,0.0035467137322487
1,660,0.0035467137322487
1,661,0.0035467137322487
1,662,0.0035467137322487
1,663,0.0035467137322487
1,664,0.0035467137322487
1,665,0.0035467137322487
1,666,0.0035467137322487
1,667,0.0035467137322487
1,668,0.0035467137322487
1,669,0.0035467137322487
1,670,0.0035467137322487
1,671,0.0035467137322487
1,672,0.0035467137322487
1,673,0.0035467137322487
1,674,0.0035467137322487
1,675,0.0035467137322487
1,676,0.0035467137322487
1,677,0.0035467137322487
1,678,0.0035467137322487
1,679,0.0035467137322487
1,680,0.0035467137322487
1,681,0.0035467137322487
1,682,0.0035467137322487
1,683,0.0035467137322487
1,684,0.0035467137322487
1,685,0.0035467137322487
1,686,0.0035467137322487
1,687,0.0035467137322487
1,688,0.0035467137322487
1,689,0.0035467137322487
1,690,0.0035467137322487
1,691,0.0035467137322487
1,692,0.0035467137322487
1,693,0.0035467137322487
1,694,0.0035467137322487
1,695,0.0035467137322487
1,696,0.0035467137322487
1,697,0.0035467137322487
1,698,0.0035467137322487
1,699,0.0035467137322487
1,700,0.0035467137322487
1,701,0.0035467137322487
1,702,0.0035467137322487
1,703,0.0035467137322487
1,704,0.0035467137322487
1,705,0.0035467137322487
1,706,0.0035467137322487
1,707,0.0035467137322487
1,708,0.0035467137322487
1,709,0.0035467137322487
1,710,0.0035467137322487
1,711,0.0035467137322487
1,712,0.0035467137322487
1,713,0.0035467137322487
1,714,0.0035467137322487
1,715,0.0035467137322487
1,716,0.0035467137322487
1,717,0.0035467137322487
1,718,0.0035467137322487
1,719,0.0035467137322487
1,720,0.0035467137322487
1,721,0.0035467137322487
1,722,0.0035467137322487
1,723,0.0035467137322487
1,724,0.0035467137322487
1,725,0.0035467137322487
1,726,0.0035467137322487
1,727,0.0035467137322487
1,728,0.0035467137322487
1,729,0.0035467137322487
1,730,0.0035467137322487
1,731,0.0035467137322487
1,732,0.0035467137322487
1,733,0.0035467137322487
1,734,0.0035467137322487
1,735,0.0035467137322487
1,736,0.0035467137322487
1,737,0.0035467137322487
1,738,0.0035467137322487
1,739,0.0035467137322487
1,740,0.0035467137322487
1,741,0.0035467137322487
1,742,0.0035467137322487
1,743,0.0035467137322487
1,744,0.0035467137322487
1,745,0.0035467137322487
1,746,0.0035467137322487
1,747,0.0035467137322487
1,748,0.0035467137322487
1,749,0.0035467137322487
1,750,0.0035467137322487
1,751,0.0035467137322487
1,752,0.0035467137322487
1,753,0.0035467137322487
1,754,0.0035467137322487
1,755,0.0035467137322487
1,756,0.0035467137322487
1,757,0.0035467137322487
1,758,0.0035467137322487
1,759,0.0035467137322487
1,760,0.0035467137322487
1,761,0.0035467137322487
1,762,0.0035467137322487
1,763,0.0035467137322487
1,764,0.0035467137322487
1,765,0.0035467137322487
1,766,0.0035467137322487
1,767,0.0035467137322487
1,768,0.0035467137322487
1,769,0.0035467137322487
1,770,0.0035467137322487
1,771,0.0035467137322487
1,772,0.0035467137322487
1,773,0.0035467137322487
1,774,0.0035467137322487
1,775,0.0035467137322487
1,776,0.0035467137322487
1,777,0.0035467137322487
1,778,0.0035467137322487
1,779,0.0035467137322487
1,780,0.0035467137322487
1,781,0.0035467137322487
1,782,0.0035467137322487
1,783,0.0035467137322487
1,784,0.0035467137322487
1,785,0.0035467137322487
1,786,0.0035467137322487
1,787,0.0035467137322487
1,788,0.0035467137322487
1,789,0.0035467137322487
1,790,0.0035467137322487
1,791,0.0035467137322487
1,792,0.0035467137322487
1,793,0.0035467137322487
1,794,0.0035467137322487
1,795,0.0035467137322487
1,796,0.0035467137322487
1,797,0.0035467137322487
1,798,0.0035467137322487
1,799,0.0035467137322487
1,800,0.0035467137322487
1,801,0.0035467137322487
1,802,0.0035467137322487
1,803,0.0035467137322487
1,804,0.0035467137322487
1,805,0.0035467137322487
1,806,0.0035467137322487
1,807,0.0035467137322487
1,808,0.0035467137322487
1,809,0.0035467137322487
1,810,0.0035467137322487
1,811,0.0035467137322487
1,812,0.0035467137322487
1,813,0.0035467137322487
1,814,0.0035467137322487
1,815,0.0035467137322487
1,816,0.0035467137322487
1,817,0.0035467137322487
1,818,0.0035467137322487
1,819,0.0035467137322487
1,820,0.0035467137322487
1,821,0.0035467137322487
1,822,0.0035467137322487
1,823,0.0035467137322487
1,824,0.0035467137322487
1,825,0.0035467137322487
1,826,0.0035467137322487
1,827,0.0035467137322487
1,828,0.0035467137322487
1,829,0.0035467137322487
1,830,0.0035467137322487
1,831,0.0035467137322487
1,832,0.0035467137322487
1,833,0.0035467137322487
1,834,0.0035467137322487
1,835,0.0035467137322487
1,836,0.0035467137322487
1,837,0.0035467137322487
1,838,0.0035467137322487
1,839,0.0035467137322487
1,840,0.0035467137322487
1,841,0.0035467137322487
1,842,0.0035467137322487
1,843,0.0035467137322487
1,844,0.0035467137322487
1,845,0.0035467137322487
1,846,0.0035467137322487
1,847,0.0035467137322487
1,848,0.0035467137322487
1,849,0.0035467137322487
1,850,0.0035467137322487
1,851,0.0035467137322487
1,852,0.0035467137322487
1,853,0.0035467137322487
1,854,0.0035467137322487
1,855,0.0035467137322487
1,856,0.0035467137322487
1,857,0.0035467137322487
1,858,0.0035467137322487
1,859,0.0035467137322487
1,860,0.0035467137322487
1,861,0.0035467137322487
1,862,0.0035467137322487
1,863,0.0035467137322487
1,864,0.0035467137322487
1,865,0.0035467137322487
1,866,0.0035467137322487
1,867,0.0035467137322487
1,868,0.0035467137322487
1,869,0.0035467137322487
1,870,0.0035467137322487
1,871,0.0035467137322487
1,872,0.0035467137322487
1,873,0.0035467137322487
1,874,0.0035467137322487
1,875,0.0035467137322487
1,876,0.0035467137322487
1,877,0.0035467137322487
1,878,0.0035467137322487
1,879,0.0035467137322487
1,880,0.0035467137322487
1,881,0.0035467137322487
1,882,0.0035467137322487
1,883,0.0035467137322487
1,884,0.0035467137322487
1,885,0.0035467137322487
1,886,0.0035467137322487
1,887,0.0035467137322487
1,888,0.0035467137322487
1,889,0.0035467137322487
1,890,0.0035467137322487
1,891,0.0035467137322487
1,892,0.0035467137322487
1,893,0.0035467137322487
1,894,0.0035467137322487
1,895,0.0035467137322487
1,896,0.0035467137322487
1,897,0.0035467137322487
1,898,0.0035467137322487
1,899,0.0035467137322487
1,900,0.0035467137322487
1,901,0.0035467137322487
1,902,0.0035467137322487
1,903,0.0035467137322487
1,904,0.0035467137322487
1,905,0.0035467137322487
1,906,0.0035467137322487
1,907,0.0035467137322487
1,908,0.0035467137322487
1,909,0.0035467137322487
1,910,0.0035467137322487
1,911,0.0035467137322487
1,912,0.0035467137322487
1,913,0.0035467137322487
1,914,0.0035467137322487
1,915,0.0035467137322487
1,916,0.0035467137322487
1,917,0.0035467137322487
1,918,0.0035467137322487
1,919,0.0035467137322487
1,920,0.0035467137322487
1,921,0.0035467137322487
1,922,0.0035467137322487
1,923,0.0035467137322487
1,924,0.0035467137322487
1,925,0.0035467137322487
1,926,0.0035467137322487
1,927,0.0035467137322487
1,928,0.0035467137322487
1,929,0.0035467137322487
1,930,0.0035467137322487
1,931,0.0035467137322487
1,932,0.0035467137322487
1,933,0.0035467137322487
1,934,0.0035467137322487
1,935,0.0035467137322487
1,936,0.0035467137322487
1,937,0.0035467137322487
1,938,0.0035467137322487
1,939,0.0035467137322487
1,940,0.0035467137322487
1,941,0.0035467137322487
1,942,0.0035467137322487
1,943,0.0035467137322487
1,944,0.0035467137322487
1,945,0.0035467137322487
1,946,0.0035467137322487
1,947,0.0035467137322487
1,948,0.0035467137322487
1,949,0.0035467137322487
1,950,0.0035467137322487
1,951,0.0035467137322487
1,952,0.0035467137322487
1,953,0.0035467137322487
1,954,0.0035467137322487
1,955,0.0035467137322487
1,956,0.0035467137322487
1,957,0.0035467137322487
1,958,0.0035467137322487
1,959,0.0035467137322487
1,960,0.0035467137322487
1,961,0.0035467137322487
1,962,0.0035467137322487
1,963,0.0035467137322487
1,964,0.0035467137322487
1,965,0.0035467137322487
1,966,0.0035467137322487
1,967,0.0035467137322487
1,968,0.0035467137322487
1,969,0.0035467137322487
1,970,0.0035467137322487
1,971,0.0035467137322487
1,972,0.0035467137322487
1,973,0.0035467137322487
1,974,0.0035467137322487
1,975,0.0035467137322487
1,976,0.0035467137322487
1,977,0.0035467137322487
1,978,0.0035467137322487
1,979,0.0035467137322487
1,980,0.0035467137322487
1,981,0.0035467137322487
1,982,0.0035467137322487
1,983,0.0035467137322487
1,984,0.0035467137322487
1,985,0.0035467137322487
1,986,0.0035467137322487
1,987,0.0035467137322487
1,988,0.0035467137322487
1,989,0.0035467137322487
1,990,0.0035467137322487
1,991,0.0035467137322487
1,992,0.0035467137322487
1,993,0.0035467137322487
1,994,0.0035467137322487
1,995,0.0035467137322487
1,996,0.0035467137322487
1,997,0.0035467137322487
1,998,0.0035467137322487
1,999,0.0035467137322487
1,1000,0.0035467137322487
1,1001,0.0035467137322487
1,1002,0.0035467137322487
1,1003,0.0035467137322487
1,1004,0.0035467137322487
1,1005,0.0035467137322487
1,1006,0.0035467137322487
1,1007,0.0035467137322487
1,1008,0.0035467137322487
1,1009,0.0035467137322487
1,1010,0.0035467137322487
1,1011,0.0035467137322487
1,1012,0.0035467137322487
1,1013,0.0035467137322487
1,1014,0.0035467137322487
1,1015,0.0035467137322487
1,1016,0.0035467137322487
1,1017,0.0035467137322487
1,1018,0.0035467137322487
1,1019,0.0035467137322487
1,1020,0.0035467137322487
1,1021,0.0035467137322487
1,1022,0.0035467137322487
1,1023,0.0035467137322487
1,1024,0.0035467137322487
1,1025,0.0035467137322487
1,1026,0.0035467137322487
1,1027,0.0035467137322487
1,1028,0.0035467137322487
1,1029,0.0035467137322487
1,1030,0.0035467137322487
1,1031,0.0035467137322487
1,1032,0.0035467137322487
1,1033,0.0035467137322487
1,1034,0.0035467137322487
1,1035,0.0035467137322487
1,1036,0.0035467137322487
1,1037,0.0035467137322487
1,1038,0.0035467137322487
1,1039,0.0035467137322487
1,1040,0.0035467137322487
1,1041,0.0035467137322487
1,1042,0.0035467137322487
1,1043,0.0035467137322487
1,1044,0.0035467137322487
1,1045,0.0035467137322487
1,1046,0.0035467137322487
1,1047,0.0035467137322487
1,1048,0.0035467137322487
1,1049,0.0035467137322487
1,1050,0.0035467137322487
1,1051,0.0035467137322487
1,1052,0.0035467137322487
1,1053,0.0035467137322487
1,1054,0.0035467137322487
1,1055,0.0035467137322487
1,1056,0.0035467137322487
1,1057,0.0035467137322487
1,1058,0.0035467137322487
1,1059,0.0035467137322487
1,1060,0.0035467137322487
1,1061,0.0035467137322487
1,1062,0.0035467137322487
1,1063,0.0035467137322487
1,1064,0.0035467137322487
1,1065,0.0035467137322487
1,1066,0.0035467137322487
1,1067,0.0035467137322487
1,1068,0.0035467137322487
1,1069,0.0035467137322487
1,1070,0.0035467137322487
1,1071,0.0035467137322487
1,1072,0.0035467137322487
1,1073,0.0035467137322487
1,1074,0.0035467137322487
1,1075,0.0035467137322487
1,1076,0.0035467137322487
1,1077,0.0035467137322487
1,1078,0.0035467137322487
1,1079,0.0035467137322487
1,1080,0.0035467137322487
1,1081,0.0035467137322487
1,1082,0.0035467137322487
1,1083,0.0035467137322487
1,1084,0.0035467137322487
1,1085,0.0035467137322487
1,1086,0.0035467137322487
1,1087,0.0035467137322487
1,1088,0.0035467137322487
1,1089,0.0035467137322487
1,1090,0.0035467137322487
1,1091,0.0035467137322487
1,1092,0.0035467137322487
1,1093,0.0035467137322487
1,1094,0.0035467137322487
1,1095,0.0035467137322487
1,1096,0.0035467137322487
1,1097,0.0035467137322487
1,1098,0.0035467137322487
1,1099,0.0035467137322487
1,1100,0.0035467137322487
1,1101,0.0035467137322487
1,1102,0.0035467137322487
1,1103,0.0035467137322487
1,1104,0.0035467137322487
1,1105,0.0035467137322487
1,1106,0.0035467137322487
1,1107,0.0035467137322487
1,1108,0.0035467137322487
1,1109,0.0035467137322487
1,1110,0.0035467137322487
1,1111,0.0035467137322487
1,1112,0.0035467137322487
1,1113,0.0035467137322487
1,1114,0.0035467137322487
1,1115,0.0035467137322487
1,1116,0.0035467137322487
1,1117,0.0035467137322487
1,1118,0.0035467137322487
1,1119,0.0035467137322487
1,1120,0.0035467137322487
1,1121,0.0035467137322487
1,1122,0.0035467137322487
1,1123,0.0035467137322487
1,1124,0.0035467137322487
1,1125,0.0035467137322487
1,1126,0.0035467137322487
1,1127,0.0035467137322487
1,1128,0.0035467137322487
1,1129,0.0035467137322487
1,1130,0.0035467137322487
1,1131,0.0035467137322487
1,1132,0.0035467137322487
1,1133,0.0035467137322487
1,1134,0.0035467137322487
1,1135,0.0035467137322487
1,1136,0.0035467137322487
1,1137,0.0035467137322487
1,1138,0.0035467137322487
1,1139,0.0035467137322487
1,1140,0.0035467137322487
1,1141,0.0035467137322487
1,1142,0.0035467137322487
1,1143,0.0035467137322487
1,1144,0.0035467137322487
1,1145,0.0035467137322487
1,1146,0.0035467137322487
1,1147,0.0035467137322487
1,1148,0.0035467137322487
1,1149,0.0035467137322487
1,1150,0.0035467137322487
1,1151,0.0035467137322487
1,1152,0.0035467137322487
1,1153,0.0035467137322487
1,1154,0.0035467137322487
1,1155,0.0035467137322487
1,1156,0.0035467137322487
1,1157,0.0035467137322487
1,1158,0.0035467137322487
1,1159,0.0035467137322487
1,1160,0.0035467137322487
1,1161,0.0035467137322487
1,1162,0.0035467137322487
1,1163,0.0035467137322487
1,1164,0.0035467137322487
1,1165,0.0035467137322487
1,1166,0.0035467137322487
1,1167,0.0035467137322487
1,1168,0.0035467137322487
1,1169,0.0035467137322487
1,1170,0.0035467137322487
1,1171,0.0035467137322487
1,1172,0.0035467137322487
1,1173,0.0035467137322487
1,1174,0.0035467137322487
1,1175,0.0035467137322487
1,1176,0.0035467137322487
1,1177,0.0035467137322487
1,1178,0.0035467137322487
1,1179,0.0035467137322487
1,1180,0.0035467137322487
1,1181,0.0035467137322487
1,1182,0.0035467137322487
1,1183,0.0035467137322487
1,1184,0.0035467137322487
1,1185,0.0035467137322487
1,1186,0.0035467137322487
1,1187,0.0035467137322487
1,1188,0.0035467137322487
1,1189,0.0035467137322487
1,1190,0.0035467137322487
1,1191,0.0035467137322487
1,1192,0.0035467137322487
1,1193,0.0035467137322487
1,1194,0.0035467137322487
1,1195,0.0035467137322487
1,1196,0.0035467137322487
1,1197,0.0035467137322487
1,1198,0.0035467137322487
1,1199,0.0035467137322487
1,1200,0.0035467137322487
1,1201,0.0035467137322487
1,1202,0.0035467137322487
1,1203,0.0035467137322487
1,1204,0.0035467137322487
1,1205,0.0035467137322487
1,1206,0.0035467137322487
1,1207,0.0035467137322487
1,1208,0.0035467137322487
1,1209,0.0035467137322487
1,1210,0.0035467137322487
1,1211,0.0035467137322487
1,1212,0.0035467137322487
1,1213,0.0035467137322487
1,1214,0.0035467137322487
1,1215,0.0035467137322487
1,1216,0.0035467137322487
1,1217,0.0035467137322487
1,1218,0.0035467137322487
1,1219,0.0035467137322487
1,1220,0.0035467137322487
1,1221,0.0035467137322487
1,1222,0.0035467137322487
1,1223,0.0035467137322487
1,1224,0.0035467137322487
1,1225,0.0035467137322487
1,1226,0.0035467137322487
1,1227,0.0035467137322487
1,1228,0.0035467137322487
1,1229,0.0035467137322487
1,1230,0.0035467137322487
1,1231,0.0035467137322487
1,1232,0.0035467137322487
1,1233,0.0035467137322487
1,1234,0.0035467137322487
1,1235,0.0035467137322487
1,1236,0.0035467137322487
1,1237,0.0035467137322487
1,1238,0.0035467137322487
1,1239,0.0035467137322487
1,1240,0.0035467137322487
1,1241,0.0035467137322487
1,1242,0.0035467137322487
1,1243,0.0035467137322487
1,1244,0.0035467137322487
1,1245,0.0035467137322487
1,1246,0.0035467137322487
1,1247,0.0035467137322487
1,1248,0.0035467137322487
1,1249,0.0035467137322487
1,1250,0.0035467137322487
1,1251,0.0035467137322487
1,1252,0.0035467137322487
1,1253,0.0035467137322487
1,1254,0.0035467137322487
1,1255,0.0035467137322487
1,1256,0.0035467137322487
1,1257,0.0035467137322487
1,1258,0.0035467137322487
1,1259,0.0035467137322487
1,1260,0.0035467137322487
1,1261,0.0035467137322487
1,1262,0.0035467137322487
1,1263,0.0035467137322487
1,1264,0.0035467137322487
1,1265,0.0035467137322487
1,1266,0.0035467137322487
1,1267,0.0035467137322487
1,1268,0.0035467137322487
1,1269,0.0035467137322487
1,1270,0.0035467137322487
1,1271,0.0035467137322487
1,1272,0.0035467137322487
1,1273,0.0035467137322487
1,1274,0.0035467137322487
1,1275,0.0035467137322487
1,1276,0.0035467137322487
1,1277,0.0035467137322487
1,1278,0.0035467137322487
1,1279,0.0035467137322487
1,1280,0.0035467137322487
1,1281,0.0035467137322487
1,1282,0.0035467137322487
1,1283,0.0035467137322487
1,1284,0.0035467137322487
1,1285,0.0035467137322487
1,1286,0.0035467137322487
1,1287,0.0035467137322487
1,1288,0.0035467137322487
1,1289,0.0035467137322487
1,1290,0.0035467137322487
1,1291,0.0035467137322487
1,1292,0.0035467137322487
1,1293,0.0035467137322487
1,1294,0.0035467137322487
1,1295,0.0035467137322487
1,1296,0.0035467137322487
1,1297,0.0035467137322487
1,1298,0.0035467137322487
1,1299,0.0035467137322487
1,1300,0.0035467137322487
1,1301,0.0035467137322487
1,1302,0.0035467137322487
1,1303,0.0035467137322487
1,1304,0.0035467137322487
1,1305,0.0035467137322487
1,1306,0.0035467137322487
1,1307,0.0035467137322487
1,1308,0.0035467137322487
1,1309,0.0035467137322487
1,1310,0.0035467137322487
1,1311,0.0035467137322487
1,1312,0.0035467137322487
1,1313,0.0035467137322487
1,1314,0.0035467137322487
1,1315,0.0035467137322487
1,1316,0.0035467137322487
1,1317,0.0035467137322487
1,1318,0.0035467137322487
1,1319,0.0035467137322487
1,1320,0.0035467137322487
1,1321,0.0035467137322487
1,1322,0.0035467137322487
1,1323,0.0035467137322487
1,1324,0.0035467137322487
1,1325,0.0035467137322487
1,1326,0.0035467137322487
1,1327,0.0035467137322487
1,1328,0.0035467137322487
1,1329,0.0035467137322487
1,1330,0.0035467137322487
1,1331,0.0035467137322487
1,1332,0.0035467137322487
1,1333,0.0035467137322487
1,1334,0.0035467137322487
1,1335,0.0035467137322487
1,1336,0.0035467137322487
1,1337,0.0035467137322487
1,1338,0.0035467137322487
1,1339,0.0035467137322487
1,1340,0.0035467137322487
1,1341,0.0035467137322487
1,1342,0.0035467137322487
1,1343,0.0035467137322487
1,1344,0.0035467137322487
1,1345,0.0035467137322487
1,1346,0.0035467137322487
1,1347,0.0035467137322487
1,1348,0.0035467137322487
1,1349,0.0035467137322487
1,1350,0.0035467137322487
1,1351,0.0035467137322487
1,1352,0.0035467137322487
1,1353,0.0035467137322487
1,1354,0.0035467137322487
1,1355,0.0035467137322487
1,1356,0.0035467137322487
1,1357,0.0035467137322487
1,1358,0.0035467137322487
1,1359,0.0035467137322487
1,1360,0.0035467137322487
1,1361,0.0035467137322487
1,1362,0.0035467137322487
1,1363,0.0035467137322487
1,1364,0.0035467137322487
1,1365,0.0035467137322487
1,1366,0.0035467137322487
1,1367,0.0035467137322487
1,1368,0.0035467137322487
1,1369,0.0035467137322487
1,1370,0.0035467137322487
1,1371,0.0035467137322487
1,1372,0.0035467137322487
1,1373,0.0035467137322487
1,1374,0.0035467137322487
1,1375,0.0035467137322487
1,1376,0.0035467137322487
1,1377,0.0035467137322487
1,1378,0.0035467137322487
1,1379,0.0035467137322487
1,1380,0.0035467137322487
1,1381,0.0035467137322487
1,1382,0.0035467137322487
1,1383,0.0035467137322487
1,1384,0.0035467137322487
1,1385,0.0035467137322487
1,1386,0.0035467137322487
1,1387,0.0035467137322487
1,1388,0.0035467137322487
1,1389,0.0035467137322487
1,1390,0.0035467137322487
1,1391,0.0035467137322487
1,1392,0.0035467137322487
1,1393,0.0035467137322487
1,1394,0.0035467137322487
1,1395,0.0035467137322487
1,1396,0.0035467137322487
1,1397,0.0035467137322487
1,1398,0.0035467137322487
1,1399,0.0035467137322487
1,1400,0.0035467137322487
1,1401,0.0035467137322487
1,1402,0.0035467137322487
1,1403,0.0035467137322487
1,1404,0.0035467137322487
1,1405,0.0035467137322487
1,1406,0.0035467137322487
1,1407,0.0035467137322487
1,1408,0.0035467137322487
1,1409,0.0035467137322487
1,1410,0.0035467137322487
1,1411,0.0035467137322487
1,1412,0.0035467137322487
1,1413,0.0035467137322487
1,1414,0.0035467137322487
1,1415,0.0035467137322487
1,1416,0.0035467137322487
1,1417,0.0035467137322487
1,1418,0.0035467137322487
1,1419,0.0035467137322487
1,1420,0.0035467137322487
1,1421,0.0035467137322487
1,1422,0.0035467137322487
1,1423,0.0035467137322487
1,1424,0.0035467137322487
1,1425,0.0035467137322487
1,1426,0.0035467137322487
1,1427,0.0035467137322487
1,1428,0.0035467137322487
1,1429,0.0035467137322487
1,1430,0.0035467137322487
1,1431,0.0035467137322487
1,1432,0.0035467137322487
1,1433,0.0035467137322487
1,1434,0.0035467137322487
1,1435,0.0035467137322487
1,1436,0.0035467137322487
1,1437,0.0035467137322487
1,1438,0.0035467137322487
1,1439,0.0035467137322487
1,1440,0.0035467137322487
1,1441,0.0035467137322487
1,1442,0.0035467137322487
1,1443,0.0035467137322487
1,1444,0.0035467137322487
1,1445,0.0035467137322487
1,1446,0.0035467137322487
1,1447,0.0035467137322487
1,1448,0.0035467137322487
1,1449,0.0035467137322487
1,1450,0.0035467137322487
1,1451,0.0035467137322487
1,1452,0.0035467137322487
1,1453,0.0035467137322487
1,1454,0.0035467137322487
1,1455,0.0035467137322487
1,1456,0.0035467137322487
1,1457,0.0035467137322487
1,1458,0.0035467137322487
1,1459,0.0035467137322487
1,1460,0.0035467137322487
1,1461,0.0035467137322487
1,1462,0.0035467137322487
1,1463,0.0035467137322487
1,1464,0.0035467137322487
1,1465,0.0035467137322487
1,1466,0.0035467137322487
1,1467,0.0035467137322487
1,1468,0.0035467137322487
1,1469,0.0035467137322487
1,1470,0.0035467137322487
1,1471,0.0035467137322487
1,1472,0.0035467137322487
1,1473,0.0035467137322487
1,1474,0.0035467137322487
1,1475,0.0035467137322487
1,1476,0.0035467137322487
1,1477,0.0035467137322487
1,1478,0.0035467137322487
1,1479,0.0035467137322487
1,1480,0.0035467137322487
1,1481,0.0035467137322487
1,1482,0.0035467137322487
1,1483,0.0035467137322487
1,1484,0.0035467137322487
1,1485,0.0035467137322487
1,1486,0.0035467137322487
1,1487,0.0035467137322487
1,1488,0.0035467137322487
1,1489,0.0035467137322487
1,1490,0.0035467137322487
1,1491,0.0035467137322487
1,1492,0.0035467137322487
1,1493,0.0035467137322487
1,1494,0.0035467137322487
1,1495,0.0035467137322487
1,1496,0.0035467137322487
1,1497,0.0035467137322487
1,1498,0.0035467137322487
1,1499,0.0035467137322487
1,1500,0.0035467137322487
1,1501,0.0035467137322487
1,1502,0.0035467137322487
1,1503,0.0035467137322487
1,1504,0.0035467137322487
1,1505,0.0035467137322487
1,1506,0.0035467137322487
1,1507,0.0035467137322487
1,1508,0.0035467137322487
1,1509,0.0035467137322487
1,1510,0.0035467137322487
1,1511,0.0035467137322487
1,1512,0.0035467137322487
1,1513,0.0035467137322487
1,1514,0.0035467137322487
1,1515,0.0035467137322487
1,1516,0.0035467137322487
1,1517,0.0035467137322487
1,1518,0.0035467137322487
1,1519,0.0035467137322487
1,1520,0.0035467137322487
1,1521,0.0035467137322487
1,1522,0.0035467137322487
1,1523,0.0035467137322487
1,1524,0.0035467137322487
1,1525,0.0035467137322487
1,1526,0.0035467137322487
1,1527,0.0035467137322487
1,1528,0.0035467137322487
1,1529,0.0035467137322487
1,1530,0.0035467137322487
1,1531,0.0035467137322487
1,1532,0.0035467137322487
1,1533,0.0035467137322487
1,1534,0.0035467137322487
1,1535,0.0035467137322487
1,1536,0.0035467137322487
1,1537,0.0035467137322487
1,1538,0.0035467137322487
1,1539,0.0035467137322487
1,1540,0.0035467137322487
1,1541,0.0035467137322487
1,1542,0.0035467137322487
1,1543,0.0035467137322487
1,1544,0.0035467137322487
1,1545,0.0035467137322487
1,1546,0.0035467137322487
1,1547,0.0035467137322487
1,1548,0.0035467137322487
1,1549,0.0035467137322487
1,1550,0.0035467137322487
1,1551,0.0035467137322487
1,1552,0.0035467137322487
1,1553,0.0035467137322487
1,1554,0.0035467137322487
1,1555,0.0035467137322487
1,1556,0.0035467137322487
1,1557,0.0035467137322487
1,1558,0.0035467137322487
1,1559,0.0035467137322487
1,1560,0.0035467137322487
1,1561,0.0035467137322487
1,1562,0.0035467137322487
1,1563,0.0035467137322487
1,1564,0.0035467137322487
1,1565,0.0035467137322487
1,1566,0.0035467137322487
1,1567,0.0035467137322487
1,1568,0.0035467137322487
1,1569,0.0035467137322487
1,1570,0.0035467137322487
1,1571,0.0035467137322487
1,1572,0.0035467137322487
1,1573,0.0035467137322487
1,1574,0.0035467137322487
1,1575,0.0035467137322487
1,1576,0.0035467137322487
1,1577,0.0035467137322487
1,1578,0.0035467137322487
1,1579,0.0035467137322487
1,1580,0.0035467137322487
1,1581,0.0035467137322487
1,1582,0.0035467137322487
1,1583,0.0035467137322487
1,1584,0.0035467137322487
1,1585,0.0035467137322487
1,1586,0.0035467137322487
1,1587,0.0035467137322487
1,1588,0.0035467137322487
1,1589,0.0035467137322487
1,1590,0.0035467137322487
1,1591,0.0035467137322487
1,1592,0.0035467137322487
1,1593,0.0035467137322487
1,1594,0.0035467137322487
1,1595,0.0035467137322487
1,1596,0.0035467137322487
1,1597,0.0035467137322487
1,1598,0.0035467137322487
1,1599,0.0035467137322487
1,1600,0.0035467137322487
1,1601,0.0035467137322487
1,1602,0.0035467137322487
1,1603,0.0035467137322487
1,1604,0.0035467137322487
1,1605,0.0035467137322487
1,1606,0.0035467137322487
1,1607,0.0035467137322487
1,1608,0.0035467137322487
1,1609,0.0035467137322487
1,1610,0.0035467137322487
1,1611,0.0035467137322487
1,1612,0.0035467137322487
1,1613,0.0035467137322487
1,1614,0.0035467137322487
1,1615,0.0035467137322487
1,1616,0.0035467137322487
1,1617,0.0035467137322487
1,1618,0.0035467137322487
1,1619,0.0035467137322487
1,1620,0.0035467137322487
1,1621,0.0035467137322487
1,1622,0.0035467137322487
1,1623,0.0035467137322487
1,1624,0.0035467137322487
1,1625,0.0035467137322487
1,1626,0.0035467137322487
1,1627,0.0035467137322487
1,1628,0.0035467137322487
1,1629,0.0035467137322487
1,1630,0.0035467137322487
1,1631,0.0035467137322487
1,1632,0.0035467137322487
1,1633,0.0035467137322487
1,1634,0.0035467137322487
1,1635,0.0035467137322487
1,1636,0.0035467137322487
1,1637,0.0035467137322487
1,1638,0.0035467137322487
1,1639,0.0035467137322487
1,1640,0.0035467137322487
1,1641,0.0035467137322487
1,1642,0.0035467137322487
1,1643,0.0035467137322487
1,1644,0.0035467137322487
1,1645,0.0035467137322487
1,1646,0.0035467137322487
1,1647,0.0035467137322487
1,1648,0.0035467137322487
1,1649,0.0035467137322487
1,1650,0.0035467137322487
1,1651,0.0035467137322487
1,1652,0.0035467137322487
1,1653,0.0035467137322487
1,1654,0.0035467137322487
1,1655,0.0035467137322487
1,1656,0.0035467137322487
1,1657,0.0035467137322487
1,1658,0.0035467137322487
1,1659,0.0035467137322487
1,1660,0.0035467137322487
1,1661,0.0035467137322487
1,1662,0.0035467137322487
1,1663,0.0035467137322487
1,1664,0.0035467137322487
1,1665,0.0035467137322487
1,1666,0.0035467137322487
1,1667,0.0035467137322487
1,1668,0.0035467137322487
1,1669,0.0035467137322487
1,1670,0.0035467137322487
1,1671,0.0035467137322487
1,1672,0.0035467137322487
1,1673,0.0035467137322487
1,1674,0.0035467137322487
1,1675,0.0035467137322487
1,1676,0.0035467137322487
1,1677,0.0035467137322487
1,1678,0.0035467137322487
1,1679,0.0035467137322487
1,1680,0.0035467137322487
1,1681,0.0035467137322487
1,1682,0.0035467137322487
1,1683,0.0035467137322487
1,1684,0.0035467137322487
1,1685,0.0035467137322487
1,1686,0.0035467137322487
1,1687,0.0035467137322487
1,1688,0.0035467137322487
1,1689,0.0035467137322487
1,1690,0.0035467137322487
1,1691,0.0035467137322487
1,1692,0.0035467137322487
1,1693,0.0035467137322487
1,1694,0.0035467137322487
1,1695,0.0035467137322487
1,1696,0.0035467137322487
1,1697,0.0035467137322487
1,1698,0.0035467137322487
1,1699,0.0035467137322487
1,1700,0.0035467137322487
1,1701,0.0035467137322487
1,1702,0.0035467137322487
1,1703,0.0035467137322487
1,1704,0.0035467137322487
1,1705,0.0035467137322487
1,1706,0.0035467137322487
1,1707,0.0035467137322487
1,1708,0.0035467137322487
1,1709,0.0035467137322487
1,1710,0.0035467137322487
1,1711,0.0035467137322487
1,1712,0.0035467137322487
1,1713,0.0035467137322487
1,1714,0.0035467137322487
1,1715,0.0035467137322487
1,1716,0.0035467137322487
1,1717,0.0035467137322487
1,1718,0.0035467137322487
1,1719,0.0035467137322487
1,1720,0.0035467137322487
1,1721,0.0035467137322487
1,1722,0.0035467137322487
1,1723,0.0035467137322487
1,1724,0.0035467137322487
1,1725,0.0035467137322487
1,1726,0.0035467137322487
1,1727,0.0035467137322487
1,1728,0.0035467137322487
1,1729,0.0035467137322487
1,1730,0.0035467137322487
1,1731,0.0035467137322487
1,1732,0.0035467137322487
1,1733,0.0035467137322487
1,1734,0.0035467137322487
1,1735,0.0035467137322487
1,1736,0.0035467137322487
1,1737,0.0035467137322487
1,1738,0.0035467137322487
1,1739,0.0035467137322487
1,1740,0.0035467137322487
1,1741,0.0035467137322487
1,1742,0.0035467137322487
1,1743,0.0035467137322487
1,1744,0.0035467137322487
1,1745,0.0035467137322487
1,1746,0.0035467137322487
1,1747,0.0035467137322487
1,1748,0.0035467137322487
1,1749,0.0035467137322487
1,1750,0.0035467137322487
1,1751,0.0035467137322487
1,1752,0.0035467137322487
1,1753,0.0035467137322487
1,1754,0.0035467137322487
1,1755,0.0035467137322487
1,1756,0.0035467137322487
1,1757,0.0035467137322487
1,1758,0.0035467137322487
1,1759,0.0035467137322487
1,1760,0.0035467137322487
1,1761,0.0035467137322487
1,1762,0.0035467137322487
1,1763,0.0035467137322487
1,1764,0.0035467137322487
1,1765,0.0035467137322487
1,1766,0.0035467137322487
1,1767,0.0035467137322487
1,1768,0.0035467137322487
1,1769,0.0035467137322487
1,1770,0.0035467137322487
1,1771,0.0035467137322487
1,1772,0.0035467137322487
1,1773,0.0035467137322487
1,1774,0.0035467137322487
1,1775,0.0035467137322487
1,1776,0.0035467137322487
1,1777,0.0035467137322487
1,1778,0.0035467137322487
1,1779,0.0035467137322487
1,1780,0.0035467137322487
1,1781,0.0035467137322487
1,1782,0.0035467137322487
1,1783,0.0035467137322487
1,1784,0.0035467137322487
1,1785,0.0035467137322487
1,1786,0.0035467137322487
1,1787,0.0035467137322487
1,1788,0.0035467137322487
1,1789,0.0035467137322487
1,1790,0.0035467137322487
1,1791,0.0035467137322487
1,1792,0.0035467137322487
1,1793,0.0035467137322487
1,1794,0.0035467137322487
1,1795,0.0035467137322487
1,1796,0.0035467137322487
1,1797,0.0035467137322487
1,1798,0.0035467137322487
1,1799,0.0035467137322487
1,1800,0.0035467137322487
1,1801,0.0035467137322487
1,1802,0.0035467137322487
1,1803,0.0035467137322487
1,1804,0.0035467137322487
1,1805,0.0035467137322487
1,1806,0.0035467137322487
1,1807,0.0035467137322487
1,1808,0.0035467137322487
1,1809,0.0035467137322487
1,1810,0.0035467137322487
1,1811,0.0035467137322487
1,1812,0.0035467137322487
1,1813,0.0035467137322487
1,1814,0.0035467137322487
1,1815,0.0035467137322487
1,1816,0.0035467137322487
1,1817,0.0035467137322487
1,1818,0.0035467137322487
1,1819,0.0035467137322487
1,1820,0.0035467137322487
1,1821,0.0035467137322487
1,1822,0.0035467137322487
1,1823,0.0035467137322487
1,1824,0.0035467137322487
1,1825,0.0035467137322487
1,1826,0.0035467137322487
1,1827,0.0035467137322487
1,1828,0.0035467137322487
1,1829,0.0035467137322487
1,1830,0.0035467137322487
1,1831,0.0035467137322487
1,1832,0.0035467137322487
1,1833,0.0035467137322487
1,1834,0.0035467137322487
1,1835,0.0035467137322487
1,1836,0.0035467137322487
1,1837,0.0035467137322487
1,1838,0.0035467137322487
1,1839,0.0035467137322487
1,1840,0.0035467137322487
1,1841,0.0035467137322487
1,1842,0.0035467137322487
1,1843,0.0035467137322487
1,1844,0.0035467137322487
1,1845,0.0035467137322487
1,1846,0.0035467137322487
1,1847,0.0035467137322487
1,1848,0.0035467137322487
1,1849,0.0035467137322487
1,1850,0.0035467137322487
1,1851,0.0035467137322487
1,1852,0.0035467137322487
1,1853,0.0035467137322487
1,1854,0.0035467137322487
1,1855,0.0035467137322487
1,1856,0.0035467137322487
1,1857,0.0035467137322487
1,1858,0.0035467137322487
1,1859,0.0035467137322487
1,1860,0.0035467137322487
1,1861,0.0035467137322487
1,1862,0.0035467137322487
1,1863,0.0035467137322487
1,1864,0.0035467137322487
1,1865,0.0035467137322487
1,1866,0.0035467137322487
1,1867,0.0035467137322487
1,1868,0.0035467137322487
1,1869,0.0035467137322487
1,1870,0.0035467137322487
1,1871,0.0035467137322487
1,1872,0.0035467137322487
1,1873,0.0035467137322487
1,1874,0.0035467137322487
1,1875,0.0035467137322487
1,1876,0.0035467137322487
1,1877,0.0035467137322487
1,1878,0.0035467137322487
1,1879,0.0035467137322487
1,1880,0.0035467137322487
1,1881,0.0035467137322487
1,1882,0.0035467137322487
1,1883,0.0035467137322487
1,1884,0.0035467137322487
1,1885,0.0035467137322487
1,1886,0.0035467137322487
1,1887,0.0035467137322487
1,1888,0.0035467137322487
1,1889,0.0035467137322487
1,1890,0.0035467137322487
1,1891,0.0035467137322487
1,1892,0.0035467137322487
1,1893,0.0035467137322487
1,1894,0.0035467137322487
1,1895,0.0035467137322487
1,1896,0.0035467137322487
1,1897,0.0035467137322487
1,1898,0.0035467137322487
1,1899,0.0035467137322487
1,1900,0.0035467137322487
1,1901,0.0035467137322487
1,1902,0.0035467137322487
1,1903,0.0035467137322487
1,1904,0.0035467137322487
1,1905,0.0035467137322487
1,1906,0.0035467137322487
1,1907,0.0035467137322487
1,1908,0.0035467137322487
1,1909,0.0035467137322487
1,1910,0.0035467137322487
1,1911,0.0035467137322487
1,1912,0.0035467137322487
1,1913,0.0035467137322487
1,1914,0.0035467137322487
1,1915,0.0035467137322487
1,1916,0.0035467137322487
1,1917,0.0035467137322487
1,1918,0.0035467137322487
1,1919,0.0035467137322487
1,1920,0.0035467137322487
1,1921,0.0035467137322487
1,1922,0.0035467137322487
1,1923,0.0035467137322487
1,1924,0.0035467137322487
1,1925,0.0035467137322487
1,1926,0.0035467137322487
1,1927,0.0035467137322487
1,1928,0.0035467137322487
1,1929,0.0035467137322487
1,1930,0.0035467137322487
1,1931,0.0035467137322487
1,1932,0.0035467137322487
1,1933,0.0035467137322487
1,1934,0.0035467137322487
1,1935,0.0035467137322487
1,1936,0.0035467137322487
1,1937,0.0035467137322487
1,1938,0.0035467137322487
1,1939,0.0035467137322487
1,1940,0.0035467137322487
1,1941,0.0035467137322487
1,1942,0.0035467137322487
1,1943,0.0035467137322487
1,1944,0.0035467137322487
1,1945,0.0035467137322487
1,1946,0.0035467137322487
1,1947,0.0035467137322487
1,1948,0.0035467137322487
1,1949,0.0035467137322487
1,1950,0.0035467137322487
1,1951,0.0035467137322487
1,1952,0.0035467137322487
1,1953,0.0035467137322487
1,1954,0.0035467137322487
1,1955,0.0035467137322487
1,1956,0.0035467137322487
1,1957,0.0035467137322487
1,1958,0.0035467137322487
1,1959,0.0035467137322487
1,1960,0.0035467137322487
1,1961,0.0035467137322487
1,1962,0.0035467137322487
1,1963,0.0035467137322487
1,1964,0.0035467137322487
1,1965,0.0035467137322487
1,1966,0.0035467137322487
1,1967,0.0035467137322487
1,1968,0.0035467137322487
1,1969,0.0035467137322487
1,1970,0.0035467137322487
1,1971,0.0035467137322487
1,1972,0.0035467137322487
1,1973,0.0035467137322487
1,1974,0.0035467137322487
1,1975,0.0035467137322487
1,1976,0.0035467137322487
1,1977,0.0035467137322487
1,1978,0.0035467137322487
1,1979,0.0035467137322487
1,1980,0.0035467137322487
1,1981,0.0035467137322487
1,1982,0.0035467137322487
1,1983,0.0035467137322487
1,1984,0.0035467137322487
1,1985,0.0035467137322487
1,1986,0.0035467137322487
1,1987,0.0035467137322487
1,1988,0.0035467137322487
1,1989,0.0035467137322487
1,1990,0.0035467137322487
1,1991,0.0035467137322487
1,1992,0.0035467137322487
1,1993,0.0035467137322487
1,1994,0.0035467137322487
1,1995,0.0035467137322487
1,1996,0.0035467137322487
1,1997,0.0035467137322487
1,1998,0.0035467137322487
1,1999,0.0035467137322487
2,0,0.003393559994182881
2,1,0.003393559994182881
2,2,0.003393559994182881
2,3,0.003393559994182881
2,4,0.003393559994182881
2,5,0.003393559994182881
2,6,0.003393559994182881
2,7,0.003393559994182881
2,8,0.003393559994182881
2,9,0.003393559994182881
2,10,0.003393559994182881
2,11,0.003393559994182881
2,12,0.003393559994182881
2,13,0.003393559994182881
2,14,0.003393559994182881
2,15,0.003393559994182881
2,16,0.003393559994182881
2,17,0.003393559994182881
2,18,0.003393559994182881
2,19,0.003393559994182881
2,20,0.003393559994182881
2,21,0.003393559994182881
2,22,0.003393559994182881
2,23,0.003393559994182881
2,24,0.003393559994182881
2,25,0.003393559994182881
2,26,0.003393559994182881
2,27,0.003393559994182881
2,28,0.003393559994182881
2,29,0.003393559994182881
2,30,0.003393559994182881
2,31,0.003393559994182881
2,32,0.003393559994182881
2,33,0.003393559994182881
2,34,0.003393559994182881
2,35,0.003393559994182881
2,36,0.003393559994182881
2,37,0.003393559994182881
2,38,0.003393559994182881
2,39,0.003393559994182881
2,40,0.003393559994182881
2,41,0.003393559994182881
2,42,0.003393559994182881
2,43,0.003393559994182881
2,44,0.003393559994182881
2,45,0.003393559994182881
2,46,0.003393559994182881
2,47,0.003393559994182881
2,48,0.003393559994182881
2,49,0.003393559994182881
2,50,0.003393559994182881
2,51,0.003393559994182881
2,52,0.003393559994182881
2,53,0.003393559994182881
2,54,0.003393559994182881
2,55,0.003393559994182881
2,56,0.003393559994182881
2,57,0.003393559994182881
2,58,0.003393559994182881
2,59,0.003393559994182881
2,60,0.003393559994182881
2,61,0.003393559994182881
2,62,0.003393559994182881
2,63,0.003393559994182881
2,64,0.003393559994182881
2,65,0.003393559994182881
2,66,0.003393559994182881
2,67,0.003393559994182881
2,68,0.003393559994182881
2,69,0.003393559994182881
2,70,0.003393559994182881
2,71,0.003393559994182881
2,72,0.003393559994182881
2,73,0.003393559994182881
2,74,0.003393559994182881
2,75,0.003393559994182881
2,76,0.003393559994182881
2,77,0.003393559994182881
2,78,0.003393559994182881
2,79,0.003393559994182881
2,80,0.003393559994182881
2,81,0.003393559994182881
2,82,0.003393559994182881
2,83,0.003393559994182881
2,84,0.003393559994182881
2,85,0.003393559994182881
2,86,0.003393559994182881
2,87,0.003393559994182881
2,88,0.003393559994182881
2,89,0.003393559994182881
2,90,0.003393559994182881
2,91,0.003393559994182881
2,92,0.003393559994182881
2,93,0.003393559994182881
2,94,0.003393559994182881
2,95,0.003393559994182881
2,96,0.003393559994182881
2,97,0.003393559994182881
2,98,0.003393559994182881
2,99,0.003393559994182881
2,100,0.003393559994182881
2,101,0.003393559994182881
2,102,0.003393559994182881
2,103,0.003393559994182881
2,104,0.003393559994182881
2,105,0.003393559994182881
2,106,0.003393559994182881
2,107,0.003393559994182881
2,108,0.003393559994182881
2,109,0.003393559994182881
2,110,0.003393559994182881
2,111,0.003393559994182881
2,112,0.003393559994182881
2,113,0.003393559994182881
2,114,0.003393559994182881
2,115,0.003393559994182881
2,116,0.003393559994182881
2,117,0.003393559994182881
2,118,0.003393559994182881
2,119,0.003393559994182881
2,120,0.003393559994182881
2,121,0.003393559994182881
2,122,0.003393559994182881
2,123,0.003393559994182881
2,124,0.003393559994182881
2,125,0.003393559994182881
2,126,0.003393559994182881
2,127,0.003393559994182881
2,128,0.003393559994182881
2,129,0.003393559994182881
2,130,0.003393559994182881
2,131,0.003393559994182881
2,132,0.003393559994182881
2,133,0.003393559994182881
2,134,0.003393559994182881
2,135,0.003393559994182881
2,136,0.003393559994182881
2,137,0.003393559994182881
2,138,0.003393559994182881
2,139,0.003393559994182881
2,140,0.003393559994182881
2,141,0.003393559994182881
2,142,0.003393559994182881
2,143,0.003393559994182881
2,144,0.003393559994182881
2,145,0.003393559994182881
2,146,0.003393559994182881
2,147,0.003393559994182881
2,148,0.003393559994182881
2,149,0.003393559994182881
2,150,0.003393559994182881
2,151,0.003393559994182881
2,152,0.003393559994182881
2,153,0.003393559994182881
2,154,0.003393559994182881
2,155,0.003393559994182881
2,156,0.003393559994182881
2,157,0.003393559994182881
2,158,0.003393559994182881
2,159,0.003393559994182881
2,160,0.003393559994182881
2,161,0.003393559994182881
2,162,0.003393559994182881
2,163,0.003393559994182881
2,164,0.003393559994182881
2,165,0.003393559994182881
2,166,0.003393559994182881
2,167,0.003393559994182881
2,168,0.003393559994182881
2,169,0.003393559994182881
2,170,0.003393559994182881
2,171,0.003393559994182881
2,172,0.003393559994182881
2,173,0.003393559994182881
2,174,0.003393559994182881
2,175,0.003393559994182881
2,176,0.003393559994182881
2,177,0.003393559994182881
2,178,0.003393559994182881
2,179,0.003393559994182881
2,180,0.003393559994182881
2,181,0.003393559994182881
2,182,0.003393559994182881
2,183,0.003393559994182881
2,184,0.003393559994182881
2,185,0.003393559994182881
2,186,0.003393559994182881
2,187,0.003393559994182881
2,188,0.003393559994182881
2,189,0.003393559994182881
2,190,0.003393559994182881
2,191,0.003393559994182881
2,192,0.003393559994182881
2,193,0.003393559994182881
2,194,0.003393559994182881
2,195,0.003393559994182881
2,196,0.003393559994182881
2,197,0.003393559994182881
2,198,0.003393559994182881
2,199,0.003393559994182881
2,200,0.003393559994182881
2,201,0.003393559994182881
2,202,0.003393559994182881
2,203,0.003393559994182881
2,204,0.003393559994182881
2,205,0.003393559994182881
2,206,0.003393559994182881
2,207,0.003393559994182881
2,208,0.003393559994182881
2,209,0.003393559994182881
2,210,0.003393559994182881
2,211,0.003393559994182881
2,212,0.003393559994182881
2,213,0.003393559994182881
2,214,0.003393559994182881
2,215,0.003393559994182881
2,216,0.003393559994182881
2,217,0.003393559994182881
2,218,0.003393559994182881
2,219,0.003393559994182881
2,220,0.003393559994182881
2,221,0.003393559994182881
2,222,0.003393559994182881
2,223,0.003393559994182881
2,224,0.003393559994182881
2,225,0.003393559994182881
2,226,0.003393559994182881
2,227,0.003393559994182881
2,228,0.003393559994182881
2,229,0.003393559994182881
2,230,0.003393559994182881
2,231,0.003393559994182881
2,232,0.003393559994182881
2,233,0.003393559994182881
2,234,0.003393559994182881
2,235,0.003393559994182881
2,236,0.003393559994182881
2,237,0.003393559994182881
2,238,0.003393559994182881
2,239,0.003393559994182881
2,240,0.003393559994182881
2,241,0.003393559994182881
2,242,0.003393559994182881
2,243,0.003393559994182881
2,244,0.003393559994182881
2,245,0.003393559994182881
2,246,0.003393559994182881
2,247,0.003393559994182881
2,248,0.003393559994182881
2,249,0.003393559994182881
2,250,0.003393559994182881
2,251,0.003393559994182881
2,252,0.003393559994182881
2,253,0.003393559994182881
2,254,0.003393559994182881
2,255,0.003393559994182881
2,256,0.003393559994182881
2,257,0.003393559994182881
2,258,0.003393559994182881
2,259,0.003393559994182881
2,260,0.003393559994182881
2,261,0.003393559994182881
2,262,0.003393559994182881
2,263,0.003393559994182881
2,264,0.003393559994182881
2,265,0.003393559994182881
2,266,0.003393559994182881
2,267,0.003393559994182881
2,268,0.003393559994182881
2,269,0.003393559994182881
2,270,0.003393559994182881
2,271,0.003393559994182881
2,272,0.003393559994182881
2,273,0.003393559994182881
2,274,0.003393559994182881
2,275,0.003393559994182881
2,276,0.003393559994182881
2,277,0.003393559994182881
2,278,0.003393559994182881
2,279,0.003393559994182881
2,280,0.003393559994182881
2,281,0.003393559994182881
2,282,0.003393559994182881
2,283,0.003393559994182881
2,284,0.003393559994182881
2,285,0.003393559994182881
2,286,0.003393559994182881
2,287,0.003393559994182881
2,288,0.003393559994182881
2,289,0.003393559994182881
2,290,0.003393559994182881
2,291,0.003393559994182881
2,292,0.003393559994182881
2,293,0.003393559994182881
2,294,0.003393559994182881
2,295,0.003393559994182881
2,296,0.003393559994182881
2,297,0.003393559994182881
2,298,0.003393559994182881
2,299,0.003393559994182881
2,300,0.003393559994182881
2,301,0.003393559994182881
2,302,0.003393559994182881
2,303,0.003393559994182881
2,304,0.003393559994182881
2,305,0.003393559994182881
2,306,0.003393559994182881
2,307,0.003393559994182881
2,308,0.003393559994182881
2,309,0.003393559994182881
2,310,0.003393559994182881
2,311,0.003393559994182881
2,312,0.003393559994182881
2,313,0.003393559994182881
2,314,0.003393559994182881
2,315,0.003393559994182881
2,316,0.003393559994182881
2,317,0.003393559994182881
2,318,0.003393559994182881
2,319,0.003393559994182881
2,320,0.003393559994182881
2,321,0.003393559994182881
2,322,0.003393559994182881
2,323,0.003393559994182881
2,324,0.003393559994182881
2,325,0.003393559994182881
2,326,0.003393559994182881
2,327,0.003393559994182881
2,328,0.003393559994182881
2,329,0.003393559994182881
2,330,0.003393559994182881
2,331,0.003393559994182881
2,332,0.003393559994182881
2,333,0.003393559994182881
2,334,0.003393559994182881
2,335,0.003393559994182881
2,336,0.003393559994182881
2,337,0.003393559994182881
2,338,0.003393559994182881
2,339,0.003393559994182881
2,340,0.003393559994182881
2,341,0.003393559994182881
2,342,0.003393559994182881
2,343,0.003393559994182881
2,344,0.003393559994182881
2,345,0.003393559994182881
2,346,0.003393559994182881
2,347,0.003393559994182881
2,348,0.003393559994182881
2,349,0.003393559994182881
2,350,0.003393559994182881
2,351,0.003393559994182881
2,352,0.003393559994182881
2,353,0.003393559994182881
2,354,0.003393559994182881
2,355,0.003393559994182881
2,356,0.003393559994182881
2,357,0.003393559994182881
2,358,0.003393559994182881
2,359,0.003393559994182881
2,360,0.003393559994182881
2,361,0.003393559994182881
2,362,0.003393559994182881
2,363,0.003393559994182881
2,364,0.003393559994182881
2,365,0.003393559994182881
2,366,0.003393559994182881
2,367,0.003393559994182881
2,368,0.003393559994182881
2,369,0.003393559994182881
2,370,0.003393559994182881
2,371,0.003393559994182881
2,372,0.003393559994182881
2,373,0.003393559994182881
2,374,0.003393559994182881
2,375,0.003393559994182881
2,376,0.003393559994182881
2,377,0.003393559994182881
2,378,0.003393559994182881
2,379,0.003393559994182881
2,380,0.003393559994182881
2,381,0.003393559994182881
2,382,0.003393559994182881
2,383,0.003393559994182881
2,384,0.003393559994182881
2,385,0.003393559994182881
2,386,0.003393559994182881
2,387,0.003393559994182881
2,388,0.003393559994182881
2,389,0.003393559994182881
2,390,0.003393559994182881
2,391,0.003393559994182881
2,392,0.003393559994182881
2,393,0.003393559994182881
2,394,0.003393559994182881
2,395,0.003393559994182881
2,396,0.003393559994182881
2,397,0.003393559994182881
2,398,0.003393559994182881
2,399,0.003393559994182881
2,400,0.003393559994182881
2,401,0.003393559994182881
2,402,0.003393559994182881
2,403,0.003393559994182881
2,404,0.003393559994182881
2,405,0.003393559994182881
2,406,0.003393559994182881
2,407,0.003393559994182881
2,408,0.003393559994182881
2,409,0.003393559994182881
2,410,0.003393559994182881
2,411,0.003393559994182881
2,412,0.003393559994182881
2,413,0.003393559994182881
2,414,0.003393559994182881
2,415,0.003393559994182881
2,416,0.003393559994182881
2,417,0.003393559994182881
2,418,0.003393559994182881
2,419,0.003393559994182881
2,420,0.003393559994182881
2,421,0.003393559994182881
2,422,0.003393559994182881
2,423,0.003393559994182881
2,424,0.003393559994182881
2,425,0.003393559994182881
2,426,0.003393559994182881
2,427,0.003393559994182881
2,428,0.003393559994182881
2,429,0.003393559994182881
2,430,0.003393559994182881
2,431,0.003393559994182881
2,432,0.003393559994182881
2,433,0.003393559994182881
2,434,0.003393559994182881
2,435,0.003393559994182881
2,436,0.003393559994182881
2,437,0.003393559994182881
2,438,0.003393559994182881
2,439,0.003393559994182881
2,440,0.003393559994182881
2,441,0.003393559994182881
2,442,0.003393559994182881
2,443,0.003393559994182881
2,444,0.003393559994182881
2,445,0.003393559994182881
2,446,0.003393559994182881
2,447,0.003393559994182881
2,448,0.003393559994182881
2,449,0.003393559994182881
2,450,0.003393559994182881
2,451,0.003393559994182881
2,452,0.003393559994182881
2,453,0.003393559994182881
2,454,0.003393559994182881
2,455,0.003393559994182881
2,456,0.003393559994182881
2,457,0.003393559994182881
2,458,0.003393559994182881
2,459,0.003393559994182881
2,460,0.003393559994182881
2,461,0.003393559994182881
2,462,0.003393559994182881
2,463,0.003393559994182881
2,464,0.003393559994182881
2,465,0.003393559994182881
2,466,0.003393559994182881
2,467,0.003393559994182881
2,468,0.003393559994182881
2,469,0.003393559994182881
2,470,0.003393559994182881
2,471,0.003393559994182881
2,472,0.003393559994182881
2,473,0.003393559994182881
2,474,0.003393559994182881
2,475,0.003393559994182881
2,476,0.003393559994182881
2,477,0.003393559994182881
2,478,0.003393559994182881
2,479,0.003393559994182881
2,480,0.003393559994182881
2,481,0.003393559994182881
2,482,0.003393559994182881
2,483,0.003393559994182881
2,484,0.003393559994182881
2,485,0.003393559994182881
2,486,0.003393559994182881
2,487,0.003393559994182881
2,488,0.003393559994182881
2,489,0.003393559994182881
2,490,0.003393559994182881
2,491,0.003393559994182881
2,492,0.003393559994182881
2,493,0.003393559994182881
2,494,0.003393559994182881
2,495,0.003393559994182881
2,496,0.003393559994182881
2,497,0.003393559994182881
2,498,0.003393559994182881
2,499,0.003393559994182881
2,500,0.003393559994182881
2,501,0.003393559994182881
2,502,0.003393559994182881
2,503,0.003393559994182881
2,504,0.003393559994182881
2,505,0.003393559994182881
2,506,0.003393559994182881
2,507,0.003393559994182881
2,508,0.003393559994182881
2,509,0.003393559994182881
2,510,0.003393559994182881
2,511,0.003393559994182881
2,512,0.003393559994182881
2,513,0.003393559994182881
2,514,0.003393559994182881
2,515,0.003393559994182881
2,516,0.003393559994182881
2,517,0.003393559994182881
2,518,0.003393559994182881
2,519,0.003393559994182881
2,520,0.003393559994182881
2,521,0.003393559994182881
2,522,0.003393559994182881
2,523,0.003393559994182881
2,524,0.003393559994182881
2,525,0.003393559994182881
2,526,0.003393559994182881
2,527,0.003393559994182881
2,528,0.003393559994182881
2,529,0.003393559994182881
2,530,0.003393559994182881
2,531,0.003393559994182881
2,532,0.003393559994182881
2,533,0.003393559994182881
2,534,0.003393559994182881
2,535,0.003393559994182881
2,536,0.003393559994182881
2,537,0.003393559994182881
2,538,0.003393559994182881
2,539,0.003393559994182881
2,540,0.003393559994182881
2,541,0.003393559994182881
2,542,0.003393559994182881
2,543,0.003393559994182881
2,544,0.003393559994182881
2,545,0.003393559994182881
2,546,0.003393559994182881
2,547,0.003393559994182881
2,548,0.003393559994182881
2,549,0.003393559994182881
2,550,0.003393559994182881
2,551,0.003393559994182881
2,552,0.003393559994182881
2,553,0.003393559994182881
2,554,0.003393559994182881
2,555,0.003393559994182881
2,556,0.003393559994182881
2,557,0.003393559994182881
2,558,0.003393559994182881
2,559,0.003393559994182881
2,560,0.003393559994182881
2,561,0.003393559994182881
2,562,0.003393559994182881
2,563,0.003393559994182881
2,564,0.003393559994182881
2,565,0.003393559994182881
2,566,0.003393559994182881
2,567,0.003393559994182881
2,568,0.003393559994182881
2,569,0.003393559994182881
2,570,0.003393559994182881
2,571,0.003393559994182881
2,572,0.003393559994182881
2,573,0.003393559994182881
2,574,0.003393559994182881
2,575,0.003393559994182881
2,576,0.003393559994182881
2,577,0.003393559994182881
2,578,0.003393559994182881
2,579,0.003393559994182881
2,580,0.003393559994182881
2,581,0.003393559994182881
2,582,0.003393559994182881
2,583,0.003393559994182881
2,584,0.003393559994182881
2,585,0.003393559994182881
2,586,0.003393559994182881
2,587,0.003393559994182881
2,588,0.003393559994182881
2,589,0.003393559994182881
2,590,0.003393559994182881
2,591,0.003393559994182881
2,592,0.003393559994182881
2,593,0.003393559994182881
2,594,0.003393559994182881
2,595,0.003393559994182881
2,596,0.003393559994182881
2,597,0.003393559994182881
2,598,0.003393559994182881
2,599,0.003393559994182881
2,600,0.003393559994182881
2,601,0.003393559994182881
2,602,0.003393559994182881
2,603,0.003393559994182881
2,604,0.003393559994182881
2,605,0.003393559994182881
2,606,0.003393559994182881
2,607,0.003393559994182881
2,608,0.003393559994182881
2,609,0.003393559994182881
2,610,0.003393559994182881
2,611,0.003393559994182881
2,612,0.003393559994182881
2,613,0.003393559994182881
2,614,0.003393559994182881
2,615,0.003393559994182881
2,616,0.003393559994182881
2,617,0.003393559994182881
2,618,0.003393559994182881
2,619,0.003393559994182881
2,620,0.003393559994182881
2,621,0.003393559994182881
2,622,0.003393559994182881
2,623,0.003393559994182881
2,624,0.003393559994182881
2,625,0.003393559994182881
2,626,0.003393559994182881
2,627,0.003393559994182881
2,628,0.003393559994182881
2,629,0.003393559994182881
2,630,0.003393559994182881
2,631,0.003393559994182881
2,632,0.003393559994182881
2,633,0.003393559994182881
2,634,0.003393559994182881
2,635,0.003393559994182881
2,636,0.003393559994182881
2,637,0.003393559994182881
2,638,0.003393559994182881
2,639,0.003393559994182881
2,640,0.003393559994182881
2,641,0.003393559994182881
2,642,0.003393559994182881
2,643,0.003393559994182881
2,644,0.003393559994182881
2,645,0.003393559994182881
2,646,0.003393559994182881
2,647,0.003393559994182881
2,648,0.003393559994182881
2,649,0.003393559994182881
2,650,0.003393559994182881
2,651,0.003393559994182881
2,652,0.003393559994182881
2,653,0.003393559994182881
2,654,0.003393559994182881
2,655,0.003393559994182881
2,656,0.003393559994182881
2,657,0.003393559994182881
2,658,0.003393559994182881
2,659,0.003393559994182881
2,660,0.003393559994182881
2,661,0.003393559994182881
2,662,0.003393559994182881
2,663,0.003393559994182881
2,664,0.003393559994182881
2,665,0.003393559994182881
2,666,0.003393559994182881
2,667,0.003393559994182881
2,668,0.003393559994182881
2,669,0.003393559994182881
2,670,0.003393559994182881
2,671,0.003393559994182881
2,672,0.003393559994182881
2,673,0.003393559994182881
2,674,0.003393559994182881
2,675,0.003393559994182881
2,676,0.003393559994182881
2,677,0.003393559994182881
2,678,0.003393559994182881
2,679,0.003393559994182881
2,680,0.003393559994182881
2,681,0.003393559994182881
2,682,0.003393559994182881
2,683,0.003393559994182881
2,684,0.003393559994182881
2,685,0.003393559994182881
2,686,0.003393559994182881
2,687,0.003393559994182881
2,688,0.003393559994182881
2,689,0.003393559994182881
2,690,0.003393559994182881
2,691,0.003393559994182881
2,692,0.003393559994182881
2,693,0.003393559994182881
2,694,0.003393559994182881
2,695,0.003393559994182881
2,696,0.003393559994182881
2,697,0.003393559994182881
2,698,0.003393559994182881
2,699,0.003393559994182881
2,700,0.003393559994182881
2,701,0.003393559994182881
2,702,0.003393559994182881
2,703,0.003393559994182881
2,704,0.003393559994182881
2,705,0.003393559994182881
2,706,0.003393559994182881
2,707,0.003393559994182881
2,708,0.003393559994182881
2,709,0.003393559994182881
2,710,0.003393559994182881
2,711,0.003393559994182881
2,712,0.003393559994182881
2,713,0.003393559994182881
2,714,0.003393559994182881
2,715,0.003393559994182881
2,716,0.003393559994182881
2,717,0.003393559994182881
2,718,0.003393559994182881
2,719,0.003393559994182881
2,720,0.003393559994182881
2,721,0.003393559994182881
2,722,0.003393559994182881
2,723,0.003393559994182881
2,724,0.003393559994182881
2,725,0.003393559994182881
2,726,0.003393559994182881
2,727,0.003393559994182881
2,728,0.003393559994182881
2,729,0.003393559994182881
2,730,0.003393559994182881
2,731,0.003393559994182881
2,732,0.003393559994182881
2,733,0.003393559994182881
2,734,0.003393559994182881
2,735,0.003393559994182881
2,736,0.003393559994182881
2,737,0.003393559994182881
2,738,0.003393559994182881
2,739,0.003393559994182881
2,740,0.003393559994182881
2,741,0.003393559994182881
2,742,0.003393559994182881
2,743,0.003393559994182881
2,744,0.003393559994182881
2,745,0.003393559994182881
2,746,0.003393559994182881
2,747,0.003393559994182881
2,748,0.003393559994182881
2,749,0.003393559994182881
2,750,0.003393559994182881
2,751,0.003393559994182881
2,752,0.003393559994182881
2,753,0.003393559994182881
2,754,0.003393559994182881
2,755,0.003393559994182881
2,756,0.003393559994182881
2,757,0.003393559994182881
2,758,0.003393559994182881
2,759,0.003393559994182881
2,760,0.003393559994182881
2,761,0.003393559994182881
2,762,0.003393559994182881
2,763,0.003393559994182881
2,764,0.003393559994182881
2,765,0.003393559994182881
2,766,0.003393559994182881
2,767,0.003393559994182881
2,768,0.003393559994182881
2,769,0.003393559994182881
2,770,0.003393559994182881
2,771,0.003393559994182881
2,772,0.003393559994182881
2,773,0.003393559994182881
2,774,0.003393559994182881
2,775,0.003393559994182881
2,776,0.003393559994182881
2,777,0.003393559994182881
2,778,0.003393559994182881
2,779,0.003393559994182881
2,780,0.003393559994182881
2,781,0.003393559994182881
2,782,0.003393559994182881
2,783,0.003393559994182881
2,784,0.003393559994182881
2,785,0.003393559994182881
2,786,0.003393559994182881
2,787,0.003393559994182881
2,788,0.003393559994182881
2,789,0.003393559994182881
2,790,0.003393559994182881
2,791,0.003393559994182881
2,792,0.003393559994182881
2,793,0.003393559994182881
2,794,0.003393559994182881
2,795,0.003393559994182881
2,796,0.003393559994182881
2,797,0.003393559994182881
2,798,0.003393559994182881
2,799,0.003393559994182881
2,800,0.003393559994182881
2,801,0.003393559994182881
2,802,0.003393559994182881
2,803,0.003393559994182881
2,804,0.003393559994182881
2,805,0.003393559994182881
2,806,0.003393559994182881
2,807,0.003393559994182881
2,808,0.003393559994182881
2,809,0.003393559994182881
2,810,0.003393559994182881
2,811,0.003393559994182881
2,812,0.003393559994182881
2,813,0.003393559994182881
2,814,0.003393559994182881
2,815,0.003393559994182881
2,816,0.003393559994182881
2,817,0.003393559994182881
2,818,0.003393559994182881
2,819,0.003393559994182881
2,820,0.003393559994182881
2,821,0.003393559994182881
2,822,0.003393559994182881
2,823,0.003393559994182881
2,824,0.003393559994182881
2,825,0.003393559994182881
2,826,0.003393559994182881
2,827,0.003393559994182881
2,828,0.003393559994182881
2,829,0.003393559994182881
2,830,0.003393559994182881
2,831,0.003393559994182881
2,832,0.003393559994182881
2,833,0.003393559994182881
2,834,0.003393559994182881
2,835,0.003393559994182881
2,836,0.003393559994182881
2,837,0.003393559994182881
2,838,0.003393559994182881
2,839,0.003393559994182881
2,840,0.003393559994182881
2,841,0.003393559994182881
2,842,0.003393559994182881
2,843,0.003393559994182881
2,844,0.003393559994182881
2,845,0.003393559994182881
2,846,0.003393559994182881
2,847,0.003393559994182881
2,848,0.003393559994182881
2,849,0.003393559994182881
2,850,0.003393559994182881
2,851,0.003393559994182881
2,852,0.003393559994182881
2,853,0.003393559994182881
2,854,0.003393559994182881
2,855,0.003393559994182881
2,856,0.003393559994182881
2,857,0.003393559994182881
2,858,0.003393559994182881
2,859,0.003393559994182881
2,860,0.003393559994182881
2,861,0.003393559994182881
2,862,0.003393559994182881
2,863,0.003393559994182881
2,864,0.003393559994182881
2,865,0.003393559994182881
2,866,0.003393559994182881
2,867,0.003393559994182881
2,868,0.003393559994182881
2,869,0.003393559994182881
2,870,0.003393559994182881
2,871,0.003393559994182881
2,872,0.003393559994182881
2,873,0.003393559994182881
2,874,0.003393559994182881
2,875,0.003393559994182881
2,876,0.003393559994182881
2,877,0.003393559994182881
2,878,0.003393559994182881
2,879,0.003393559994182881
2,880,0.003393559994182881
2,881,0.003393559994182881
2,882,0.003393559994182881
2,883,0.003393559994182881
2,884,0.003393559994182881
2,885,0.003393559994182881
2,886,0.003393559994182881
2,887,0.003393559994182881
2,888,0.003393559994182881
2,889,0.003393559994182881
2,890,0.003393559994182881
2,891,0.003393559994182881
2,892,0.003393559994182881
2,893,0.003393559994182881
2,894,0.003393559994182881
2,895,0.003393559994182881
2,896,0.003393559994182881
2,897,0.003393559994182881
2,898,0.003393559994182881
2,899,0.003393559994182881
2,900,0.003393559994182881
2,901,0.003393559994182881
2,902,0.003393559994182881
2,903,0.003393559994182881
2,904,0.003393559994182881
2,905,0.003393559994182881
2,906,0.003393559994182881
2,907,0.003393559994182881
2,908,0.003393559994182881
2,909,0.003393559994182881
2,910,0.003393559994182881
2,911,0.003393559994182881
2,912,0.003393559994182881
2,913,0.003393559994182881
2,914,0.003393559994182881
2,915,0.003393559994182881
2,916,0.003393559994182881
2,917,0.003393559994182881
2,918,0.003393559994182881
2,919,0.003393559994182881
2,920,0.003393559994182881
2,921,0.003393559994182881
2,922,0.003393559994182881
2,923,0.003393559994182881
2,924,0.003393559994182881
2,925,0.003393559994182881
2,926,0.003393559994182881
2,927,0.003393559994182881
2,928,0.003393559994182881
2,929,0.003393559994182881
2,930,0.003393559994182881
2,931,0.003393559994182881
2,932,0.003393559994182881
2,933,0.003393559994182881
2,934,0.003393559994182881
2,935,0.003393559994182881
2,936,0.003393559994182881
2,937,0.003393559994182881
2,938,0.003393559994182881
2,939,0.003393559994182881
2,940,0.003393559994182881
2,941,0.003393559994182881
2,942,0.003393559994182881
2,943,0.003393559994182881
2,944,0.003393559994182881
2,945,0.003393559994182881
2,946,0.003393559994182881
2,947,0.003393559994182881
2,948,0.003393559994182881
2,949,0.003393559994182881
2,950,0.003393559994182881
2,951,0.003393559994182881
2,952,0.003393559994182881
2,953,0.003393559994182881
2,954,0.003393559994182881
2,955,0.003393559994182881
2,956,0.003393559994182881
2,957,0.003393559994182881
2,958,0.003393559994182881
2,959,0.003393559994182881
2,960,0.003393559994182881
2,961,0.003393559994182881
2,962,0.003393559994182881
2,963,0.003393559994182881
2,964,0.003393559994182881
2,965,0.003393559994182881
2,966,0.003393559994182881
2,967,0.003393559994182881
2,968,0.003393559994182881
2,969,0.003393559994182881
2,970,0.003393559994182881
2,971,0.003393559994182881
2,972,0.003393559994182881
2,973,0.003393559994182881
2,974,0.003393559994182881
2,975,0.003393559994182881
2,976,0.003393559994182881
2,977,0.003393559994182881
2,978,0.003393559994182881
2,979,0.003393559994182881
2,980,0.003393559994182881
2,981,0.003393559994182881
2,982,0.003393559994182881
2,983,0.003393559994182881
2,984,0.003393559994182881
2,985,0.003393559994182881
2,986,0.003393559994182881
2,987,0.003393559994182881
2,988,0.003393559994182881
2,989,0.003393559994182881
2,990,0.003393559994182881
2,991,0.003393559994182881
2,992,0.003393559994182881
2,993,0.003393559994182881
2,994,0.003393559994182881
2,995,0.003393559994182881
2,996,0.003393559994182881
2,997,0.003393559994182881
2,998,0.003393559994182881
2,999,0.003393559994182881
2,1000,0.003393559994182881
2,1001,0.003393559994182881
2,1002,0.003393559994182881
2,1003,0.003393559994182881
2,1004,0.003393559994182881
2,1005,0.003393559994182881
2,1006,0.003393559994182881
2,1007,0.003393559994182881
2,1008,0.003393559994182881
2,1009,0.003393559994182881
2,1010,0.003393559994182881
2,1011,0.003393559994182881
2,1012,0.003393559994182881
2,1013,0.003393559994182881
2,1014,0.003393559994182881
2,1015,0.003393559994182881
2,1016,0.003393559994182881
2,1017,0.003393559994182881
2,1018,0.003393559994182881
2,1019,0.003393559994182881
2,1020,0.003393559994182881
2,1021,0.003393559994182881
2,1022,0.003393559994182881
2,1023,0.003393559994182881
2,1024,0.003393559994182881
2,1025,0.003393559994182881
2,1026,0.003393559994182881
2,1027,0.003393559994182881
2,1028,0.003393559994182881
2,1029,0.003393559994182881
2,1030,0.003393559994182881
2,1031,0.003393559994182881
2,1032,0.003393559994182881
2,1033,0.003393559994182881
2,1034,0.003393559994182881
2,1035,0.003393559994182881
2,1036,0.003393559994182881
2,1037,0.003393559994182881
2,1038,0.003393559994182881
2,1039,0.003393559994182881
2,1040,0.003393559994182881
2,1041,0.003393559994182881
2,1042,0.003393559994182881
2,1043,0.003393559994182881
2,1044,0.003393559994182881
2,1045,0.003393559994182881
2,1046,0.003393559994182881
2,1047,0.003393559994182881
2,1048,0.003393559994182881
2,1049,0.003393559994182881
2,1050,0.003393559994182881
2,1051,0.003393559994182881
2,1052,0.003393559994182881
2,1053,0.003393559994182881
2,1054,0.003393559994182881
2,1055,0.003393559994182881
2,1056,0.003393559994182881
2,1057,0.003393559994182881
2,1058,0.003393559994182881
2,1059,0.003393559994182881
2,1060,0.003393559994182881
2,1061,0.003393559994182881
2,1062,0.003393559994182881
2,1063,0.003393559994182881
2,1064,0.003393559994182881
2,1065,0.003393559994182881
2,1066,0.003393559994182881
2,1067,0.003393559994182881
2,1068,0.003393559994182881
2,1069,0.003393559994182881
2,1070,0.003393559994182881
2,1071,0.003393559994182881
2,1072,0.003393559994182881
2,1073,0.003393559994182881
2,1074,0.003393559994182881
2,1075,0.003393559994182881
2,1076,0.003393559994182881
2,1077,0.003393559994182881
2,1078,0.003393559994182881
2,1079,0.003393559994182881
2,1080,0.003393559994182881
2,1081,0.003393559994182881
2,1082,0.003393559994182881
2,1083,0.003393559994182881
2,1084,0.003393559994182881
2,1085,0.003393559994182881
2,1086,0.003393559994182881
2,1087,0.003393559994182881
2,1088,0.003393559994182881
2,1089,0.003393559994182881
2,1090,0.003393559994182881
2,1091,0.003393559994182881
2,1092,0.003393559994182881
2,1093,0.003393559994182881
2,1094,0.003393559994182881
2,1095,0.003393559994182881
2,1096,0.003393559994182881
2,1097,0.003393559994182881
2,1098,0.003393559994182881
2,1099,0.003393559994182881
2,1100,0.003393559994182881
2,1101,0.003393559994182881
2,1102,0.003393559994182881
2,1103,0.003393559994182881
2,1104,0.003393559994182881
2,1105,0.003393559994182881
2,1106,0.003393559994182881
2,1107,0.003393559994182881
2,1108,0.003393559994182881
2,1109,0.003393559994182881
2,1110,0.003393559994182881
2,1111,0.003393559994182881
2,1112,0.003393559994182881
2,1113,0.003393559994182881
2,1114,0.003393559994182881
2,1115,0.003393559994182881
2,1116,0.003393559994182881
2,1117,0.003393559994182881
2,1118,0.003393559994182881
2,1119,0.003393559994182881
2,1120,0.003393559994182881
2,1121,0.003393559994182881
2,1122,0.003393559994182881
2,1123,0.003393559994182881
2,1124,0.003393559994182881
2,1125,0.003393559994182881
2,1126,0.003393559994182881
2,1127,0.003393559994182881
2,1128,0.003393559994182881
2,1129,0.003393559994182881
2,1130,0.003393559994182881
2,1131,0.003393559994182881
2,1132,0.003393559994182881
2,1133,0.003393559994182881
2,1134,0.003393559994182881
2,1135,0.003393559994182881
2,1136,0.003393559994182881
2,1137,0.003393559994182881
2,1138,0.003393559994182881
2,1139,0.003393559994182881
2,1140,0.003393559994182881
2,1141,0.003393559994182881
2,1142,0.003393559994182881
2,1143,0.003393559994182881
2,1144,0.003393559994182881
2,1145,0.003393559994182881
2,1146,0.003393559994182881
2,1147,0.003393559994182881
2,1148,0.003393559994182881
2,1149,0.003393559994182881
2,1150,0.003393559994182881
2,1151,0.003393559994182881
2,1152,0.003393559994182881
2,1153,0.003393559994182881
2,1154,0.003393559994182881
2,1155,0.003393559994182881
2,1156,0.003393559994182881
2,1157,0.003393559994182881
2,1158,0.003393559994182881
2,1159,0.003393559994182881
2,1160,0.003393559994182881
2,1161,0.003393559994182881
2,1162,0.003393559994182881
2,1163,0.003393559994182881
2,1164,0.003393559994182881
2,1165,0.003393559994182881
2,1166,0.003393559994182881
2,1167,0.003393559994182881
2,1168,0.003393559994182881
2,1169,0.003393559994182881
2,1170,0.003393559994182881
2,1171,0.003393559994182881
2,1172,0.003393559994182881
2,1173,0.003393559994182881
2,1174,0.003393559994182881
2,1175,0.003393559994182881
2,1176,0.003393559994182881
2,1177,0.003393559994182881
2,1178,0.003393559994182881
2,1179,0.003393559994182881
2,1180,0.003393559994182881
2,1181,0.003393559994182881
2,1182,0.003393559994182881
2,1183,0.003393559994182881
2,1184,0.003393559994182881
2,1185,0.003393559994182881
2,1186,0.003393559994182881
2,1187,0.003393559994182881
2,1188,0.003393559994182881
2,1189,0.003393559994182881
2,1190,0.003393559994182881
2,1191,0.003393559994182881
2,1192,0.003393559994182881
2,1193,0.003393559994182881
2,1194,0.003393559994182881
2,1195,0.003393559994182881
2,1196,0.003393559994182881
2,1197,0.003393559994182881
2,1198,0.003393559994182881
2,1199,0.003393559994182881
2,1200,0.003393559994182881
2,1201,0.003393559994182881
2,1202,0.003393559994182881
2,1203,0.003393559994182881
2,1204,0.003393559994182881
2,1205,0.003393559994182881
2,1206,0.003393559994182881
2,1207,0.003393559994182881
2,1208,0.003393559994182881
2,1209,0.003393559994182881
2,1210,0.003393559994182881
2,1211,0.003393559994182881
2,1212,0.003393559994182881
2,1213,0.003393559994182881
2,1214,0.003393559994182881
2,1215,0.003393559994182881
2,1216,0.003393559994182881
2,1217,0.003393559994182881
2,1218,0.003393559994182881
2,1219,0.003393559994182881
2,1220,0.003393559994182881
2,1221,0.003393559994182881
2,1222,0.003393559994182881
2,1223,0.003393559994182881
2,1224,0.003393559994182881
2,1225,0.003393559994182881
2,1226,0.003393559994182881
2,1227,0.003393559994182881
2,1228,0.003393559994182881
2,1229,0.003393559994182881
2,1230,0.003393559994182881
2,1231,0.003393559994182881
2,1232,0.003393559994182881
2,1233,0.003393559994182881
2,1234,0.003393559994182881
2,1235,0.003393559994182881
2,1236,0.003393559994182881
2,1237,0.003393559994182881
2,1238,0.003393559994182881
2,1239,0.003393559994182881
2,1240,0.003393559994182881
2,1241,0.003393559994182881
2,1242,0.003393559994182881
2,1243,0.003393559994182881
2,1244,0.003393559994182881
2,1245,0.003393559994182881
2,1246,0.003393559994182881
2,1247,0.003393559994182881
2,1248,0.003393559994182881
2,1249,0.003393559994182881
2,1250,0.003393559994182881
2,1251,0.003393559994182881
2,1252,0.003393559994182881
2,1253,0.003393559994182881
2,1254,0.003393559994182881
2,1255,0.003393559994182881
2,1256,0.003393559994182881
2,1257,0.003393559994182881
2,1258,0.003393559994182881
2,1259,0.003393559994182881
2,1260,0.003393559994182881
2,1261,0.003393559994182881
2,1262,0.003393559994182881
2,1263,0.003393559994182881
2,1264,0.003393559994182881
2,1265,0.003393559994182881
2,1266,0.003393559994182881
2,1267,0.003393559994182881
2,1268,0.003393559994182881
2,1269,0.003393559994182881
2,1270,0.003393559994182881
2,1271,0.003393559994182881
2,1272,0.003393559994182881
2,1273,0.003393559994182881
2,1274,0.003393559994182881
2,1275,0.003393559994182881
2,1276,0.003393559994182881
2,1277,0.003393559994182881
2,1278,0.003393559994182881
2,1279,0.003393559994182881
2,1280,0.003393559994182881
2,1281,0.003393559994182881
2,1282,0.003393559994182881
2,1283,0.003393559994182881
2,1284,0.003393559994182881
2,1285,0.003393559994182881
2,1286,0.003393559994182881
2,1287,0.003393559994182881
2,1288,0.003393559994182881
2,1289,0.003393559994182881
2,1290,0.003393559994182881
2,1291,0.003393559994182881
2,1292,0.003393559994182881
2,1293,0.003393559994182881
2,1294,0.003393559994182881
2,1295,0.003393559994182881
2,1296,0.003393559994182881
2,1297,0.003393559994182881
2,1298,0.003393559994182881
2,1299,0.003393559994182881
2,1300,0.003393559994182881
2,1301,0.003393559994182881
2,1302,0.003393559994182881
2,1303,0.003393559994182881
2,1304,0.003393559994182881
2,1305,0.003393559994182881
2,1306,0.003393559994182881
2,1307,0.003393559994182881
2,1308,0.003393559994182881
2,1309,0.003393559994182881
2,1310,0.003393559994182881
2,1311,0.003393559994182881
2,1312,0.003393559994182881
2,1313,0.003393559994182881
2,1314,0.003393559994182881
2,1315,0.003393559994182881
2,1316,0.003393559994182881
2,1317,0.003393559994182881
2,1318,0.003393559994182881
2,1319,0.003393559994182881
2,1320,0.003393559994182881
2,1321,0.003393559994182881
2,1322,0.003393559994182881
2,1323,0.003393559994182881
2,1324,0.003393559994182881
2,1325,0.003393559994182881
2,1326,0.003393559994182881
2,1327,0.003393559994182881
2,1328,0.003393559994182881
2,1329,0.003393559994182881
2,1330,0.003393559994182881
2,1331,0.003393559994182881
2,1332,0.003393559994182881
2,1333,0.003393559994182881
2,1334,0.003393559994182881
2,1335,0.003393559994182881
2,1336,0.003393559994182881
2,1337,0.003393559994182881
2,1338,0.003393559994182881
2,1339,0.003393559994182881
2,1340,0.003393559994182881
2,1341,0.003393559994182881
2,1342,0.003393559994182881
2,1343,0.003393559994182881
2,1344,0.003393559994182881
2,1345,0.003393559994182881
2,1346,0.003393559994182881
2,1347,0.003393559994182881
2,1348,0.003393559994182881
2,1349,0.003393559994182881
2,1350,0.003393559994182881
2,1351,0.003393559994182881
2,1352,0.003393559994182881
2,1353,0.003393559994182881
2,1354,0.003393559994182881
2,1355,0.003393559994182881
2,1356,0.003393559994182881
2,1357,0.003393559994182881
2,1358,0.003393559994182881
2,1359,0.003393559994182881
2,1360,0.003393559994182881
2,1361,0.003393559994182881
2,1362,0.003393559994182881
2,1363,0.003393559994182881
2,1364,0.003393559994182881
2,1365,0.003393559994182881
2,1366,0.003393559994182881
2,1367,0.003393559994182881
2,1368,0.003393559994182881
2,1369,0.003393559994182881
2,1370,0.003393559994182881
2,1371,0.003393559994182881
2,1372,0.003393559994182881
2,1373,0.003393559994182881
2,1374,0.003393559994182881
2,1375,0.003393559994182881
2,1376,0.003393559994182881
2,1377,0.003393559994182881
2,1378,0.003393559994182881
2,1379,0.003393559994182881
2,1380,0.003393559994182881
2,1381,0.003393559994182881
2,1382,0.003393559994182881
2,1383,0.003393559994182881
2,1384,0.003393559994182881
2,1385,0.003393559994182881
2,1386,0.003393559994182881
2,1387,0.003393559994182881
2,1388,0.003393559994182881
2,1389,0.003393559994182881
2,1390,0.003393559994182881
2,1391,0.003393559994182881
2,1392,0.003393559994182881
2,1393,0.003393559994182881
2,1394,0.003393559994182881
2,1395,0.003393559994182881
2,1396,0.003393559994182881
2,1397,0.003393559994182881
2,1398,0.003393559994182881
2,1399,0.003393559994182881
2,1400,0.003393559994182881
2,1401,0.003393559994182881
2,1402,0.003393559994182881
2,1403,0.003393559994182881
2,1404,0.003393559994182881
2,1405,0.003393559994182881
2,1406,0.003393559994182881
2,1407,0.003393559994182881
2,1408,0.003393559994182881
2,1409,0.003393559994182881
2,1410,0.003393559994182881
2,1411,0.003393559994182881
2,1412,0.003393559994182881
2,1413,0.003393559994182881
2,1414,0.003393559994182881
2,1415,0.003393559994182881
2,1416,0.003393559994182881
2,1417,0.003393559994182881
2,1418,0.003393559994182881
2,1419,0.003393559994182881
2,1420,0.003393559994182881
2,1421,0.003393559994182881
2,1422,0.003393559994182881
2,1423,0.003393559994182881
2,1424,0.003393559994182881
2,1425,0.003393559994182881
2,1426,0.003393559994182881
2,1427,0.003393559994182881
2,1428,0.003393559994182881
2,1429,0.003393559994182881
2,1430,0.003393559994182881
2,1431,0.003393559994182881
2,1432,0.003393559994182881
2,1433,0.003393559994182881
2,1434,0.003393559994182881
2,1435,0.003393559994182881
2,1436,0.003393559994182881
2,1437,0.003393559994182881
2,1438,0.003393559994182881
2,1439,0.003393559994182881
2,1440,0.003393559994182881
2,1441,0.003393559994182881
2,1442,0.003393559994182881
2,1443,0.003393559994182881
2,1444,0.003393559994182881
2,1445,0.003393559994182881
2,1446,0.003393559994182881
2,1447,0.003393559994182881
2,1448,0.003393559994182881
2,1449,0.003393559994182881
2,1450,0.003393559994182881
2,1451,0.003393559994182881
2,1452,0.003393559994182881
2,1453,0.003393559994182881
2,1454,0.003393559994182881
2,1455,0.003393559994182881
2,1456,0.003393559994182881
2,1457,0.003393559994182881
2,1458,0.003393559994182881
2,1459,0.003393559994182881
2,1460,0.003393559994182881
2,1461,0.003393559994182881
2,1462,0.003393559994182881
2,1463,0.003393559994182881
2,1464,0.003393559994182881
2,1465,0.003393559994182881
2,1466,0.003393559994182881
2,1467,0.003393559994182881
2,1468,0.003393559994182881
2,1469,0.003393559994182881
2,1470,0.003393559994182881
2,1471,0.003393559994182881
2,1472,0.003393559994182881
2,1473,0.003393559994182881
2,1474,0.003393559994182881
2,1475,0.003393559994182881
2,1476,0.003393559994182881
2,1477,0.003393559994182881
2,1478,0.003393559994182881
2,1479,0.003393559994182881
2,1480,0.003393559994182881
2,1481,0.003393559994182881
2,1482,0.003393559994182881
2,1483,0.003393559994182881
2,1484,0.003393559994182881
2,1485,0.003393559994182881
2,1486,0.003393559994182881
2,1487,0.003393559994182881
2,1488,0.003393559994182881
2,1489,0.003393559994182881
2,1490,0.003393559994182881
2,1491,0.003393559994182881
2,1492,0.003393559994182881
2,1493,0.003393559994182881
2,1494,0.003393559994182881
2,1495,0.003393559994182881
2,1496,0.003393559994182881
2,1497,0.003393559994182881
2,1498,0.003393559994182881
2,1499,0.003393559994182881
2,1500,0.003393559994182881
2,1501,0.003393559994182881
2,1502,0.003393559994182881
2,1503,0.003393559994182881
2,1504,0.003393559994182881
2,1505,0.003393559994182881
2,1506,0.003393559994182881
2,1507,0.003393559994182881
2,1508,0.003393559994182881
2,1509,0.003393559994182881
2,1510,0.003393559994182881
2,1511,0.003393559994182881
2,1512,0.003393559994182881
2,1513,0.003393559994182881
2,1514,0.003393559994182881
2,1515,0.003393559994182881
2,1516,0.003393559994182881
2,1517,0.003393559994182881
2,1518,0.003393559994182881
2,1519,0.003393559994182881
2,1520,0.003393559994182881
2,1521,0.003393559994182881
2,1522,0.003393559994182881
2,1523,0.003393559994182881
2,1524,0.003393559994182881
2,1525,0.003393559994182881
2,1526,0.003393559994182881
2,1527,0.003393559994182881
2,1528,0.003393559994182881
2,1529,0.003393559994182881
2,1530,0.003393559994182881
2,1531,0.003393559994182881
2,1532,0.003393559994182881
2,1533,0.003393559994182881
2,1534,0.003393559994182881
2,1535,0.003393559994182881
2,1536,0.003393559994182881
2,1537,0.003393559994182881
2,1538,0.003393559994182881
2,1539,0.003393559994182881
2,1540,0.003393559994182881
2,1541,0.003393559994182881
2,1542,0.003393559994182881
2,1543,0.003393559994182881
2,1544,0.003393559994182881
2,1545,0.003393559994182881
2,1546,0.003393559994182881
2,1547,0.003393559994182881
2,1548,0.003393559994182881
2,1549,0.003393559994182881
2,1550,0.003393559994182881
2,1551,0.003393559994182881
2,1552,0.003393559994182881
2,1553,0.003393559994182881
2,1554,0.003393559994182881
2,1555,0.003393559994182881
2,1556,0.003393559994182881
2,1557,0.003393559994182881
2,1558,0.003393559994182881
2,1559,0.003393559994182881
2,1560,0.003393559994182881
2,1561,0.003393559994182881
2,1562,0.003393559994182881
2,1563,0.003393559994182881
2,1564,0.003393559994182881
2,1565,0.003393559994182881
2,1566,0.003393559994182881
2,1567,0.003393559994182881
2,1568,0.003393559994182881
2,1569,0.003393559994182881
2,1570,0.003393559994182881
2,1571,0.003393559994182881
2,1572,0.003393559994182881
2,1573,0.003393559994182881
2,1574,0.003393559994182881
2,1575,0.003393559994182881
2,1576,0.003393559994182881
2,1577,0.003393559994182881
2,1578,0.003393559994182881
2,1579,0.003393559994182881
2,1580,0.003393559994182881
2,1581,0.003393559994182881
2,1582,0.003393559994182881
2,1583,0.003393559994182881
2,1584,0.003393559994182881
2,1585,0.003393559994182881
2,1586,0.003393559994182881
2,1587,0.003393559994182881
2,1588,0.003393559994182881
2,1589,0.003393559994182881
2,1590,0.003393559994182881
2,1591,0.003393559994182881
2,1592,0.003393559994182881
2,1593,0.003393559994182881
2,1594,0.003393559994182881
2,1595,0.003393559994182881
2,1596,0.003393559994182881
2,1597,0.003393559994182881
2,1598,0.003393559994182881
2,1599,0.003393559994182881
2,1600,0.003393559994182881
2,1601,0.003393559994182881
2,1602,0.003393559994182881
2,1603,0.003393559994182881
2,1604,0.003393559994182881
2,1605,0.003393559994182881
2,1606,0.003393559994182881
2,1607,0.003393559994182881
2,1608,0.003393559994182881
2,1609,0.003393559994182881
2,1610,0.003393559994182881
2,1611,0.003393559994182881
2,1612,0.003393559994182881
2,1613,0.003393559994182881
2,1614,0.003393559994182881
2,1615,0.003393559994182881
2,1616,0.003393559994182881
2,1617,0.003393559994182881
2,1618,0.003393559994182881
2,1619,0.003393559994182881
2,1620,0.003393559994182881
2,1621,0.003393559994182881
2,1622,0.003393559994182881
2,1623,0.003393559994182881
2,1624,0.003393559994182881
2,1625,0.003393559994182881
2,1626,0.003393559994182881
2,1627,0.003393559994182881
2,1628,0.003393559994182881
2,1629,0.003393559994182881
2,1630,0.003393559994182881
2,1631,0.003393559994182881
2,1632,0.003393559994182881
2,1633,0.003393559994182881
2,1634,0.003393559994182881
2,1635,0.003393559994182881
2,1636,0.003393559994182881
2,1637,0.003393559994182881
2,1638,0.003393559994182881
2,1639,0.003393559994182881
2,1640,0.003393559994182881
2,1641,0.003393559994182881
2,1642,0.003393559994182881
2,1643,0.003393559994182881
2,1644,0.003393559994182881
2,1645,0.003393559994182881
2,1646,0.003393559994182881
2,1647,0.003393559994182881
2,1648,0.003393559994182881
2,1649,0.003393559994182881
2,1650,0.003393559994182881
2,1651,0.003393559994182881
2,1652,0.003393559994182881
2,1653,0.003393559994182881
2,1654,0.003393559994182881
2,1655,0.003393559994182881
2,1656,0.003393559994182881
2,1657,0.003393559994182881
2,1658,0.003393559994182881
2,1659,0.003393559994182881
2,1660,0.003393559994182881
2,1661,0.003393559994182881
2,1662,0.003393559994182881
2,1663,0.003393559994182881
2,1664,0.003393559994182881
2,1665,0.003393559994182881
2,1666,0.003393559994182881
2,1667,0.003393559994182881
2,1668,0.003393559994182881
2,1669,0.003393559994182881
2,1670,0.003393559994182881
2,1671,0.003393559994182881
2,1672,0.003393559994182881
2,1673,0.003393559994182881
2,1674,0.003393559994182881
2,1675,0.003393559994182881
2,1676,0.003393559994182881
2,1677,0.003393559994182881
2,1678,0.003393559994182881
2,1679,0.003393559994182881
2,1680,0.003393559994182881
2,1681,0.003393559994182881
2,1682,0.003393559994182881
2,1683,0.003393559994182881
2,1684,0.003393559994182881
2,1685,0.003393559994182881
2,1686,0.003393559994182881
2,1687,0.003393559994182881
2,1688,0.003393559994182881
2,1689,0.003393559994182881
2,1690,0.003393559994182881
2,1691,0.003393559994182881
2,1692,0.003393559994182881
2,1693,0.003393559994182881
2,1694,0.003393559994182881
2,1695,0.003393559994182881
2,1696,0.003393559994182881
2,1697,0.003393559994182881
2,1698,0.003393559994182881
2,1699,0.003393559994182881
2,1700,0.003393559994182881
2,1701,0.003393559994182881
2,1702,0.003393559994182881
2,1703,0.003393559994182881
2,1704,0.003393559994182881
2,1705,0.003393559994182881
2,1706,0.003393559994182881
2,1707,0.003393559994182881
2,1708,0.003393559994182881
2,1709,0.003393559994182881
2,1710,0.003393559994182881
2,1711,0.003393559994182881
2,1712,0.003393559994182881
2,1713,0.003393559994182881
2,1714,0.003393559994182881
2,1715,0.003393559994182881
2,1716,0.003393559994182881
2,1717,0.003393559994182881
2,1718,0.003393559994182881
2,1719,0.003393559994182881
2,1720,0.003393559994182881
2,1721,0.003393559994182881
2,1722,0.003393559994182881
2,1723,0.003393559994182881
2,1724,0.003393559994182881
2,1725,0.003393559994182881
2,1726,0.003393559994182881
2,1727,0.003393559994182881
2,1728,0.003393559994182881
2,1729,0.003393559994182881
2,1730,0.003393559994182881
2,1731,0.003393559994182881
2,1732,0.003393559994182881
2,1733,0.003393559994182881
2,1734,0.003393559994182881
2,1735,0.003393559994182881
2,1736,0.003393559994182881
2,1737,0.003393559994182881
2,1738,0.003393559994182881
2,1739,0.003393559994182881
2,1740,0.003393559994182881
2,1741,0.003393559994182881
2,1742,0.003393559994182881
2,1743,0.003393559994182881
2,1744,0.003393559994182881
2,1745,0.003393559994182881
2,1746,0.003393559994182881
2,1747,0.003393559994182881
2,1748,0.003393559994182881
2,1749,0.003393559994182881
2,1750,0.003393559994182881
2,1751,0.003393559994182881
2,1752,0.003393559994182881
2,1753,0.003393559994182881
2,1754,0.003393559994182881
2,1755,0.003393559994182881
2,1756,0.003393559994182881
2,1757,0.003393559994182881
2,1758,0.003393559994182881
2,1759,0.003393559994182881
2,1760,0.003393559994182881
2,1761,0.003393559994182881
2,1762,0.003393559994182881
2,1763,0.003393559994182881
2,1764,0.003393559994182881
2,1765,0.003393559994182881
2,1766,0.003393559994182881
2,1767,0.003393559994182881
2,1768,0.003393559994182881
2,1769,0.003393559994182881
2,1770,0.003393559994182881
2,1771,0.003393559994182881
2,1772,0.003393559994182881
2,1773,0.003393559994182881
2,1774,0.003393559994182881
2,1775,0.003393559994182881
2,1776,0.003393559994182881
2,1777,0.003393559994182881
2,1778,0.003393559994182881
2,1779,0.003393559994182881
2,1780,0.003393559994182881
2,1781,0.003393559994182881
2,1782,0.003393559994182881
2,1783,0.003393559994182881
2,1784,0.003393559994182881
2,1785,0.003393559994182881
2,1786,0.003393559994182881
2,1787,0.003393559994182881
2,1788,0.003393559994182881
2,1789,0.003393559994182881
2,1790,0.003393559994182881
2,1791,0.003393559994182881
2,1792,0.003393559994182881
2,1793,0.003393559994182881
2,1794,0.003393559994182881
2,1795,0.003393559994182881
2,1796,0.003393559994182881
2,1797,0.003393559994182881
2,1798,0.003393559994182881
2,1799,0.003393559994182881
2,1800,0.003393559994182881
2,1801,0.003393559994182881
2,1802,0.003393559994182881
2,1803,0.003393559994182881
2,1804,0.003393559994182881
2,1805,0.003393559994182881
2,1806,0.003393559994182881
2,1807,0.003393559994182881
2,1808,0.003393559994182881
2,1809,0.003393559994182881
2,1810,0.003393559994182881
2,1811,0.003393559994182881
2,1812,0.003393559994182881
2,1813,0.003393559994182881
2,1814,0.003393559994182881
2,1815,0.003393559994182881
2,1816,0.003393559994182881
2,1817,0.003393559994182881
2,1818,0.003393559994182881
2,1819,0.003393559994182881
2,1820,0.003393559994182881
2,1821,0.003393559994182881
2,1822,0.003393559994182881
2,1823,0.003393559994182881
2,1824,0.003393559994182881
2,1825,0.003393559994182881
2,1826,0.003393559994182881
2,1827,0.003393559994182881
2,1828,0.003393559994182881
2,1829,0.003393559994182881
2,1830,0.003393559994182881
2,1831,0.003393559994182881
2,1832,0.003393559994182881
2,1833,0.003393559994182881
2,1834,0.003393559994182881
2,1835,0.003393559994182881
2,1836,0.003393559994182881
2,1837,0.003393559994182881
2,1838,0.003393559994182881
2,1839,0.003393559994182881
2,1840,0.003393559994182881
2,1841,0.003393559994182881
2,1842,0.003393559994182881
2,1843,0.003393559994182881
2,1844,0.003393559994182881
2,1845,0.003393559994182881
2,1846,0.003393559994182881
2,1847,0.003393559994182881
2,1848,0.003393559994182881
2,1849,0.003393559994182881
2,1850,0.003393559994182881
2,1851,0.003393559994182881
2,1852,0.003393559994182881
2,1853,0.003393559994182881
2,1854,0.003393559994182881
2,1855,0.003393559994182881
2,1856,0.003393559994182881
2,1857,0.003393559994182881
2,1858,0.003393559994182881
2,1859,0.003393559994182881
2,1860,0.003393559994182881
2,1861,0.003393559994182881
2,1862,0.003393559994182881
2,1863,0.003393559994182881
2,1864,0.003393559994182881
2,1865,0.003393559994182881
2,1866,0.003393559994182881
2,1867,0.003393559994182881
2,1868,0.003393559994182881
2,1869,0.003393559994182881
2,1870,0.003393559994182881
2,1871,0.003393559994182881
2,1872,0.003393559994182881
2,1873,0.003393559994182881
2,1874,0.003393559994182881
2,1875,0.003393559994182881
2,1876,0.003393559994182881
2,1877,0.003393559994182881
2,1878,0.003393559994182881
2,1879,0.003393559994182881
2,1880,0.003393559994182881
2,1881,0.003393559994182881
2,1882,0.003393559994182881
2,1883,0.003393559994182881
2,1884,0.003393559994182881
2,1885,0.003393559994182881
2,1886,0.003393559994182881
2,1887,0.003393559994182881
2,1888,0.003393559994182881
2,1889,0.003393559994182881
2,1890,0.003393559994182881
2,1891,0.003393559994182881
2,1892,0.003393559994182881
2,1893,0.003393559994182881
2,1894,0.003393559994182881
2,1895,0.003393559994182881
2,1896,0.003393559994182881
2,1897,0.003393559994182881
2,1898,0.003393559994182881
2,1899,0.003393559994182881
2,1900,0.003393559994182881
2,1901,0.003393559994182881
2,1902,0.003393559994182881
2,1903,0.003393559994182881
2,1904,0.003393559994182881
2,1905,0.003393559994182881
2,1906,0.003393559994182881
2,1907,0.003393559994182881
2,1908,0.003393559994182881
2,1909,0.003393559994182881
2,1910,0.003393559994182881
2,1911,0.003393559994182881
2,1912,0.003393559994182881
2,1913,0.003393559994182881
2,1914,0.003393559994182881
2,1915,0.003393559994182881
2,1916,0.003393559994182881
2,1917,0.003393559994182881
2,1918,0.003393559994182881
2,1919,0.003393559994182881
2,1920,0.003393559994182881
2,1921,0.003393559994182881
2,1922,0.003393559994182881
2,1923,0.003393559994182881
2,1924,0.003393559994182881
2,1925,0.003393559994182881
2,1926,0.003393559994182881
2,1927,0.003393559994182881
2,1928,0.003393559994182881
2,1929,0.003393559994182881
2,1930,0.003393559994182881
2,1931,0.003393559994182881
2,1932,0.003393559994182881
2,1933,0.003393559994182881
2,1934,0.003393559994182881
2,1935,0.003393559994182881
2,1936,0.003393559994182881
2,1937,0.003393559994182881
2,1938,0.003393559994182881
2,1939,0.003393559994182881
2,1940,0.003393559994182881
2,1941,0.003393559994182881
2,1942,0.003393559994182881
2,1943,0.003393559994182881
2,1944,0.003393559994182881
2,1945,0.003393559994182881
2,1946,0.003393559994182881
2,1947,0.003393559994182881
2,1948,0.003393559994182881
2,1949,0.003393559994182881
2,1950,0.003393559994182881
2,1951,0.003393559994182881
2,1952,0.003393559994182881
2,1953,0.003393559994182881
2,1954,0.003393559994182881
2,1955,0.003393559994182881
2,1956,0.003393559994182881
2,1957,0.003393559994182881
2,1958,0.003393559994182881
2,1959,0.003393559994182881
2,1960,0.003393559994182881
2,1961,0.003393559994182881
2,1962,0.003393559994182881
2,1963,0.003393559994182881
2,1964,0.003393559994182881
2,1965,0.003393559994182881
2,1966,0.003393559994182881
2,1967,0.003393559994182881
2,1968,0.003393559994182881
2,1969,0.003393559994182881
2,1970,0.003393559994182881
2,1971,0.003393559994182881
2,1972,0.003393559994182881
2,1973,0.003393559994182881
2,1974,0.003393559994182881
2,1975,0.003393559994182881
2,1976,0.003393559994182881
2,1977,0.003393559994182881
2,1978,0.003393559994182881
2,1979,0.003393559994182881
2,1980,0.003393559994182881
2,1981,0.003393559994182881
2,1982,0.003393559994182881
2,1983,0.003393559994182881
2,1984,0.003393559994182881
2,1985,0.003393559994182881
2,1986,0.003393559994182881
2,1987,0.003393559994182881
2,1988,0.003393559994182881
2,1989,0.003393559994182881
2,1990,0.003393559994182881
2,1991,0.003393559994182881
2,1992,0.003393559994182881
2,1993,0.003393559994182881
2,1994,0.003393559994182881
2,1995,0.003393559994182881
2,1996,0.003393559994182881
2,1997,0.003393559994182881
2,1998,0.003393559994182881
2,1999,0.003393559994182881
3,0,0.002064247625049205
3,1,0.002064247625049205
3,2,0.002064247625049205
3,3,0.002064247625049205
3,4,0.002064247625049205
3,5,0.002064247625049205
3,6,0.002064247625049205
3,7,0.002064247625049205
3,8,0.002064247625049205
3,9,0.002064247625049205
3,10,0.002064247625049205
3,11,0.002064247625049205
3,12,0.002064247625049205
3,13,0.002064247625049205
3,14,0.002064247625049205
3,15,0.002064247625049205
3,16,0.002064247625049205
3,17,0.002064247625049205
3,18,0.002064247625049205
3,19,0.002064247625049205
3,20,0.002064247625049205
3,21,0.002064247625049205
3,22,0.002064247625049205
3,23,0.002064247625049205
3,24,0.002064247625049205
3,25,0.002064247625049205
3,26,0.002064247625049205
3,27,0.002064247625049205
3,28,0.002064247625049205
3,29,0.002064247625049205
3,30,0.002064247625049205
3,31,0.002064247625049205
3,32,0.002064247625049205
3,33,0.002064247625049205
3,34,0.002064247625049205
3,35,0.002064247625049205
3,36,0.002064247625049205
3,37,0.002064247625049205
3,38,0.002064247625049205
3,39,0.002064247625049205
3,40,0.002064247625049205
3,41,0.002064247625049205
3,42,0.002064247625049205
3,43,0.002064247625049205
3,44,0.002064247625049205
3,45,0.002064247625049205
3,46,0.002064247625049205
3,47,0.002064247625049205
3,48,0.002064247625049205
3,49,0.002064247625049205
3,50,0.002064247625049205
3,51,0.002064247625049205
3,52,0.002064247625049205
3,53,0.002064247625049205
3,54,0.002064247625049205
3,55,0.002064247625049205
3,56,0.002064247625049205
3,57,0.002064247625049205
3,58,0.002064247625049205
3,59,0.002064247625049205
3,60,0.002064247625049205
3,61,0.002064247625049205
3,62,0.002064247625049205
3,63,0.002064247625049205
3,64,0.002064247625049205
3,65,0.002064247625049205
3,66,0.002064247625049205
3,67,0.002064247625049205
3,68,0.002064247625049205
3,69,0.002064247625049205
3,70,0.002064247625049205
3,71,0.002064247625049205
3,72,0.002064247625049205
3,73,0.002064247625049205
3,74,0.002064247625049205
3,75,0.002064247625049205
3,76,0.002064247625049205
3,77,0.002064247625049205
3,78,0.002064247625049205
3,79,0.002064247625049205
3,80,0.002064247625049205
3,81,0.002064247625049205
3,82,0.002064247625049205
3,83,0.002064247625049205
3,84,0.002064247625049205
3,85,0.002064247625049205
3,86,0.002064247625049205
3,87,0.002064247625049205
3,88,0.002064247625049205
3,89,0.002064247625049205
3,90,0.002064247625049205
3,91,0.002064247625049205
3,92,0.002064247625049205
3,93,0.002064247625049205
3,94,0.002064247625049205
3,95,0.002064247625049205
3,96,0.002064247625049205
3,97,0.002064247625049205
3,98,0.002064247625049205
3,99,0.002064247625049205
3,100,0.002064247625049205
3,101,0.002064247625049205
3,102,0.002064247625049205
3,103,0.002064247625049205
3,104,0.002064247625049205
3,105,0.002064247625049205
3,106,0.002064247625049205
3,107,0.002064247625049205
3,108,0.002064247625049205
3,109,0.002064247625049205
3,110,0.002064247625049205
3,111,0.002064247625049205
3,112,0.002064247625049205
3,113,0.002064247625049205
3,114,0.002064247625049205
3,115,0.002064247625049205
3,116,0.002064247625049205
3,117,0.002064247625049205
3,118,0.002064247625049205
3,119,0.002064247625049205
3,120,0.002064247625049205
3,121,0.002064247625049205
3,122,0.002064247625049205
3,123,0.002064247625049205
3,124,0.002064247625049205
3,125,0.002064247625049205
3,126,0.002064247625049205
3,127,0.002064247625049205
3,128,0.002064247625049205
3,129,0.002064247625049205
3,130,0.002064247625049205
3,131,0.002064247625049205
3,132,0.002064247625049205
3,133,0.002064247625049205
3,134,0.002064247625049205
3,135,0.002064247625049205
3,136,0.002064247625049205
3,137,0.002064247625049205
3,138,0.002064247625049205
3,139,0.002064247625049205
3,140,0.002064247625049205
3,141,0.002064247625049205
3,142,0.002064247625049205
3,143,0.002064247625049205
3,144,0.002064247625049205
3,145,0.002064247625049205
3,146,0.002064247625049205
3,147,0.002064247625049205
3,148,0.002064247625049205
3,149,0.002064247625049205
3,150,0.002064247625049205
3,151,0.002064247625049205
3,152,0.002064247625049205
3,153,0.002064247625049205
3,154,0.002064247625049205
3,155,0.002064247625049205
3,156,0.002064247625049205
3,157,0.002064247625049205
3,158,0.002064247625049205
3,159,0.002064247625049205
3,160,0.002064247625049205
3,161,0.002064247625049205
3,162,0.002064247625049205
3,163,0.002064247625049205
3,164,0.002064247625049205
3,165,0.002064247625049205
3,166,0.002064247625049205
3,167,0.002064247625049205
3,168,0.002064247625049205
3,169,0.002064247625049205
3,170,0.002064247625049205
3,171,0.002064247625049205
3,172,0.002064247625049205
3,173,0.002064247625049205
3,174,0.002064247625049205
3,175,0.002064247625049205
3,176,0.002064247625049205
3,177,0.002064247625049205
3,178,0.002064247625049205
3,179,0.002064247625049205
3,180,0.002064247625049205
3,181,0.002064247625049205
3,182,0.002064247625049205
3,183,0.002064247625049205
3,184,0.002064247625049205
3,185,0.002064247625049205
3,186,0.002064247625049205
3,187,0.002064247625049205
3,188,0.002064247625049205
3,189,0.002064247625049205
3,190,0.002064247625049205
3,191,0.002064247625049205
3,192,0.002064247625049205
3,193,0.002064247625049205
3,194,0.002064247625049205
3,195,0.002064247625049205
3,196,0.002064247625049205
3,197,0.002064247625049205
3,198,0.002064247625049205
3,199,0.002064247625049205
3,200,0.002064247625049205
3,201,0.002064247625049205
3,202,0.002064247625049205
3,203,0.002064247625049205
3,204,0.002064247625049205
3,205,0.002064247625049205
3,206,0.002064247625049205
3,207,0.002064247625049205
3,208,0.002064247625049205
3,209,0.002064247625049205
3,210,0.002064247625049205
3,211,0.002064247625049205
3,212,0.002064247625049205
3,213,0.002064247625049205
3,214,0.002064247625049205
3,215,0.002064247625049205
3,216,0.002064247625049205
3,217,0.002064247625049205
3,218,0.002064247625049205
3,219,0.002064247625049205
3,220,0.002064247625049205
3,221,0.002064247625049205
3,222,0.002064247625049205
3,223,0.002064247625049205
3,224,0.002064247625049205
3,225,0.002064247625049205
3,226,0.002064247625049205
3,227,0.002064247625049205
3,228,0.002064247625049205
3,229,0.002064247625049205
3,230,0.002064247625049205
3,231,0.002064247625049205
3,232,0.002064247625049205
3,233,0.002064247625049205
3,234,0.002064247625049205
3,235,0.002064247625049205
3,236,0.002064247625049205
3,237,0.002064247625049205
3,238,0.002064247625049205
3,239,0.002064247625049205
3,240,0.002064247625049205
3,241,0.002064247625049205
3,242,0.002064247625049205
3,243,0.002064247625049205
3,244,0.002064247625049205
3,245,0.002064247625049205
3,246,0.002064247625049205
3,247,0.002064247625049205
3,248,0.002064247625049205
3,249,0.002064247625049205
3,250,0.002064247625049205
3,251,0.002064247625049205
3,252,0.002064247625049205
3,253,0.002064247625049205
3,254,0.002064247625049205
3,255,0.002064247625049205
3,256,0.002064247625049205
3,257,0.002064247625049205
3,258,0.002064247625049205
3,259,0.002064247625049205
3,260,0.002064247625049205
3,261,0.002064247625049205
3,262,0.002064247625049205
3,263,0.002064247625049205
3,264,0.002064247625049205
3,265,0.002064247625049205
3,266,0.002064247625049205
3,267,0.002064247625049205
3,268,0.002064247625049205
3,269,0.002064247625049205
3,270,0.002064247625049205
3,271,0.002064247625049205
3,272,0.002064247625049205
3,273,0.002064247625049205
3,274,0.002064247625049205
3,275,0.002064247625049205
3,276,0.002064247625049205
3,277,0.002064247625049205
3,278,0.002064247625049205
3,279,0.002064247625049205
3,280,0.002064247625049205
3,281,0.002064247625049205
3,282,0.002064247625049205
3,283,0.002064247625049205
3,284,0.002064247625049205
3,285,0.002064247625049205
3,286,0.002064247625049205
3,287,0.002064247625049205
3,288,0.002064247625049205
3,289,0.002064247625049205
3,290,0.002064247625049205
3,291,0.002064247625049205
3,292,0.002064247625049205
3,293,0.002064247625049205
3,294,0.002064247625049205
3,295,0.002064247625049205
3,296,0.002064247625049205
3,297,0.002064247625049205
3,298,0.002064247625049205
3,299,0.002064247625049205
3,300,0.002064247625049205
3,301,0.002064247625049205
3,302,0.002064247625049205
3,303,0.002064247625049205
3,304,0.002064247625049205
3,305,0.002064247625049205
3,306,0.002064247625049205
3,307,0.002064247625049205
3,308,0.002064247625049205
3,309,0.002064247625049205
3,310,0.002064247625049205
3,311,0.002064247625049205
3,312,0.002064247625049205
3,313,0.002064247625049205
3,314,0.002064247625049205
3,315,0.002064247625049205
3,316,0.002064247625049205
3,317,0.002064247625049205
3,318,0.002064247625049205
3,319,0.002064247625049205
3,320,0.002064247625049205
3,321,0.002064247625049205
3,322,0.002064247625049205
3,323,0.002064247625049205
3,324,0.002064247625049205
3,325,0.002064247625049205
3,326,0.002064247625049205
3,327,0.002064247625049205
3,328,0.002064247625049205
3,329,0.002064247625049205
3,330,0.002064247625049205
3,331,0.002064247625049205
3,332,0.002064247625049205
3,333,0.002064247625049205
3,334,0.002064247625049205
3,335,0.002064247625049205
3,336,0.002064247625049205
3,337,0.002064247625049205
3,338,0.002064247625049205
3,339,0.002064247625049205
3,340,0.002064247625049205
3,341,0.002064247625049205
3,342,0.002064247625049205
3,343,0.002064247625049205
3,344,0.002064247625049205
3,345,0.002064247625049205
3,346,0.002064247625049205
3,347,0.002064247625049205
3,348,0.002064247625049205
3,349,0.002064247625049205
3,350,0.002064247625049205
3,351,0.002064247625049205
3,352,0.002064247625049205
3,353,0.002064247625049205
3,354,0.002064247625049205
3,355,0.002064247625049205
3,356,0.002064247625049205
3,357,0.002064247625049205
3,358,0.002064247625049205
3,359,0.002064247625049205
3,360,0.002064247625049205
3,361,0.002064247625049205
3,362,0.002064247625049205
3,363,0.002064247625049205
3,364,0.002064247625049205
3,365,0.002064247625049205
3,366,0.002064247625049205
3,367,0.002064247625049205
3,368,0.002064247625049205
3,369,0.002064247625049205
3,370,0.002064247625049205
3,371,0.002064247625049205
3,372,0.002064247625049205
3,373,0.002064247625049205
3,374,0.002064247625049205
3,375,0.002064247625049205
3,376,0.002064247625049205
3,377,0.002064247625049205
3,378,0.002064247625049205
3,379,0.002064247625049205
3,380,0.002064247625049205
3,381,0.002064247625049205
3,382,0.002064247625049205
3,383,0.002064247625049205
3,384,0.002064247625049205
3,385,0.002064247625049205
3,386,0.002064247625049205
3,387,0.002064247625049205
3,388,0.002064247625049205
3,389,0.002064247625049205
3,390,0.002064247625049205
3,391,0.002064247625049205
3,392,0.002064247625049205
3,393,0.002064247625049205
3,394,0.002064247625049205
3,395,0.002064247625049205
3,396,0.002064247625049205
3,397,0.002064247625049205
3,398,0.002064247625049205
3,399,0.002064247625049205
3,400,0.002064247625049205
3,401,0.002064247625049205
3,402,0.002064247625049205
3,403,0.002064247625049205
3,404,0.002064247625049205
3,405,0.002064247625049205
3,406,0.002064247625049205
3,407,0.002064247625049205
3,408,0.002064247625049205
3,409,0.002064247625049205
3,410,0.002064247625049205
3,411,0.002064247625049205
3,412,0.002064247625049205
3,413,0.002064247625049205
3,414,0.002064247625049205
3,415,0.002064247625049205
3,416,0.002064247625049205
3,417,0.002064247625049205
3,418,0.002064247625049205
3,419,0.002064247625049205
3,420,0.002064247625049205
3,421,0.002064247625049205
3,422,0.002064247625049205
3,423,0.002064247625049205
3,424,0.002064247625049205
3,425,0.002064247625049205
3,426,0.002064247625049205
3,427,0.002064247625049205
3,428,0.002064247625049205
3,429,0.002064247625049205
3,430,0.002064247625049205
3,431,0.002064247625049205
3,432,0.002064247625049205
3,433,0.002064247625049205
3,434,0.002064247625049205
3,435,0.002064247625049205
3,436,0.002064247625049205
3,437,0.002064247625049205
3,438,0.002064247625049205
3,439,0.002064247625049205
3,440,0.002064247625049205
3,441,0.002064247625049205
3,442,0.002064247625049205
3,443,0.002064247625049205
3,444,0.002064247625049205
3,445,0.002064247625049205
3,446,0.002064247625049205
3,447,0.002064247625049205
3,448,0.002064247625049205
3,449,0.002064247625049205
3,450,0.002064247625049205
3,451,0.002064247625049205
3,452,0.002064247625049205
3,453,0.002064247625049205
3,454,0.002064247625049205
3,455,0.002064247625049205
3,456,0.002064247625049205
3,457,0.002064247625049205
3,458,0.002064247625049205
3,459,0.002064247625049205
3,460,0.002064247625049205
3,461,0.002064247625049205
3,462,0.002064247625049205
3,463,0.002064247625049205
3,464,0.002064247625049205
3,465,0.002064247625049205
3,466,0.002064247625049205
3,467,0.002064247625049205
3,468,0.002064247625049205
3,469,0.002064247625049205
3,470,0.002064247625049205
3,471,0.002064247625049205
3,472,0.002064247625049205
3,473,0.002064247625049205
3,474,0.002064247625049205
3,475,0.002064247625049205
3,476,0.002064247625049205
3,477,0.002064247625049205
3,478,0.002064247625049205
3,479,0.002064247625049205
3,480,0.002064247625049205
3,481,0.002064247625049205
3,482,0.002064247625049205
3,483,0.002064247625049205
3,484,0.002064247625049205
3,485,0.002064247625049205
3,486,0.002064247625049205
3,487,0.002064247625049205
3,488,0.002064247625049205
3,489,0.002064247625049205
3,490,0.002064247625049205
3,491,0.002064247625049205
3,492,0.002064247625049205
3,493,0.002064247625049205
3,494,0.002064247625049205
3,495,0.002064247625049205
3,496,0.002064247625049205
3,497,0.002064247625049205
3,498,0.002064247625049205
3,499,0.002064247625049205
3,500,0.002064247625049205
3,501,0.002064247625049205
3,502,0.002064247625049205
3,503,0.002064247625049205
3,504,0.002064247625049205
3,505,0.002064247625049205
3,506,0.002064247625049205
3,507,0.002064247625049205
3,508,0.002064247625049205
3,509,0.002064247625049205
3,510,0.002064247625049205
3,511,0.002064247625049205
3,512,0.002064247625049205
3,513,0.002064247625049205
3,514,0.002064247625049205
3,515,0.002064247625049205
3,516,0.002064247625049205
3,517,0.002064247625049205
3,518,0.002064247625049205
3,519,0.002064247625049205
3,520,0.002064247625049205
3,521,0.002064247625049205
3,522,0.002064247625049205
3,523,0.002064247625049205
3,524,0.002064247625049205
3,525,0.002064247625049205
3,526,0.002064247625049205
3,527,0.002064247625049205
3,528,0.002064247625049205
3,529,0.002064247625049205
3,530,0.002064247625049205
3,531,0.002064247625049205
3,532,0.002064247625049205
3,533,0.002064247625049205
3,534,0.002064247625049205
3,535,0.002064247625049205
3,536,0.002064247625049205
3,537,0.002064247625049205
3,538,0.002064247625049205
3,539,0.002064247625049205
3,540,0.002064247625049205
3,541,0.002064247625049205
3,542,0.002064247625049205
3,543,0.002064247625049205
3,544,0.002064247625049205
3,545,0.002064247625049205
3,546,0.002064247625049205
3,547,0.002064247625049205
3,548,0.002064247625049205
3,549,0.002064247625049205
3,550,0.002064247625049205
3,551,0.002064247625049205
3,552,0.002064247625049205
3,553,0.002064247625049205
3,554,0.002064247625049205
3,555,0.002064247625049205
3,556,0.002064247625049205
3,557,0.002064247625049205
3,558,0.002064247625049205
3,559,0.002064247625049205
3,560,0.002064247625049205
3,561,0.002064247625049205
3,562,0.002064247625049205
3,563,0.002064247625049205
3,564,0.002064247625049205
3,565,0.002064247625049205
3,566,0.002064247625049205
3,567,0.002064247625049205
3,568,0.002064247625049205
3,569,0.002064247625049205
3,570,0.002064247625049205
3,571,0.002064247625049205
3,572,0.002064247625049205
3,573,0.002064247625049205
3,574,0.002064247625049205
3,575,0.002064247625049205
3,576,0.002064247625049205
3,577,0.002064247625049205
3,578,0.002064247625049205
3,579,0.002064247625049205
3,580,0.002064247625049205
3,581,0.002064247625049205
3,582,0.002064247625049205
3,583,0.002064247625049205
3,584,0.002064247625049205
3,585,0.002064247625049205
3,586,0.002064247625049205
3,587,0.002064247625049205
3,588,0.002064247625049205
3,589,0.002064247625049205
3,590,0.002064247625049205
3,591,0.002064247625049205
3,592,0.002064247625049205
3,593,0.002064247625049205
3,594,0.002064247625049205
3,595,0.002064247625049205
3,596,0.002064247625049205
3,597,0.002064247625049205
3,598,0.002064247625049205
3,599,0.002064247625049205
3,600,0.002064247625049205
3,601,0.002064247625049205
3,602,0.002064247625049205
3,603,0.002064247625049205
3,604,0.002064247625049205
3,605,0.002064247625049205
3,606,0.002064247625049205
3,607,0.002064247625049205
3,608,0.002064247625049205
3,609,0.002064247625049205
3,610,0.002064247625049205
3,611,0.002064247625049205
3,612,0.002064247625049205
3,613,0.002064247625049205
3,614,0.002064247625049205
3,615,0.002064247625049205
3,616,0.002064247625049205
3,617,0.002064247625049205
3,618,0.002064247625049205
3,619,0.002064247625049205
3,620,0.002064247625049205
3,621,0.002064247625049205
3,622,0.002064247625049205
3,623,0.002064247625049205
3,624,0.002064247625049205
3,625,0.002064247625049205
3,626,0.002064247625049205
3,627,0.002064247625049205
3,628,0.002064247625049205
3,629,0.002064247625049205
3,630,0.002064247625049205
3,631,0.002064247625049205
3,632,0.002064247625049205
3,633,0.002064247625049205
3,634,0.002064247625049205
3,635,0.002064247625049205
3,636,0.002064247625049205
3,637,0.002064247625049205
3,638,0.002064247625049205
3,639,0.002064247625049205
3,640,0.002064247625049205
3,641,0.002064247625049205
3,642,0.002064247625049205
3,643,0.002064247625049205
3,644,0.002064247625049205
3,645,0.002064247625049205
3,646,0.002064247625049205
3,647,0.002064247625049205
3,648,0.002064247625049205
3,649,0.002064247625049205
3,650,0.002064247625049205
3,651,0.002064247625049205
3,652,0.002064247625049205
3,653,0.002064247625049205
3,654,0.002064247625049205
3,655,0.002064247625049205
3,656,0.002064247625049205
3,657,0.002064247625049205
3,658,0.002064247625049205
3,659,0.002064247625049205
3,660,0.002064247625049205
3,661,0.002064247625049205
3,662,0.002064247625049205
3,663,0.002064247625049205
3,664,0.002064247625049205
3,665,0.002064247625049205
3,666,0.002064247625049205
3,667,0.002064247625049205
3,668,0.002064247625049205
3,669,0.002064247625049205
3,670,0.002064247625049205
3,671,0.002064247625049205
3,672,0.002064247625049205
3,673,0.002064247625049205
3,674,0.002064247625049205
3,675,0.002064247625049205
3,676,0.002064247625049205
3,677,0.002064247625049205
3,678,0.002064247625049205
3,679,0.002064247625049205
3,680,0.002064247625049205
3,681,0.002064247625049205
3,682,0.002064247625049205
3,683,0.002064247625049205
3,684,0.002064247625049205
3,685,0.002064247625049205
3,686,0.002064247625049205
3,687,0.002064247625049205
3,688,0.002064247625049205
3,689,0.002064247625049205
3,690,0.002064247625049205
3,691,0.002064247625049205
3,692,0.002064247625049205
3,693,0.002064247625049205
3,694,0.002064247625049205
3,695,0.002064247625049205
3,696,0.002064247625049205
3,697,0.002064247625049205
3,698,0.002064247625049205
3,699,0.002064247625049205
3,700,0.002064247625049205
3,701,0.002064247625049205
3,702,0.002064247625049205
3,703,0.002064247625049205
3,704,0.002064247625049205
3,705,0.002064247625049205
3,706,0.002064247625049205
3,707,0.002064247625049205
3,708,0.002064247625049205
3,709,0.002064247625049205
3,710,0.002064247625049205
3,711,0.002064247625049205
3,712,0.002064247625049205
3,713,0.002064247625049205
3,714,0.002064247625049205
3,715,0.002064247625049205
3,716,0.002064247625049205
3,717,0.002064247625049205
3,718,0.002064247625049205
3,719,0.002064247625049205
3,720,0.002064247625049205
3,721,0.002064247625049205
3,722,0.002064247625049205
3,723,0.002064247625049205
3,724,0.002064247625049205
3,725,0.002064247625049205
3,726,0.002064247625049205
3,727,0.002064247625049205
3,728,0.002064247625049205
3,729,0.002064247625049205
3,730,0.002064247625049205
3,731,0.002064247625049205
3,732,0.002064247625049205
3,733,0.002064247625049205
3,734,0.002064247625049205
3,735,0.002064247625049205
3,736,0.002064247625049205
3,737,0.002064247625049205
3,738,0.002064247625049205
3,739,0.002064247625049205
3,740,0.002064247625049205
3,741,0.002064247625049205
3,742,0.002064247625049205
3,743,0.002064247625049205
3,744,0.002064247625049205
3,745,0.002064247625049205
3,746,0.002064247625049205
3,747,0.002064247625049205
3,748,0.002064247625049205
3,749,0.002064247625049205
3,750,0.002064247625049205
3,751,0.002064247625049205
3,752,0.002064247625049205
3,753,0.002064247625049205
3,754,0.002064247625049205
3,755,0.002064247625049205
3,756,0.002064247625049205
3,757,0.002064247625049205
3,758,0.002064247625049205
3,759,0.002064247625049205
3,760,0.002064247625049205
3,761,0.002064247625049205
3,762,0.002064247625049205
3,763,0.002064247625049205
3,764,0.002064247625049205
3,765,0.002064247625049205
3,766,0.002064247625049205
3,767,0.002064247625049205
3,768,0.002064247625049205
3,769,0.002064247625049205
3,770,0.002064247625049205
3,771,0.002064247625049205
3,772,0.002064247625049205
3,773,0.002064247625049205
3,774,0.002064247625049205
3,775,0.002064247625049205
3,776,0.002064247625049205
3,777,0.002064247625049205
3,778,0.002064247625049205
3,779,0.002064247625049205
3,780,0.002064247625049205
3,781,0.002064247625049205
3,782,0.002064247625049205
3,783,0.002064247625049205
3,784,0.002064247625049205
3,785,0.002064247625049205
3,786,0.002064247625049205
3,787,0.002064247625049205
3,788,0.002064247625049205
3,789,0.002064247625049205
3,790,0.002064247625049205
3,791,0.002064247625049205
3,792,0.002064247625049205
3,793,0.002064247625049205
3,794,0.002064247625049205
3,795,0.002064247625049205
3,796,0.002064247625049205
3,797,0.002064247625049205
3,798,0.002064247625049205
3,799,0.002064247625049205
3,800,0.002064247625049205
3,801,0.002064247625049205
3,802,0.002064247625049205
3,803,0.002064247625049205
3,804,0.002064247625049205
3,805,0.002064247625049205
3,806,0.002064247625049205
3,807,0.002064247625049205
3,808,0.002064247625049205
3,809,0.002064247625049205
3,810,0.002064247625049205
3,811,0.002064247625049205
3,812,0.002064247625049205
3,813,0.002064247625049205
3,814,0.002064247625049205
3,815,0.002064247625049205
3,816,0.002064247625049205
3,817,0.002064247625049205
3,818,0.002064247625049205
3,819,0.002064247625049205
3,820,0.002064247625049205
3,821,0.002064247625049205
3,822,0.002064247625049205
3,823,0.002064247625049205
3,824,0.002064247625049205
3,825,0.002064247625049205
3,826,0.002064247625049205
3,827,0.002064247625049205
3,828,0.002064247625049205
3,829,0.002064247625049205
3,830,0.002064247625049205
3,831,0.002064247625049205
3,832,0.002064247625049205
3,833,0.002064247625049205
3,834,0.002064247625049205
3,835,0.002064247625049205
3,836,0.002064247625049205
3,837,0.002064247625049205
3,838,0.002064247625049205
3,839,0.002064247625049205
3,840,0.002064247625049205
3,841,0.002064247625049205
3,842,0.002064247625049205
3,843,0.002064247625049205
3,844,0.002064247625049205
3,845,0.002064247625049205
3,846,0.002064247625049205
3,847,0.002064247625049205
3,848,0.002064247625049205
3,849,0.002064247625049205
3,850,0.002064247625049205
3,851,0.002064247625049205
3,852,0.002064247625049205
3,853,0.002064247625049205
3,854,0.002064247625049205
3,855,0.002064247625049205
3,856,0.002064247625049205
3,857,0.002064247625049205
3,858,0.002064247625049205
3,859,0.002064247625049205
3,860,0.002064247625049205
3,861,0.002064247625049205
3,862,0.002064247625049205
3,863,0.002064247625049205
3,864,0.002064247625049205
3,865,0.002064247625049205
3,866,0.002064247625049205
3,867,0.002064247625049205
3,868,0.002064247625049205
3,869,0.002064247625049205
3,870,0.002064247625049205
3,871,0.002064247625049205
3,872,0.002064247625049205
3,873,0.002064247625049205
3,874,0.002064247625049205
3,875,0.002064247625049205
3,876,0.002064247625049205
3,877,0.002064247625049205
3,878,0.002064247625049205
3,879,0.002064247625049205
3,880,0.002064247625049205
3,881,0.002064247625049205
3,882,0.002064247625049205
3,883,0.002064247625049205
3,884,0.002064247625049205
3,885,0.002064247625049205
3,886,0.002064247625049205
3,887,0.002064247625049205
3,888,0.002064247625049205
3,889,0.002064247625049205
3,890,0.002064247625049205
3,891,0.002064247625049205
3,892,0.002064247625049205
3,893,0.002064247625049205
3,894,0.002064247625049205
3,895,0.002064247625049205
3,896,0.002064247625049205
3,897,0.002064247625049205
3,898,0.002064247625049205
3,899,0.002064247625049205
3,900,0.002064247625049205
3,901,0.002064247625049205
3,902,0.002064247625049205
3,903,0.002064247625049205
3,904,0.002064247625049205
3,905,0.002064247625049205
3,906,0.002064247625049205
3,907,0.002064247625049205
3,908,0.002064247625049205
3,909,0.002064247625049205
3,910,0.002064247625049205
3,911,0.002064247625049205
3,912,0.002064247625049205
3,913,0.002064247625049205
3,914,0.002064247625049205
3,915,0.002064247625049205
3,916,0.002064247625049205
3,917,0.002064247625049205
3,918,0.002064247625049205
3,919,0.002064247625049205
3,920,0.002064247625049205
3,921,0.002064247625049205
3,922,0.002064247625049205
3,923,0.002064247625049205
3,924,0.002064247625049205
3,925,0.002064247625049205
3,926,0.002064247625049205
3,927,0.002064247625049205
3,928,0.002064247625049205
3,929,0.002064247625049205
3,930,0.002064247625049205
3,931,0.002064247625049205
3,932,0.002064247625049205
3,933,0.002064247625049205
3,934,0.002064247625049205
3,935,0.002064247625049205
3,936,0.002064247625049205
3,937,0.002064247625049205
3,938,0.002064247625049205
3,939,0.002064247625049205
3,940,0.002064247625049205
3,941,0.002064247625049205
3,942,0.002064247625049205
3,943,0.002064247625049205
3,944,0.002064247625049205
3,945,0.002064247625049205
3,946,0.002064247625049205
3,947,0.002064247625049205
3,948,0.002064247625049205
3,949,0.002064247625049205
3,950,0.002064247625049205
3,951,0.002064247625049205
3,952,0.002064247625049205
3,953,0.002064247625049205
3,954,0.002064247625049205
3,955,0.002064247625049205
3,956,0.002064247625049205
3,957,0.002064247625049205
3,958,0.002064247625049205
3,959,0.002064247625049205
3,960,0.002064247625049205
3,961,0.002064247625049205
3,962,0.002064247625049205
3,963,0.002064247625049205
3,964,0.002064247625049205
3,965,0.002064247625049205
3,966,0.002064247625049205
3,967,0.002064247625049205
3,968,0.002064247625049205
3,969,0.002064247625049205
3,970,0.002064247625049205
3,971,0.002064247625049205
3,972,0.002064247625049205
3,973,0.002064247625049205
3,974,0.002064247625049205
3,975,0.002064247625049205
3,976,0.002064247625049205
3,977,0.002064247625049205
3,978,0.002064247625049205
3,979,0.002064247625049205
3,980,0.002064247625049205
3,981,0.002064247625049205
3,982,0.002064247625049205
3,983,0.002064247625049205
3,984,0.002064247625049205
3,985,0.002064247625049205
3,986,0.002064247625049205
3,987,0.002064247625049205
3,988,0.002064247625049205
3,989,0.002064247625049205
3,990,0.002064247625049205
3,991,0.002064247625049205
3,992,0.002064247625049205
3,993,0.002064247625049205
3,994,0.002064247625049205
3,995,0.002064247625049205
3,996,0.002064247625049205
3,997,0.002064247625049205
3,998,0.002064247625049205
3,999,0.002064247625049205
3,1000,0.002064247625049205
3,1001,0.002064247625049205
3,1002,0.002064247625049205
3,1003,0.002064247625049205
3,1004,0.002064247625049205
3,1005,0.002064247625049205
3,1006,0.002064247625049205
3,1007,0.002064247625049205
3,1008,0.002064247625049205
3,1009,0.002064247625049205
3,1010,0.002064247625049205
3,1011,0.002064247625049205
3,1012,0.002064247625049205
3,1013,0.002064247625049205
3,1014,0.002064247625049205
3,1015,0.002064247625049205
3,1016,0.002064247625049205
3,1017,0.002064247625049205
3,1018,0.002064247625049205
3,1019,0.002064247625049205
3,1020,0.002064247625049205
3,1021,0.002064247625049205
3,1022,0.002064247625049205
3,1023,0.002064247625049205
3,1024,0.002064247625049205
3,1025,0.002064247625049205
3,1026,0.002064247625049205
3,1027,0.002064247625049205
3,1028,0.002064247625049205
3,1029,0.002064247625049205
3,1030,0.002064247625049205
3,1031,0.002064247625049205
3,1032,0.002064247625049205
3,1033,0.002064247625049205
3,1034,0.002064247625049205
3,1035,0.002064247625049205
3,1036,0.002064247625049205
3,1037,0.002064247625049205
3,1038,0.002064247625049205
3,1039,0.002064247625049205
3,1040,0.002064247625049205
3,1041,0.002064247625049205
3,1042,0.002064247625049205
3,1043,0.002064247625049205
3,1044,0.002064247625049205
3,1045,0.002064247625049205
3,1046,0.002064247625049205
3,1047,0.002064247625049205
3,1048,0.002064247625049205
3,1049,0.002064247625049205
3,1050,0.002064247625049205
3,1051,0.002064247625049205
3,1052,0.002064247625049205
3,1053,0.002064247625049205
3,1054,0.002064247625049205
3,1055,0.002064247625049205
3,1056,0.002064247625049205
3,1057,0.002064247625049205
3,1058,0.002064247625049205
3,1059,0.002064247625049205
3,1060,0.002064247625049205
3,1061,0.002064247625049205
3,1062,0.002064247625049205
3,1063,0.002064247625049205
3,1064,0.002064247625049205
3,1065,0.002064247625049205
3,1066,0.002064247625049205
3,1067,0.002064247625049205
3,1068,0.002064247625049205
3,1069,0.002064247625049205
3,1070,0.002064247625049205
3,1071,0.002064247625049205
3,1072,0.002064247625049205
3,1073,0.002064247625049205
3,1074,0.002064247625049205
3,1075,0.002064247625049205
3,1076,0.002064247625049205
3,1077,0.002064247625049205
3,1078,0.002064247625049205
3,1079,0.002064247625049205
3,1080,0.002064247625049205
3,1081,0.002064247625049205
3,1082,0.002064247625049205
3,1083,0.002064247625049205
3,1084,0.002064247625049205
3,1085,0.002064247625049205
3,1086,0.002064247625049205
3,1087,0.002064247625049205
3,1088,0.002064247625049205
3,1089,0.002064247625049205
3,1090,0.002064247625049205
3,1091,0.002064247625049205
3,1092,0.002064247625049205
3,1093,0.002064247625049205
3,1094,0.002064247625049205
3,1095,0.002064247625049205
3,1096,0.002064247625049205
3,1097,0.002064247625049205
3,1098,0.002064247625049205
3,1099,0.002064247625049205
3,1100,0.002064247625049205
3,1101,0.002064247625049205
3,1102,0.002064247625049205
3,1103,0.002064247625049205
3,1104,0.002064247625049205
3,1105,0.002064247625049205
3,1106,0.002064247625049205
3,1107,0.002064247625049205
3,1108,0.002064247625049205
3,1109,0.002064247625049205
3,1110,0.002064247625049205
3,1111,0.002064247625049205
3,1112,0.002064247625049205
3,1113,0.002064247625049205
3,1114,0.002064247625049205
3,1115,0.002064247625049205
3,1116,0.002064247625049205
3,1117,0.002064247625049205
3,1118,0.002064247625049205
3,1119,0.002064247625049205
3,1120,0.002064247625049205
3,1121,0.002064247625049205
3,1122,0.002064247625049205
3,1123,0.002064247625049205
3,1124,0.002064247625049205
3,1125,0.002064247625049205
3,1126,0.002064247625049205
3,1127,0.002064247625049205
3,1128,0.002064247625049205
3,1129,0.002064247625049205
3,1130,0.002064247625049205
3,1131,0.002064247625049205
3,1132,0.002064247625049205
3,1133,0.002064247625049205
3,1134,0.002064247625049205
3,1135,0.002064247625049205
3,1136,0.002064247625049205
3,1137,0.002064247625049205
3,1138,0.002064247625049205
3,1139,0.002064247625049205
3,1140,0.002064247625049205
3,1141,0.002064247625049205
3,1142,0.002064247625049205
3,1143,0.002064247625049205
3,1144,0.002064247625049205
3,1145,0.002064247625049205
3,1146,0.002064247625049205
3,1147,0.002064247625049205
3,1148,0.002064247625049205
3,1149,0.002064247625049205
3,1150,0.002064247625049205
3,1151,0.002064247625049205
3,1152,0.002064247625049205
3,1153,0.002064247625049205
3,1154,0.002064247625049205
3,1155,0.002064247625049205
3,1156,0.002064247625049205
3,1157,0.002064247625049205
3,1158,0.002064247625049205
3,1159,0.002064247625049205
3,1160,0.002064247625049205
3,1161,0.002064247625049205
3,1162,0.002064247625049205
3,1163,0.002064247625049205
3,1164,0.002064247625049205
3,1165,0.002064247625049205
3,1166,0.002064247625049205
3,1167,0.002064247625049205
3,1168,0.002064247625049205
3,1169,0.002064247625049205
3,1170,0.002064247625049205
3,1171,0.002064247625049205
3,1172,0.002064247625049205
3,1173,0.002064247625049205
3,1174,0.002064247625049205
3,1175,0.002064247625049205
3,1176,0.002064247625049205
3,1177,0.002064247625049205
3,1178,0.002064247625049205
3,1179,0.002064247625049205
3,1180,0.002064247625049205
3,1181,0.002064247625049205
3,1182,0.002064247625049205
3,1183,0.002064247625049205
3,1184,0.002064247625049205
3,1185,0.002064247625049205
3,1186,0.002064247625049205
3,1187,0.002064247625049205
3,1188,0.002064247625049205
3,1189,0.002064247625049205
3,1190,0.002064247625049205
3,1191,0.002064247625049205
3,1192,0.002064247625049205
3,1193,0.002064247625049205
3,1194,0.002064247625049205
3,1195,0.002064247625049205
3,1196,0.002064247625049205
3,1197,0.002064247625049205
3,1198,0.002064247625049205
3,1199,0.002064247625049205
3,1200,0.002064247625049205
3,1201,0.002064247625049205
3,1202,0.002064247625049205
3,1203,0.002064247625049205
3,1204,0.002064247625049205
3,1205,0.002064247625049205
3,1206,0.002064247625049205
3,1207,0.002064247625049205
3,1208,0.002064247625049205
3,1209,0.002064247625049205
3,1210,0.002064247625049205
3,1211,0.002064247625049205
3,1212,0.002064247625049205
3,1213,0.002064247625049205
3,1214,0.002064247625049205
3,1215,0.002064247625049205
3,1216,0.002064247625049205
3,1217,0.002064247625049205
3,1218,0.002064247625049205
3,1219,0.002064247625049205
3,1220,0.002064247625049205
3,1221,0.002064247625049205
3,1222,0.002064247625049205
3,1223,0.002064247625049205
3,1224,0.002064247625049205
3,1225,0.002064247625049205
3,1226,0.002064247625049205
3,1227,0.002064247625049205
3,1228,0.002064247625049205
3,1229,0.002064247625049205
3,1230,0.002064247625049205
3,1231,0.002064247625049205
3,1232,0.002064247625049205
3,1233,0.002064247625049205
3,1234,0.002064247625049205
3,1235,0.002064247625049205
3,1236,0.002064247625049205
3,1237,0.002064247625049205
3,1238,0.002064247625049205
3,1239,0.002064247625049205
3,1240,0.002064247625049205
3,1241,0.002064247625049205
3,1242,0.002064247625049205
3,1243,0.002064247625049205
3,1244,0.002064247625049205
3,1245,0.002064247625049205
3,1246,0.002064247625049205
3,1247,0.002064247625049205
3,1248,0.002064247625049205
3,1249,0.002064247625049205
3,1250,0.002064247625049205
3,1251,0.002064247625049205
3,1252,0.002064247625049205
3,1253,0.002064247625049205
3,1254,0.002064247625049205
3,1255,0.002064247625049205
3,1256,0.002064247625049205
3,1257,0.002064247625049205
3,1258,0.002064247625049205
3,1259,0.002064247625049205
3,1260,0.002064247625049205
3,1261,0.002064247625049205
3,1262,0.002064247625049205
3,1263,0.002064247625049205
3,1264,0.002064247625049205
3,1265,0.002064247625049205
3,1266,0.002064247625049205
3,1267,0.002064247625049205
3,1268,0.002064247625049205
3,1269,0.002064247625049205
3,1270,0.002064247625049205
3,1271,0.002064247625049205
3,1272,0.002064247625049205
3,1273,0.002064247625049205
3,1274,0.002064247625049205
3,1275,0.002064247625049205
3,1276,0.002064247625049205
3,1277,0.002064247625049205
3,1278,0.002064247625049205
3,1279,0.002064247625049205
3,1280,0.002064247625049205
3,1281,0.002064247625049205
3,1282,0.002064247625049205
3,1283,0.002064247625049205
3,1284,0.002064247625049205
3,1285,0.002064247625049205
3,1286,0.002064247625049205
3,1287,0.002064247625049205
3,1288,0.002064247625049205
3,1289,0.002064247625049205
3,1290,0.002064247625049205
3,1291,0.002064247625049205
3,1292,0.002064247625049205
3,1293,0.002064247625049205
3,1294,0.002064247625049205
3,1295,0.002064247625049205
3,1296,0.002064247625049205
3,1297,0.002064247625049205
3,1298,0.002064247625049205
3,1299,0.002064247625049205
3,1300,0.002064247625049205
3,1301,0.002064247625049205
3,1302,0.002064247625049205
3,1303,0.002064247625049205
3,1304,0.002064247625049205
3,1305,0.002064247625049205
3,1306,0.002064247625049205
3,1307,0.002064247625049205
3,1308,0.002064247625049205
3,1309,0.002064247625049205
3,1310,0.002064247625049205
3,1311,0.002064247625049205
3,1312,0.002064247625049205
3,1313,0.002064247625049205
3,1314,0.002064247625049205
3,1315,0.002064247625049205
3,1316,0.002064247625049205
3,1317,0.002064247625049205
3,1318,0.002064247625049205
3,1319,0.002064247625049205
3,1320,0.002064247625049205
3,1321,0.002064247625049205
3,1322,0.002064247625049205
3,1323,0.002064247625049205
3,1324,0.002064247625049205
3,1325,0.002064247625049205
3,1326,0.002064247625049205
3,1327,0.002064247625049205
3,1328,0.002064247625049205
3,1329,0.002064247625049205
3,1330,0.002064247625049205
3,1331,0.002064247625049205
3,1332,0.002064247625049205
3,1333,0.002064247625049205
3,1334,0.002064247625049205
3,1335,0.002064247625049205
3,1336,0.002064247625049205
3,1337,0.002064247625049205
3,1338,0.002064247625049205
3,1339,0.002064247625049205
3,1340,0.002064247625049205
3,1341,0.002064247625049205
3,1342,0.002064247625049205
3,1343,0.002064247625049205
3,1344,0.002064247625049205
3,1345,0.002064247625049205
3,1346,0.002064247625049205
3,1347,0.002064247625049205
3,1348,0.002064247625049205
3,1349,0.002064247625049205
3,1350,0.002064247625049205
3,1351,0.002064247625049205
3,1352,0.002064247625049205
3,1353,0.002064247625049205
3,1354,0.002064247625049205
3,1355,0.002064247625049205
3,1356,0.002064247625049205
3,1357,0.002064247625049205
3,1358,0.002064247625049205
3,1359,0.002064247625049205
3,1360,0.002064247625049205
3,1361,0.002064247625049205
3,1362,0.002064247625049205
3,1363,0.002064247625049205
3,1364,0.002064247625049205
3,1365,0.002064247625049205
3,1366,0.002064247625049205
3,1367,0.002064247625049205
3,1368,0.002064247625049205
3,1369,0.002064247625049205
3,1370,0.002064247625049205
3,1371,0.002064247625049205
3,1372,0.002064247625049205
3,1373,0.002064247625049205
3,1374,0.002064247625049205
3,1375,0.002064247625049205
3,1376,0.002064247625049205
3,1377,0.002064247625049205
3,1378,0.002064247625049205
3,1379,0.002064247625049205
3,1380,0.002064247625049205
3,1381,0.002064247625049205
3,1382,0.002064247625049205
3,1383,0.002064247625049205
3,1384,0.002064247625049205
3,1385,0.002064247625049205
3,1386,0.002064247625049205
3,1387,0.002064247625049205
3,1388,0.002064247625049205
3,1389,0.002064247625049205
3,1390,0.002064247625049205
3,1391,0.002064247625049205
3,1392,0.002064247625049205
3,1393,0.002064247625049205
3,1394,0.002064247625049205
3,1395,0.002064247625049205
3,1396,0.002064247625049205
3,1397,0.002064247625049205
3,1398,0.002064247625049205
3,1399,0.002064247625049205
3,1400,0.002064247625049205
3,1401,0.002064247625049205
3,1402,0.002064247625049205
3,1403,0.002064247625049205
3,1404,0.002064247625049205
3,1405,0.002064247625049205
3,1406,0.002064247625049205
3,1407,0.002064247625049205
3,1408,0.002064247625049205
3,1409,0.002064247625049205
3,1410,0.002064247625049205
3,1411,0.002064247625049205
3,1412,0.002064247625049205
3,1413,0.002064247625049205
3,1414,0.002064247625049205
3,1415,0.002064247625049205
3,1416,0.002064247625049205
3,1417,0.002064247625049205
3,1418,0.002064247625049205
3,1419,0.002064247625049205
3,1420,0.002064247625049205
3,1421,0.002064247625049205
3,1422,0.002064247625049205
3,1423,0.002064247625049205
3,1424,0.002064247625049205
3,1425,0.002064247625049205
3,1426,0.002064247625049205
3,1427,0.002064247625049205
3,1428,0.002064247625049205
3,1429,0.002064247625049205
3,1430,0.002064247625049205
3,1431,0.002064247625049205
3,1432,0.002064247625049205
3,1433,0.002064247625049205
3,1434,0.002064247625049205
3,1435,0.002064247625049205
3,1436,0.002064247625049205
3,1437,0.002064247625049205
3,1438,0.002064247625049205
3,1439,0.002064247625049205
3,1440,0.002064247625049205
3,1441,0.002064247625049205
3,1442,0.002064247625049205
3,1443,0.002064247625049205
3,1444,0.002064247625049205
3,1445,0.002064247625049205
3,1446,0.002064247625049205
3,1447,0.002064247625049205
3,1448,0.002064247625049205
3,1449,0.002064247625049205
3,1450,0.002064247625049205
3,1451,0.002064247625049205
3,1452,0.002064247625049205
3,1453,0.002064247625049205
3,1454,0.002064247625049205
3,1455,0.002064247625049205
3,1456,0.002064247625049205
3,1457,0.002064247625049205
3,1458,0.002064247625049205
3,1459,0.002064247625049205
3,1460,0.002064247625049205
3,1461,0.002064247625049205
3,1462,0.002064247625049205
3,1463,0.002064247625049205
3,1464,0.002064247625049205
3,1465,0.002064247625049205
3,1466,0.002064247625049205
3,1467,0.002064247625049205
3,1468,0.002064247625049205
3,1469,0.002064247625049205
3,1470,0.002064247625049205
3,1471,0.002064247625049205
3,1472,0.002064247625049205
3,1473,0.002064247625049205
3,1474,0.002064247625049205
3,1475,0.002064247625049205
3,1476,0.002064247625049205
3,1477,0.002064247625049205
3,1478,0.002064247625049205
3,1479,0.002064247625049205
3,1480,0.002064247625049205
3,1481,0.002064247625049205
3,1482,0.002064247625049205
3,1483,0.002064247625049205
3,1484,0.002064247625049205
3,1485,0.002064247625049205
3,1486,0.002064247625049205
3,1487,0.002064247625049205
3,1488,0.002064247625049205
3,1489,0.002064247625049205
3,1490,0.002064247625049205
3,1491,0.002064247625049205
3,1492,0.002064247625049205
3,1493,0.002064247625049205
3,1494,0.002064247625049205
3,1495,0.002064247625049205
3,1496,0.002064247625049205
3,1497,0.002064247625049205
3,1498,0.002064247625049205
3,1499,0.002064247625049205
3,1500,0.002064247625049205
3,1501,0.002064247625049205
3,1502,0.002064247625049205
3,1503,0.002064247625049205
3,1504,0.002064247625049205
3,1505,0.002064247625049205
3,1506,0.002064247625049205
3,1507,0.002064247625049205
3,1508,0.002064247625049205
3,1509,0.002064247625049205
3,1510,0.002064247625049205
3,1511,0.002064247625049205
3,1512,0.002064247625049205
3,1513,0.002064247625049205
3,1514,0.002064247625049205
3,1515,0.002064247625049205
3,1516,0.002064247625049205
3,1517,0.002064247625049205
3,1518,0.002064247625049205
3,1519,0.002064247625049205
3,1520,0.002064247625049205
3,1521,0.002064247625049205
3,1522,0.002064247625049205
3,1523,0.002064247625049205
3,1524,0.002064247625049205
3,1525,0.002064247625049205
3,1526,0.002064247625049205
3,1527,0.002064247625049205
3,1528,0.002064247625049205
3,1529,0.002064247625049205
3,1530,0.002064247625049205
3,1531,0.002064247625049205
3,1532,0.002064247625049205
3,1533,0.002064247625049205
3,1534,0.002064247625049205
3,1535,0.002064247625049205
3,1536,0.002064247625049205
3,1537,0.002064247625049205
3,1538,0.002064247625049205
3,1539,0.002064247625049205
3,1540,0.002064247625049205
3,1541,0.002064247625049205
3,1542,0.002064247625049205
3,1543,0.002064247625049205
3,1544,0.002064247625049205
3,1545,0.002064247625049205
3,1546,0.002064247625049205
3,1547,0.002064247625049205
3,1548,0.002064247625049205
3,1549,0.002064247625049205
3,1550,0.002064247625049205
3,1551,0.002064247625049205
3,1552,0.002064247625049205
3,1553,0.002064247625049205
3,1554,0.002064247625049205
3,1555,0.002064247625049205
3,1556,0.002064247625049205
3,1557,0.002064247625049205
3,1558,0.002064247625049205
3,1559,0.002064247625049205
3,1560,0.002064247625049205
3,1561,0.002064247625049205
3,1562,0.002064247625049205
3,1563,0.002064247625049205
3,1564,0.002064247625049205
3,1565,0.002064247625049205
3,1566,0.002064247625049205
3,1567,0.002064247625049205
3,1568,0.002064247625049205
3,1569,0.002064247625049205
3,1570,0.002064247625049205
3,1571,0.002064247625049205
3,1572,0.002064247625049205
3,1573,0.002064247625049205
3,1574,0.002064247625049205
3,1575,0.002064247625049205
3,1576,0.002064247625049205
3,1577,0.002064247625049205
3,1578,0.002064247625049205
3,1579,0.002064247625049205
3,1580,0.002064247625049205
3,1581,0.002064247625049205
3,1582,0.002064247625049205
3,1583,0.002064247625049205
3,1584,0.002064247625049205
3,1585,0.002064247625049205
3,1586,0.002064247625049205
3,1587,0.002064247625049205
3,1588,0.002064247625049205
3,1589,0.002064247625049205
3,1590,0.002064247625049205
3,1591,0.002064247625049205
3,1592,0.002064247625049205
3,1593,0.002064247625049205
3,1594,0.002064247625049205
3,1595,0.002064247625049205
3,1596,0.002064247625049205
3,1597,0.002064247625049205
3,1598,0.002064247625049205
3,1599,0.002064247625049205
3,1600,0.002064247625049205
3,1601,0.002064247625049205
3,1602,0.002064247625049205
3,1603,0.002064247625049205
3,1604,0.002064247625049205
3,1605,0.002064247625049205
3,1606,0.002064247625049205
3,1607,0.002064247625049205
3,1608,0.002064247625049205
3,1609,0.002064247625049205
3,1610,0.002064247625049205
3,1611,0.002064247625049205
3,1612,0.002064247625049205
3,1613,0.002064247625049205
3,1614,0.002064247625049205
3,1615,0.002064247625049205
3,1616,0.002064247625049205
3,1617,0.002064247625049205
3,1618,0.002064247625049205
3,1619,0.002064247625049205
3,1620,0.002064247625049205
3,1621,0.002064247625049205
3,1622,0.002064247625049205
3,1623,0.002064247625049205
3,1624,0.002064247625049205
3,1625,0.002064247625049205
3,1626,0.002064247625049205
3,1627,0.002064247625049205
3,1628,0.002064247625049205
3,1629,0.002064247625049205
3,1630,0.002064247625049205
3,1631,0.002064247625049205
3,1632,0.002064247625049205
3,1633,0.002064247625049205
3,1634,0.002064247625049205
3,1635,0.002064247625049205
3,1636,0.002064247625049205
3,1637,0.002064247625049205
3,1638,0.002064247625049205
3,1639,0.002064247625049205
3,1640,0.002064247625049205
3,1641,0.002064247625049205
3,1642,0.002064247625049205
3,1643,0.002064247625049205
3,1644,0.002064247625049205
3,1645,0.002064247625049205
3,1646,0.002064247625049205
3,1647,0.002064247625049205
3,1648,0.002064247625049205
3,1649,0.002064247625049205
3,1650,0.002064247625049205
3,1651,0.002064247625049205
3,1652,0.002064247625049205
3,1653,0.002064247625049205
3,1654,0.002064247625049205
3,1655,0.002064247625049205
3,1656,0.002064247625049205
3,1657,0.002064247625049205
3,1658,0.002064247625049205
3,1659,0.002064247625049205
3,1660,0.002064247625049205
3,1661,0.002064247625049205
3,1662,0.002064247625049205
3,1663,0.002064247625049205
3,1664,0.002064247625049205
3,1665,0.002064247625049205
3,1666,0.002064247625049205
3,1667,0.002064247625049205
3,1668,0.002064247625049205
3,1669,0.002064247625049205
3,1670,0.002064247625049205
3,1671,0.002064247625049205
3,1672,0.002064247625049205
3,1673,0.002064247625049205
3,1674,0.002064247625049205
3,1675,0.002064247625049205
3,1676,0.002064247625049205
3,1677,0.002064247625049205
3,1678,0.002064247625049205
3,1679,0.002064247625049205
3,1680,0.002064247625049205
3,1681,0.002064247625049205
3,1682,0.002064247625049205
3,1683,0.002064247625049205
3,1684,0.002064247625049205
3,1685,0.002064247625049205
3,1686,0.002064247625049205
3,1687,0.002064247625049205
3,1688,0.002064247625049205
3,1689,0.002064247625049205
3,1690,0.002064247625049205
3,1691,0.002064247625049205
3,1692,0.002064247625049205
3,1693,0.002064247625049205
3,1694,0.002064247625049205
3,1695,0.002064247625049205
3,1696,0.002064247625049205
3,1697,0.002064247625049205
3,1698,0.002064247625049205
3,1699,0.002064247625049205
3,1700,0.002064247625049205
3,1701,0.002064247625049205
3,1702,0.002064247625049205
3,1703,0.002064247625049205
3,1704,0.002064247625049205
3,1705,0.002064247625049205
3,1706,0.002064247625049205
3,1707,0.002064247625049205
3,1708,0.002064247625049205
3,1709,0.002064247625049205
3,1710,0.002064247625049205
3,1711,0.002064247625049205
3,1712,0.002064247625049205
3,1713,0.002064247625049205
3,1714,0.002064247625049205
3,1715,0.002064247625049205
3,1716,0.002064247625049205
3,1717,0.002064247625049205
3,1718,0.002064247625049205
3,1719,0.002064247625049205
3,1720,0.002064247625049205
3,1721,0.002064247625049205
3,1722,0.002064247625049205
3,1723,0.002064247625049205
3,1724,0.002064247625049205
3,1725,0.002064247625049205
3,1726,0.002064247625049205
3,1727,0.002064247625049205
3,1728,0.002064247625049205
3,1729,0.002064247625049205
3,1730,0.002064247625049205
3,1731,0.002064247625049205
3,1732,0.002064247625049205
3,1733,0.002064247625049205
3,1734,0.002064247625049205
3,1735,0.002064247625049205
3,1736,0.002064247625049205
3,1737,0.002064247625049205
3,1738,0.002064247625049205
3,1739,0.002064247625049205
3,1740,0.002064247625049205
3,1741,0.002064247625049205
3,1742,0.002064247625049205
3,1743,0.002064247625049205
3,1744,0.002064247625049205
3,1745,0.002064247625049205
3,1746,0.002064247625049205
3,1747,0.002064247625049205
3,1748,0.002064247625049205
3,1749,0.002064247625049205
3,1750,0.002064247625049205
3,1751,0.002064247625049205
3,1752,0.002064247625049205
3,1753,0.002064247625049205
3,1754,0.002064247625049205
3,1755,0.002064247625049205
3,1756,0.002064247625049205
3,1757,0.002064247625049205
3,1758,0.002064247625049205
3,1759,0.002064247625049205
3,1760,0.002064247625049205
3,1761,0.002064247625049205
3,1762,0.002064247625049205
3,1763,0.002064247625049205
3,1764,0.002064247625049205
3,1765,0.002064247625049205
3,1766,0.002064247625049205
3,1767,0.002064247625049205
3,1768,0.002064247625049205
3,1769,0.002064247625049205
3,1770,0.002064247625049205
3,1771,0.002064247625049205
3,1772,0.002064247625049205
3,1773,0.002064247625049205
3,1774,0.002064247625049205
3,1775,0.002064247625049205
3,1776,0.002064247625049205
3,1777,0.002064247625049205
3,1778,0.002064247625049205
3,1779,0.002064247625049205
3,1780,0.002064247625049205
3,1781,0.002064247625049205
3,1782,0.002064247625049205
3,1783,0.002064247625049205
3,1784,0.002064247625049205
3,1785,0.002064247625049205
3,1786,0.002064247625049205
3,1787,0.002064247625049205
3,1788,0.002064247625049205
3,1789,0.002064247625049205
3,1790,0.002064247625049205
3,1791,0.002064247625049205
3,1792,0.002064247625049205
3,1793,0.002064247625049205
3,1794,0.002064247625049205
3,1795,0.002064247625049205
3,1796,0.002064247625049205
3,1797,0.002064247625049205
3,1798,0.002064247625049205
3,1799,0.002064247625049205
3,1800,0.002064247625049205
3,1801,0.002064247625049205
3,1802,0.002064247625049205
3,1803,0.002064247625049205
3,1804,0.002064247625049205
3,1805,0.002064247625049205
3,1806,0.002064247625049205
3,1807,0.002064247625049205
3,1808,0.002064247625049205
3,1809,0.002064247625049205
3,1810,0.002064247625049205
3,1811,0.002064247625049205
3,1812,0.002064247625049205
3,1813,0.002064247625049205
3,1814,0.002064247625049205
3,1815,0.002064247625049205
3,1816,0.002064247625049205
3,1817,0.002064247625049205
3,1818,0.002064247625049205
3,1819,0.002064247625049205
3,1820,0.002064247625049205
3,1821,0.002064247625049205
3,1822,0.002064247625049205
3,1823,0.002064247625049205
3,1824,0.002064247625049205
3,1825,0.002064247625049205
3,1826,0.002064247625049205
3,1827,0.002064247625049205
3,1828,0.002064247625049205
3,1829,0.002064247625049205
3,1830,0.002064247625049205
3,1831,0.002064247625049205
3,1832,0.002064247625049205
3,1833,0.002064247625049205
3,1834,0.002064247625049205
3,1835,0.002064247625049205
3,1836,0.002064247625049205
3,1837,0.002064247625049205
3,1838,0.002064247625049205
3,1839,0.002064247625049205
3,1840,0.002064247625049205
3,1841,0.002064247625049205
3,1842,0.002064247625049205
3,1843,0.002064247625049205
3,1844,0.002064247625049205
3,1845,0.002064247625049205
3,1846,0.002064247625049205
3,1847,0.002064247625049205
3,1848,0.002064247625049205
3,1849,0.002064247625049205
3,1850,0.002064247625049205
3,1851,0.002064247625049205
3,1852,0.002064247625049205
3,1853,0.002064247625049205
3,1854,0.002064247625049205
3,1855,0.002064247625049205
3,1856,0.002064247625049205
3,1857,0.002064247625049205
3,1858,0.002064247625049205
3,1859,0.002064247625049205
3,1860,0.002064247625049205
3,1861,0.002064247625049205
3,1862,0.002064247625049205
3,1863,0.002064247625049205
3,1864,0.002064247625049205
3,1865,0.002064247625049205
3,1866,0.002064247625049205
3,1867,0.002064247625049205
3,1868,0.002064247625049205
3,1869,0.002064247625049205
3,1870,0.002064247625049205
3,1871,0.002064247625049205
3,1872,0.002064247625049205
3,1873,0.002064247625049205
3,1874,0.002064247625049205
3,1875,0.002064247625049205
3,1876,0.002064247625049205
3,1877,0.002064247625049205
3,1878,0.002064247625049205
3,1879,0.002064247625049205
3,1880,0.002064247625049205
3,1881,0.002064247625049205
3,1882,0.002064247625049205
3,1883,0.002064247625049205
3,1884,0.002064247625049205
3,1885,0.002064247625049205
3,1886,0.002064247625049205
3,1887,0.002064247625049205
3,1888,0.002064247625049205
3,1889,0.002064247625049205
3,1890,0.002064247625049205
3,1891,0.002064247625049205
3,1892,0.002064247625049205
3,1893,0.002064247625049205
3,1894,0.002064247625049205
3,1895,0.002064247625049205
3,1896,0.002064247625049205
3,1897,0.002064247625049205
3,1898,0.002064247625049205
3,1899,0.002064247625049205
3,1900,0.002064247625049205
3,1901,0.002064247625049205
3,1902,0.002064247625049205
3,1903,0.002064247625049205
3,1904,0.002064247625049205
3,1905,0.002064247625049205
3,1906,0.002064247625049205
3,1907,0.002064247625049205
3,1908,0.002064247625049205
3,1909,0.002064247625049205
3,1910,0.002064247625049205
3,1911,0.002064247625049205
3,1912,0.002064247625049205
3,1913,0.002064247625049205
3,1914,0.002064247625049205
3,1915,0.002064247625049205
3,1916,0.002064247625049205
3,1917,0.002064247625049205
3,1918,0.002064247625049205
3,1919,0.002064247625049205
3,1920,0.002064247625049205
3,1921,0.002064247625049205
3,1922,0.002064247625049205
3,1923,0.002064247625049205
3,1924,0.002064247625049205
3,1925,0.002064247625049205
3,1926,0.002064247625049205
3,1927,0.002064247625049205
3,1928,0.002064247625049205
3,1929,0.002064247625049205
3,1930,0.002064247625049205
3,1931,0.002064247625049205
3,1932,0.002064247625049205
3,1933,0.002064247625049205
3,1934,0.002064247625049205
3,1935,0.002064247625049205
3,1936,0.002064247625049205
3,1937,0.002064247625049205
3,1938,0.002064247625049205
3,1939,0.002064247625049205
3,1940,0.002064247625049205
3,1941,0.002064247625049205
3,1942,0.002064247625049205
3,1943,0.002064247625049205
3,1944,0.002064247625049205
3,1945,0.002064247625049205
3,1946,0.002064247625049205
3,1947,0.002064247625049205
3,1948,0.002064247625049205
3,1949,0.002064247625049205
3,1950,0.002064247625049205
3,1951,0.002064247625049205
3,1952,0.002064247625049205
3,1953,0.002064247625049205
3,1954,0.002064247625049205
3,1955,0.002064247625049205
3,1956,0.002064247625049205
3,1957,0.002064247625049205
3,1958,0.002064247625049205
3,1959,0.002064247625049205
3,1960,0.002064247625049205
3,1961,0.002064247625049205
3,1962,0.002064247625049205
3,1963,0.002064247625049205
3,1964,0.002064247625049205
3,1965,0.002064247625049205
3,1966,0.002064247625049205
3,1967,0.002064247625049205
3,1968,0.002064247625049205
3,1969,0.002064247625049205
3,1970,0.002064247625049205
3,1971,0.002064247625049205
3,1972,0.002064247625049205
3,1973,0.002064247625049205
3,1974,0.002064247625049205
3,1975,0.002064247625049205
3,1976,0.002064247625049205
3,1977,0.002064247625049205
3,1978,0.002064247625049205
3,1979,0.002064247625049205
3,1980,0.002064247625049205
3,1981,0.002064247625049205
3,1982,0.002064247625049205
3,1983,0.002064247625049205
3,1984,0.002064247625049205
3,1985,0.002064247625049205
3,1986,0.002064247625049205
3,1987,0.002064247625049205
3,1988,0.002064247625049205
3,1989,0.002064247625049205
3,1990,0.002064247625049205
3,1991,0.002064247625049205
3,1992,0.002064247625049205
3,1993,0.002064247625049205
3,1994,0.002064247625049205
3,1995,0.002064247625049205
3,1996,0.002064247625049205
3,1997,0.002064247625049205
3,1998,0.002064247625049205
3,1999,0.002064247625049205
