chain,draw,energy
0,0,683.3083673545677
0,1,678.9792466947931
0,2,677.2881844111241
0,3,679.9868726410477
0,4,679.4307634198116
0,5,679.277931877333
0,6,681.9735715543715
0,7,681.0139803321968
0,8,683.2828961241929
0,9,679.2991664887052
0,10,674.6260452907526
0,11,677.0251181525566
0,12,671.9188936507311
0,13,675.8724201672733
0,14,681.1217585880662
0,15,678.4697459508349
0,16,683.069137585761
0,17,681.3193072965493
0,18,683.2827231026249
0,19,686.2754490658114
0,20,680.6575645669275
0,21,671.1050174496083
0,22,678.4611731446669
0,23,672.6320539919689
0,24,675.9192319279576
0,25,677.1625882158471
0,26,678.3260314698452
0,27,672.8054235166122
0,28,675.0376917184183
0,29,671.2310986046491
0,30,681.1884009139392
0,31,677.3420176035175
0,32,671.8356158515085
0,33,669.9150103731718
0,34,676.4930736745938
0,35,682.0584412130933
0,36,681.0574592974302
0,37,676.9220751647509
0,38,676.512453661326
0,39,680.9488952648018
0,40,682.1734911199998
0,41,686.8272265684132
0,42,680.440578643326
0,43,681.0087977905998
0,44,680.2759711798385
0,45,676.3717733023351
0,46,676.3695350695127
0,47,674.1865643685178
0,48,680.9876595107287
0,49,684.9471137870523
0,50,687.6303231523161
0,51,691.1085426054507
0,52,685.0709485172944
0,53,680.1327446948436
0,54,678.6458656232256
0,55,676.2561891652958
0,56,682.0993606915138
0,57,684.7966394945918
0,58,681.717966175335
0,59,682.1880766766224
0,60,677.4918203406213
0,61,668.7800463906922
0,62,673.1158345101475
0,63,679.1166245303966
0,64,680.3221546138018
0,65,679.1832007996924
0,66,681.977399577966
0,67,679.4509037899475
0,68,673.5912488031491
0,69,669.6542056152653
0,70,671.1569936508444
0,71,679.5034831798497
0,72,672.3521320189942
0,73,681.8826803441726
0,74,688.961652553914
0,75,678.2754005233159
0,76,673.2442007988668
0,77,678.7584696677729
0,78,671.5431731555692
0,79,678.663641465353
0,80,684.2237078982832
0,81,688.2770537220996
0,82,687.2988988473307
0,83,676.8096474591708
0,84,675.9981132116889
0,85,684.0372935941823
0,86,679.0245800955627
0,87,676.3617788494577
0,88,675.8317273924863
0,89,676.0658295864315
0,90,684.0937859766915
0,91,677.8977425287403
0,92,675.0622195060702
0,93,680.8137203755243
0,94,681.3687393203631
0,95,682.111126884818
0,96,693.3657977260847
0,97,690.6062903797203
0,98,694.9554052173507
0,99,702.4094217734265
0,100,696.6356652425147
0,101,679.4014579396188
0,102,675.5383562913602
0,103,680.7463144326421
0,104,687.822856786046
0,105,688.9021076927143
0,106,684.9397835522576
0,107,688.3037661578034
0,108,691.677577871005
0,109,685.7205056204925
0,110,692.431658512509
0,111,688.2974246685376
0,112,681.1587772395903
0,113,686.7046224692987
0,114,679.4272244936014
0,115,684.3031968594709
0,116,685.805360584914
0,117,688.7623970869245
0,118,687.086797713969
0,119,691.3306497154393
0,120,697.253204925109
0,121,695.1946322634057
0,122,687.73618026692
0,123,690.092718421706
0,124,689.6888749270057
0,125,684.672966992973
0,126,678.5705458350828
0,127,681.4899876914188
0,128,677.0553814556005
0,129,675.0084056142634
0,130,677.937960213905
0,131,683.627798279131
0,132,688.9387141152314
0,133,686.92916346986
0,134,687.2864018231705
0,135,688.8392383390659
0,136,684.0458522492688
0,137,682.2225837624987
0,138,690.2731589188896
0,139,684.0407092230179
0,140,686.1513143589802
0,141,683.9761744399349
0,142,682.2884983711477
0,143,693.2230717317011
0,144,684.2417309816461
0,145,689.0399547865316
0,146,686.6226486196231
0,147,691.8319408013631
0,148,694.6402570686583
0,149,695.1645538891887
0,150,694.1920842858517
0,151,689.4155576030889
0,152,684.7036426856371
0,153,679.2595993290884
0,154,683.4478634142695
0,155,681.8695618574988
0,156,692.5197945535712
0,157,679.8583060759631
0,158,670.2963534190674
0,159,670.7177671686399
0,160,677.1646241227169
0,161,676.5902769516352
0,162,672.8992703292239
0,163,677.5651068357982
0,164,683.4777451333051
0,165,681.8861424097462
0,166,677.1040685002796
0,167,690.4033748964504
0,168,688.279496137676
0,169,682.5047286599832
0,170,680.05326293523
0,171,680.7343667204219
0,172,676.6134968197015
0,173,675.0810949310622
0,174,678.2722117346045
0,175,680.6017938039892
0,176,686.3342770403409
0,177,683.3112296554242
0,178,684.4080796202538
0,179,687.368014068371
0,180,680.5698189748913
0,181,681.2084623128727
0,182,682.5900879662001
0,183,685.2492316834117
0,184,685.2200508350729
0,185,683.5766870334057
0,186,677.6335993852891
0,187,673.9169389304096
0,188,680.3685017250704
0,189,687.0214498851956
0,190,688.7376915800654
0,191,687.6334792449585
0,192,683.8964467831609
0,193,685.4230014802064
0,194,691.4808687149479
0,195,685.541040734351
0,196,686.7270432589963
0,197,684.4686333643292
0,198,687.1338808435648
0,199,686.6174282602466
0,200,690.6399069931767
0,201,688.4645141612298
0,202,680.9914573528132
0,203,679.3391255602922
0,204,670.3816232304843
0,205,669.5916814219797
0,206,672.5082133747633
0,207,674.8806753032799
0,208,678.9823325764567
0,209,677.7598617803466
0,210,679.804026219581
0,211,672.3337202843608
0,212,673.9904510100043
0,213,684.8261278941089
0,214,681.2456308818092
0,215,679.7081765917604
0,216,676.4735360784164
0,217,679.860954904223
0,218,685.5333641307959
0,219,683.3096836671049
0,220,682.2610732570224
0,221,681.0268899699676
0,222,684.5754690151598
0,223,681.2900582477138
0,224,675.2085023287485
0,225,680.0452367756475
0,226,686.4911673379181
0,227,682.5246123873592
0,228,681.5230122445305
0,229,684.7273461159758
0,230,682.4831640811303
0,231,686.6656851433803
0,232,692.6036428081261
0,233,685.0692302744726
0,234,685.1482393202847
0,235,677.3665949093629
0,236,679.8626494715937
0,237,677.7577732973069
0,238,679.857749468718
0,239,675.5735467243517
0,240,681.8454148946508
0,241,685.1296211023114
0,242,685.5026536137397
0,243,690.3834375360618
0,244,691.8945156896972
0,245,682.3714451773394
0,246,684.5404641554785
0,247,692.2541029127354
0,248,692.346566040604
0,249,689.4943081863449
0,250,681.7198160333617
0,251,684.9677378662444
0,252,691.4086153390426
0,253,692.3853609815787
0,254,682.6873694149865
0,255,681.3767326198409
0,256,685.5871134319254
0,257,690.3684749485828
0,258,679.5988066272363
0,259,678.0880928638551
0,260,680.3754020961816
0,261,681.9113858704168
0,262,679.8867553098497
0,263,678.6200397356024
0,264,681.033898211742
0,265,685.9934891221021
0,266,685.9296777509236
0,267,684.4526394820022
0,268,684.5045567879092
0,269,682.1822523546533
0,270,685.269856232741
0,271,687.9672729323544
0,272,685.3739287715746
0,273,679.2741538749538
0,274,682.3916430661982
0,275,683.5728769956594
0,276,675.9108091558707
0,277,680.5005817566486
0,278,681.4801648187455
0,279,678.5299043668145
0,280,682.9910758884105
0,281,692.5403581072073
0,282,691.66110951433
0,283,688.1408221411373
0,284,692.8307331210697
0,285,700.334623283867
0,286,682.5181860534024
0,287,682.9416147230238
0,288,685.1511990680905
0,289,686.2899496437926
0,290,690.5482053250274
0,291,683.8465250692282
0,292,682.0855345443986
0,293,677.2483752695836
0,294,676.3814744962272
0,295,674.9317639804698
0,296,673.678274656158
0,297,672.7972902834448
0,298,682.0080462041867
0,299,679.3481407188929
0,300,684.2833520437862
0,301,690.5277235526389
0,302,699.9869844099188
0,303,690.6476311270515
0,304,686.076517325954
0,305,688.4325665441847
0,306,685.4398054661473
0,307,686.078833819875
0,308,683.868669746833
0,309,681.1633942244584
0,310,681.1330949765955
0,311,674.0648237773851
0,312,684.2084032566737
0,313,686.2906242789712
0,314,686.9299778519525
0,315,679.4130271579576
0,316,680.0029924896527
0,317,677.6087420739641
0,318,673.6993746299291
0,319,680.3388938497828
0,320,684.328476754461
0,321,681.0449552538894
0,322,689.2976021966944
0,323,675.5570862073102
0,324,678.1030306199361
0,325,676.4500690660317
0,326,680.7729528878233
0,327,688.0813213188634
0,328,688.7440129784352
0,329,692.0493485858701
0,330,682.8691639562109
0,331,686.4139503955776
0,332,680.5456452159499
0,333,677.808376026909
0,334,678.3119624440818
0,335,679.5033783963173
0,336,679.0802022456602
0,337,691.0754354480129
0,338,694.6502351737006
0,339,687.7347822055008
0,340,679.3815116271697
0,341,680.8976815205441
0,342,689.3017924598424
0,343,693.5343105883834
0,344,688.3631940041681
0,345,682.7341464297266
0,346,681.6012498536212
0,347,683.1099872696138
0,348,685.855140387402
0,349,682.584863160233
0,350,685.3080631849388
0,351,681.3703603014995
0,352,690.6868865089347
0,353,690.4088258133413
0,354,692.1148809133567
0,355,696.7390838148056
0,356,688.6234272451883
0,357,691.8928904113923
0,358,693.3289751423071
0,359,687.8988761011789
0,360,688.7469546023211
0,361,686.9858961515762
0,362,689.6134603175622
0,363,683.7528097245548
0,364,683.3776906211249
0,365,689.8717797663401
0,366,686.7822783757265
0,367,685.0950630595586
0,368,685.766296519153
0,369,679.9487108219325
0,370,674.1182447155813
0,371,681.785932826734
0,372,691.873878959953
0,373,688.9176007334562
0,374,686.7410148845482
0,375,685.2561748670404
0,376,685.6070309377915
0,377,682.4924518239841
0,378,677.5178006172043
0,379,675.7201773046601
0,380,676.1584182475463
0,381,677.4253593222882
0,382,676.4303651583011
0,383,677.8960488519626
0,384,678.3177431623152
0,385,675.7599962165916
0,386,682.6040690023387
0,387,681.2491984770824
0,388,678.606484588539
0,389,677.314124687908
0,390,672.0073603212531
0,391,680.4910063258341
0,392,686.0008423392782
0,393,681.992473036674
0,394,685.4017993781861
0,395,684.5714868221058
0,396,679.6857500070015
0,397,680.2992175201942
0,398,682.6097795724297
0,399,687.7184830676769
0,400,680.733381636094
0,401,684.0652133595225
0,402,689.6173374361343
0,403,686.1284092054073
0,404,685.3821542401539
0,405,680.6026102084577
0,406,677.2449316819997
0,407,686.42483016233
0,408,676.908424639599
0,409,682.7742683310108
0,410,681.0145055609893
0,411,685.9235047268128
0,412,689.3357115147844
0,413,682.5519420771741
0,414,680.903160667128
0,415,682.7627796440279
0,416,677.5579295400871
0,417,677.9166787286881
0,418,679.0146598606954
0,419,682.3194596955898
0,420,682.4630268391529
0,421,681.6527874156732
0,422,676.809469454469
0,423,678.3437077447768
0,424,679.8210861603471
0,425,683.9953768509448
0,426,686.2887369432768
0,427,695.1435910067039
0,428,690.2016881187498
0,429,689.1410649968274
0,430,680.0149530409332
0,431,678.2647397165065
0,432,678.6129657771835
0,433,684.1637765109183
0,434,688.4867429680095
0,435,694.1358911620639
0,436,690.9960499959795
0,437,680.9824392812845
0,438,683.2348124815045
0,439,685.2103673617727
0,440,675.9320971165697
0,441,671.0120649186396
0,442,677.6468851106492
0,443,676.3460056941193
0,444,681.2488254551868
0,445,679.5822200390331
0,446,679.1826682306134
0,447,675.3389379649776
0,448,683.6439950066756
0,449,686.3998954336624
0,450,684.0912582974627
0,451,676.0283741383128
0,452,682.7761074583026
0,453,677.5939962302202
0,454,683.0846181443038
0,455,679.6848630706413
0,456,682.3421706349961
0,457,676.3924027543743
0,458,692.5107618288225
0,459,686.6057267266435
0,460,688.2474780157521
0,461,683.9852609186089
0,462,692.0617185101465
0,463,683.9861539999775
0,464,686.083779703324
0,465,685.6113144915081
0,466,682.6369751757352
0,467,684.3175427676128
0,468,679.4196213718475
0,469,675.2175535372002
0,470,674.6959483413932
0,471,678.0955341618005
0,472,682.1217508340737
0,473,687.9872384026052
0,474,683.0630303678435
0,475,677.980280094187
0,476,675.2035820628355
0,477,686.1562395033021
0,478,685.0448156271574
0,479,686.5585414015328
0,480,681.5803688045498
0,481,685.4732691032016
0,482,686.8005617648663
0,483,680.8407195242464
0,484,678.8980173625441
0,485,681.9731177273009
0,486,684.288986449975
0,487,690.0673836162541
0,488,683.2794387412496
0,489,682.7598582658176
0,490,688.8503486727737
0,491,688.8429289371961
0,492,679.3132228284005
0,493,677.6877564863125
0,494,682.4886679059699
0,495,681.2170466380916
0,496,677.4047431268923
0,497,683.2141955924677
0,498,674.4914381433505
0,499,672.918098418695
0,500,678.0143708370807
0,501,684.395763717946
0,502,678.5280738492539
0,503,678.6840434746902
0,504,684.7491639160108
0,505,683.0325409871286
0,506,687.8404494966009
0,507,687.410538645711
0,508,686.1299496248063
0,509,679.1952309828705
0,510,679.6713455504171
0,511,682.3260316766415
0,512,678.9187055962634
0,513,676.070738858879
0,514,677.0745650539992
0,515,689.7405548564132
0,516,692.85249547808
0,517,689.9684544414727
0,518,676.4311008209554
0,519,676.8283317158682
0,520,677.7396771590555
0,521,681.2658605545715
0,522,684.9448299504309
0,523,680.9152257604136
0,524,677.5605835224482
0,525,675.3951200721705
0,526,679.9487447295336
0,527,674.1748802277582
0,528,682.8760038957889
0,529,675.5790772699604
0,530,683.369682142282
0,531,676.4497803424888
0,532,679.6620018579425
0,533,680.7850891638935
0,534,678.4380839281432
0,535,678.9735954469867
0,536,682.0467573856233
0,537,686.5055568124926
0,538,685.2752063324286
0,539,678.0917918657096
0,540,684.1252498135575
0,541,690.2831331263275
0,542,690.881832888514
0,543,691.7338551822385
0,544,684.5150376099892
0,545,680.9111980468253
0,546,676.5381424366193
0,547,682.5468816738947
0,548,680.8723990927306
0,549,681.3156940641787
0,550,676.22179470447
0,551,682.7215171353871
0,552,681.5885507281537
0,553,685.4932921563699
0,554,686.1342995274086
0,555,680.7800778691218
0,556,686.6199986756061
0,557,682.2405232497434
0,558,677.4217218885525
0,559,680.9137091630923
0,560,675.7556107917723
0,561,678.5823276622792
0,562,673.1455065036611
0,563,678.7076416065859
0,564,686.4744855724825
0,565,679.845442061161
0,566,689.3370963229859
0,567,682.815002847722
0,568,679.6829396277042
0,569,685.3148814280983
0,570,693.1807394738764
0,571,681.0693376443842
0,572,671.4878653209176
0,573,675.2879760095951
0,574,677.0301231328883
0,575,683.0945693725905
0,576,690.0519536482522
0,577,685.2420194012722
0,578,676.1125998737037
0,579,683.682028811907
0,580,679.9742278949658
0,581,691.9013473940981
0,582,685.603315084907
0,583,675.4944602615041
0,584,676.2563402961487
0,585,674.023530111078
0,586,681.2692936012098
0,587,675.8250664583555
0,588,671.1711561441704
0,589,673.763204155835
0,590,678.8662082900519
0,591,677.1247035759899
0,592,678.983250792593
0,593,680.8430346972872
0,594,680.9954711623938
0,595,679.8654312369782
0,596,675.9226872691406
0,597,684.9665916136637
0,598,682.550669519711
0,599,680.0918828815595
0,600,678.1534266876021
0,601,685.9338571432205
0,602,691.4620362045476
0,603,700.3532104923124
0,604,701.4413454733843
0,605,693.2134958030566
0,606,689.7144260083143
0,607,687.7266651331495
0,608,685.9926239220063
0,609,685.091634938858
0,610,678.3234216050411
0,611,684.1617642117044
0,612,675.0238145706888
0,613,678.6660976832003
0,614,684.080728482118
0,615,685.7088005097709
0,616,687.2982470655251
0,617,692.4388393771832
0,618,694.755164266475
0,619,679.7307443682051
0,620,673.7714926317561
0,621,679.9267607343402
0,622,677.2020287575003
0,623,686.2761395347121
0,624,676.3124258709379
0,625,682.8565212338689
0,626,686.5469420642769
0,627,683.097173576515
0,628,683.9791734521535
0,629,678.186333861438
0,630,676.4481917649357
0,631,683.0010475109918
0,632,682.8238236250995
0,633,691.2392979368911
0,634,694.8312665199579
0,635,687.5434965639197
0,636,690.5829541992987
0,637,692.4798603693527
0,638,684.4977830953083
0,639,679.1053313281726
0,640,678.0236670193038
0,641,690.6616984941099
0,642,690.2174596093057
0,643,688.5675423507793
0,644,689.2496517148065
0,645,693.7034188464713
0,646,689.7496580732676
0,647,692.6237427362001
0,648,689.3995107227117
0,649,688.3694645820797
0,650,683.9161555899226
0,651,688.0591644008978
0,652,676.1873936500124
0,653,687.5576507304494
0,654,679.3091020372891
0,655,682.0872420551614
0,656,681.4982684835752
0,657,690.4476524853737
0,658,682.532793857053
0,659,680.8205760501385
0,660,678.0733652748588
0,661,676.3141668289708
0,662,678.9091202816378
0,663,683.105034089452
0,664,688.344773169026
0,665,682.6611067071681
0,666,688.3256280364162
0,667,682.5351899190771
0,668,678.5409624694796
0,669,686.4530286972094
0,670,674.3389351495844
0,671,674.9252994894048
0,672,677.7625066782263
0,673,679.6542990800997
0,674,680.7754013366158
0,675,681.0154680066755
0,676,684.4045707490174
0,677,681.7568973918287
0,678,681.2197130054951
0,679,686.217657639392
0,680,678.8086557817865
0,681,683.7895679234177
0,682,683.8634420834998
0,683,676.332116846468
0,684,677.9638508340784
0,685,682.951186782927
0,686,684.7754239842905
0,687,679.6945131067417
0,688,676.7000494218187
0,689,684.2568795968608
0,690,688.0203333057623
0,691,685.0093362047312
0,692,679.9429853335724
0,693,673.7723692223585
0,694,674.546870112749
0,695,682.8388586913658
0,696,682.0869830127862
0,697,676.8532352531784
0,698,677.6851212555327
0,699,673.2824702847997
0,700,677.8421239311843
0,701,682.7812863010807
0,702,677.2504092183414
0,703,679.8243221848891
0,704,684.198576663844
0,705,681.9821996300182
0,706,681.3691277030714
0,707,675.982268903939
0,708,671.2928309652187
0,709,681.723289179688
0,710,691.0655573399202
0,711,677.3131801218117
0,712,676.2873884845654
0,713,682.3511656743362
0,714,682.1085774353222
0,715,686.8324669655708
0,716,679.3222481687138
0,717,690.701813023668
0,718,680.9520147859304
0,719,668.9413953206083
0,720,676.9365011886022
0,721,680.8776555308361
0,722,675.3120602060712
0,723,677.2971509793622
0,724,685.2095194848337
0,725,699.532742325185
0,726,691.5085248452568
0,727,691.1927983777422
0,728,683.344471138629
0,729,690.4742109767609
0,730,690.4664168034593
0,731,687.5795600330467
0,732,683.4601864502848
0,733,677.4426109598967
0,734,677.1315118552943
0,735,680.9698031542943
0,736,684.9810143847607
0,737,683.4357490617099
0,738,683.3073253684911
0,739,678.2808792115605
0,740,675.8884348501756
0,741,675.7790239281488
0,742,674.7293142032441
0,743,684.3034679345956
0,744,679.3512063485465
0,745,676.1015778946673
0,746,678.5086883116032
0,747,678.1484069193923
0,748,685.2032862218356
0,749,678.5852541574328
0,750,686.9078376264839
0,751,689.4001021043811
0,752,683.4030672978581
0,753,682.5990093984294
0,754,679.4297690846079
0,755,684.8944099198582
0,756,686.2894573243202
0,757,684.0346815340777
0,758,698.9089045659499
0,759,696.4491477196741
0,760,699.5831924728515
0,761,688.8989282991103
0,762,690.9379063226274
0,763,687.9447381071083
0,764,687.6228866657234
0,765,675.6169972171436
0,766,675.8929117640428
0,767,675.1955362096177
0,768,682.1029565617276
0,769,685.1609980871123
0,770,696.7939196925423
0,771,695.04718873496
0,772,685.5163553426308
0,773,691.6935910150213
0,774,689.4087808138084
0,775,680.193230564394
0,776,687.0670237382594
0,777,685.1953925922693
0,778,674.81860156114
0,779,682.9645630671172
0,780,683.6126825519285
0,781,683.0452182648814
0,782,686.0143693298518
0,783,681.4192057680839
0,784,681.3386640042877
0,785,674.123009540488
0,786,675.1339852708754
0,787,678.7328782200764
0,788,678.227667537723
0,789,674.5319189667424
0,790,679.7371263914537
0,791,683.3137128300865
0,792,686.1178038367749
0,793,684.809671072482
0,794,684.8655942957699
0,795,691.8599522792497
0,796,680.0628230862621
0,797,675.6449599487391
0,798,669.0760040703295
0,799,682.9227453594947
0,800,684.1639122036455
0,801,686.0608510669898
0,802,688.6772155112877
0,803,684.806304388064
0,804,691.3847401630927
0,805,684.8843722687527
0,806,680.2654702956319
0,807,673.7364409426475
0,808,676.8880175986482
0,809,674.4192977639378
0,810,679.6418871991068
0,811,676.3152613719105
0,812,683.4759434660288
0,813,682.3369114572723
0,814,680.5414092647007
0,815,682.486627027031
0,816,687.6420941160112
0,817,689.2149346152796
0,818,686.2834665384289
0,819,685.1921143735613
0,820,687.8655170646645
0,821,682.5376277394436
0,822,674.1238103405348
0,823,679.899907622914
0,824,676.5452486641918
0,825,679.8523314872841
0,826,678.4813427165687
0,827,674.2960590629943
0,828,678.6955785984576
0,829,678.2828632898577
0,830,678.1001579041271
0,831,682.1727261535955
0,832,675.8695548689494
0,833,684.4518877338945
0,834,692.5084385743395
0,835,691.8659957812376
0,836,685.223363724972
0,837,680.999345723726
0,838,682.8110104985789
0,839,686.6203392220021
0,840,683.0286114531947
0,841,694.9918020677658
0,842,690.9798394137118
0,843,679.2270962251715
0,844,682.6297146504276
0,845,678.4551941771596
0,846,684.4126753719537
0,847,684.7961193143835
0,848,675.9729844404952
0,849,683.2674148925705
0,850,683.623217453707
0,851,687.4592661924258
0,852,687.1668953525315
0,853,687.5352446990217
0,854,689.0672473446266
0,855,682.1184408096489
0,856,685.702322651028
0,857,692.184883963327
0,858,693.3448852532039
0,859,689.5356538548008
0,860,683.1833676238839
0,861,679.4982545544382
0,862,685.3532554528183
0,863,680.0590990997255
0,864,686.1181244837028
0,865,686.8517562433155
0,866,679.7563506213977
0,867,681.8385446610913
0,868,682.0681555206081
0,869,683.5541990983719
0,870,684.880097562299
0,871,686.7830564532893
0,872,680.8183441375668
0,873,680.0143966704214
0,874,679.2399284948119
0,875,679.1014173021618
0,876,678.3102039183394
0,877,683.3354226679932
0,878,683.6725186787132
0,879,700.2956041936403
0,880,693.0578558844687
0,881,687.1042936534445
0,882,687.0989658382906
0,883,676.525577067172
0,884,669.7055117840076
0,885,682.609078994698
0,886,689.7078137408565
0,887,680.360409216632
0,888,683.6717914008681
0,889,686.1639799552448
0,890,693.2627502546761
0,891,686.3627487513986
0,892,678.8358925947722
0,893,690.8374751751387
0,894,692.5032834371193
0,895,691.9354545086986
0,896,688.2965323030497
0,897,683.4460137939426
0,898,683.2782125676719
0,899,684.1242914396864
0,900,684.6448239863143
0,901,688.6831583724143
0,902,679.0155903915474
0,903,678.8015383621361
0,904,676.2984175892385
0,905,676.6393915002244
0,906,681.2793848274274
0,907,684.381986586277
0,908,685.5329199327293
0,909,688.404376087587
0,910,688.0286757156797
0,911,691.597954751684
0,912,682.6330797261645
0,913,689.4688668311842
0,914,692.0967344292762
0,915,700.9651453764899
0,916,684.5485368297212
0,917,679.0885291152756
0,918,675.8560682196629
0,919,682.9926785685306
0,920,683.6494343616305
0,921,683.1925724933217
0,922,678.5719274946937
0,923,677.4543256525269
0,924,675.9567944034613
0,925,678.5582892246712
0,926,689.7876028236562
0,927,677.0360609141429
0,928,687.3217207983795
0,929,684.5323449542516
0,930,687.0449327379647
0,931,683.7025960157494
0,932,677.0834659790992
0,933,676.4403268867702
0,934,678.3066734854619
0,935,680.4264009888025
0,936,681.8741242316485
0,937,683.4674009576777
0,938,694.2091197807097
0,939,683.0673230579572
0,940,693.9633279740444
0,941,684.7836126345081
0,942,684.997571940104
0,943,688.3409707052467
0,944,682.547407920103
0,945,688.4772548615745
0,946,689.7607443042133
0,947,691.7795682261158
0,948,695.5989702327953
0,949,699.6518253388891
0,950,685.1006712964399
0,951,684.3229428457639
0,952,684.3601199619853
0,953,682.6224869309946
0,954,684.2950699089638
0,955,680.6403919406096
0,956,683.6469420318413
0,957,685.7991880446432
0,958,680.7272026764996
0,959,680.7657273594035
0,960,688.2878281417791
0,961,691.9970996262346
0,962,682.4481114515123
0,963,678.4202099604842
0,964,683.2781788545454
0,965,690.7740489573181
0,966,691.0938299459942
0,967,689.4109237051686
0,968,694.7225252928289
0,969,689.8870434955136
0,970,684.8099786223402
0,971,687.2809589769872
0,972,677.8921799003282
0,973,674.7126084872938
0,974,680.0380795501485
0,975,676.2908565070745
0,976,686.0998064786804
0,977,687.4066951129016
0,978,681.8317091690504
0,979,677.2958001017828
0,980,680.2711820005866
0,981,685.6369010814229
0,982,693.1420518812732
0,983,701.4794069447248
0,984,702.0236870897817
0,985,697.6523017858343
0,986,700.7905995403933
0,987,692.5022652756315
0,988,690.8523095475773
0,989,690.4545238750824
0,990,681.4053271334702
0,991,679.2023454259611
0,992,673.8683137440004
0,993,674.597622488819
0,994,675.3104172394903
0,995,677.1581885961134
0,996,677.1262209101551
0,997,675.5367926195192
0,998,687.3041147963553
0,999,685.639266800523
0,1000,686.7884841295847
0,1001,679.4751057432243
0,1002,678.8829958938389
0,1003,677.6658648636521
0,1004,676.9156430792416
0,1005,684.7137605296859
0,1006,682.1589345808829
0,1007,681.763920517798
0,1008,680.0763812583583
0,1009,687.4411926455576
0,1010,681.3092726548222
0,1011,685.2268558336074
0,1012,684.9449718291231
0,1013,684.4682552813123
0,1014,690.9802397796826
0,1015,691.1397199124975
0,1016,703.3255127369606
0,1017,693.8069312639944
0,1018,687.5385081223196
0,1019,688.2864764973236
0,1020,684.0386838451534
0,1021,688.0424560183767
0,1022,697.3076072268448
0,1023,696.3047520545654
0,1024,695.945820195115
0,1025,692.260307699611
0,1026,688.2588548051772
0,1027,681.2092181033197
0,1028,682.7352878549083
0,1029,689.480862062923
0,1030,684.5626860656586
0,1031,681.342726958958
0,1032,692.5342790186476
0,1033,695.1219924590015
0,1034,692.3827175368277
0,1035,694.1547779338282
0,1036,692.2170883001257
0,1037,681.2704762824949
0,1038,682.865113432673
0,1039,680.1660582229779
0,1040,685.35483695379
0,1041,685.2126925453598
0,1042,687.6723171630682
0,1043,679.5616174531632
0,1044,680.8911275445982
0,1045,685.781808107188
0,1046,683.4308547481961
0,1047,679.144253784468
0,1048,674.0361356774621
0,1049,680.4424121109713
0,1050,684.2783570344332
0,1051,688.6167227772412
0,1052,686.3951927108127
0,1053,687.1414608465545
0,1054,693.2656865358462
0,1055,692.3687812574427
0,1056,684.8766043601737
0,1057,687.5899552190943
0,1058,683.8953868602987
0,1059,685.6144053420442
0,1060,682.5646646623254
0,1061,686.029176115634
0,1062,686.5280421664072
0,1063,685.1334729529393
0,1064,686.1967093952671
0,1065,686.7995441986493
0,1066,690.3366390253395
0,1067,688.2161912951668
0,1068,693.128810983245
0,1069,686.8041432815075
0,1070,690.0043037985176
0,1071,688.6661906055891
0,1072,684.5061344332346
0,1073,682.1271477929212
0,1074,688.5823249336104
0,1075,687.1245666264675
0,1076,686.8403469525615
0,1077,685.5844234438026
0,1078,686.4864767669228
0,1079,688.555988979337
0,1080,677.9347421327205
0,1081,681.3297339528444
0,1082,679.5363109352957
0,1083,673.7238285163828
0,1084,674.2246400848538
0,1085,679.3855963791408
0,1086,682.280741789723
0,1087,680.3386187825297
0,1088,681.0258981699642
0,1089,679.109940814537
0,1090,675.7696043733437
0,1091,676.0473172335641
0,1092,684.5231571231814
0,1093,680.9569972078606
0,1094,672.2418309593238
0,1095,674.8932457833689
0,1096,680.5644773883457
0,1097,684.5820915520799
0,1098,685.0207891362221
0,1099,688.6859767141318
0,1100,681.5445880817865
0,1101,682.700885994602
0,1102,677.720965578593
0,1103,675.4304457001408
0,1104,684.590715399771
0,1105,690.7640626605869
0,1106,683.1584355211438
0,1107,686.8421508571274
0,1108,682.8370166318997
0,1109,683.9779660922078
0,1110,678.1139045799938
0,1111,677.6358316226856
0,1112,674.5260199049798
0,1113,683.8436403340461
0,1114,679.1742530878088
0,1115,673.4972718854118
0,1116,674.8575222279114
0,1117,675.8237050673504
0,1118,679.0288472374384
0,1119,676.7412026995371
0,1120,682.5508784130096
0,1121,682.4425272825903
0,1122,683.6443924140592
0,1123,682.1581489273472
0,1124,684.9856017197743
0,1125,681.6341008154171
0,1126,676.3851464815878
0,1127,683.1878488344637
0,1128,689.1559436874111
0,1129,687.3849406623004
0,1130,683.5871782526224
0,1131,681.8249926835648
0,1132,684.1279376706498
0,1133,692.7355758911792
0,1134,678.9347289604619
0,1135,675.3226153994249
0,1136,676.004784200655
0,1137,672.2517523086458
0,1138,681.2339014454839
0,1139,685.198623773416
0,1140,678.1771195967643
0,1141,673.9996648121544
0,1142,676.6666079264073
0,1143,685.577032443272
0,1144,684.2539577645548
0,1145,678.1589131226639
0,1146,677.7669413311484
0,1147,674.5958393480554
0,1148,672.1458981081543
0,1149,679.0500386917637
0,1150,681.5669702822859
0,1151,687.8729363013376
0,1152,683.1872433072235
0,1153,691.9480438393626
0,1154,691.4677298157449
0,1155,691.8289385178003
0,1156,680.6014966324979
0,1157,675.12490397337
0,1158,679.1151692677737
0,1159,673.618345489625
0,1160,674.0738817884093
0,1161,683.0091861818994
0,1162,685.3443025833875
0,1163,685.0774725011291
0,1164,684.4695167506509
0,1165,688.9082748363859
0,1166,685.2581909004609
0,1167,678.7124588488946
0,1168,672.9439479539872
0,1169,670.7805284976796
0,1170,681.1402017288848
0,1171,686.2438767333691
0,1172,680.7881806320521
0,1173,675.4143385637568
0,1174,673.9656030171508
0,1175,674.9640132565828
0,1176,674.1416199058095
0,1177,676.1730100228881
0,1178,679.3709503965375
0,1179,678.7275065921672
0,1180,675.7120916137332
0,1181,676.1586364084542
0,1182,682.1315866426831
0,1183,683.8021523772541
0,1184,681.8164366310007
0,1185,678.3277448860539
0,1186,672.0024030611961
0,1187,672.3615691422217
0,1188,682.5069059161633
0,1189,680.0835402268594
0,1190,678.476338642522
0,1191,677.9745158742126
0,1192,676.1833587552418
0,1193,677.5571781548495
0,1194,673.9583218472536
0,1195,676.4547659300156
0,1196,679.4336159366891
0,1197,674.7653652105539
0,1198,671.1960341613363
0,1199,675.565931547454
0,1200,673.03163635207
0,1201,672.3316821140922
0,1202,676.0663186462139
0,1203,674.4188372110615
0,1204,675.8821268187987
0,1205,682.4937727669281
0,1206,681.5890345373107
0,1207,681.4168754948973
0,1208,687.6813406962299
0,1209,685.008832597294
0,1210,680.0320041893773
0,1211,681.1229627660248
0,1212,688.8691308940424
0,1213,690.8342026023363
0,1214,688.2383661507967
0,1215,675.7430658011762
0,1216,684.6081969827446
0,1217,685.1622205850855
0,1218,688.3183075131873
0,1219,700.3148899083225
0,1220,693.5533530138919
0,1221,688.0205459605352
0,1222,682.5533412907093
0,1223,676.0559424600802
0,1224,684.8355132058365
0,1225,694.5223375799699
0,1226,693.4038830081989
0,1227,680.9278035953319
0,1228,678.939034086525
0,1229,684.2196016885392
0,1230,693.2812236342124
0,1231,684.47481079308
0,1232,680.4355361660415
0,1233,677.6499453860098
0,1234,682.2430104628626
0,1235,680.5560946866638
0,1236,684.7637022641504
0,1237,685.2592737979334
0,1238,680.3110710322856
0,1239,681.4979487995422
0,1240,677.4005293623841
0,1241,679.6968759858809
0,1242,686.5761951375606
0,1243,681.1047496014944
0,1244,679.6896794010178
0,1245,680.5223371541772
0,1246,682.0898928504771
0,1247,684.2443098649147
0,1248,689.5513056289915
0,1249,689.9700017533064
0,1250,682.9337703221057
0,1251,674.0847363902282
0,1252,673.0671222416391
0,1253,677.4942131771816
0,1254,684.6225911159487
0,1255,681.3577839547195
0,1256,680.7936653407804
0,1257,679.3381261928837
0,1258,677.9767298219714
0,1259,684.1736961085475
0,1260,680.0912793302717
0,1261,673.0264702055332
0,1262,684.3229893766182
0,1263,688.7130311557429
0,1264,677.4154856795931
0,1265,672.2454320565179
0,1266,681.278362953728
0,1267,677.6682077704206
0,1268,675.4354988402629
0,1269,680.1027282536254
0,1270,672.4839936054481
0,1271,678.8972257891554
0,1272,679.0102200735641
0,1273,686.0563484401341
0,1274,691.6002615196488
0,1275,684.3810401324733
0,1276,673.3890871275202
0,1277,669.3923149203114
0,1278,673.4367534986736
0,1279,673.0370026115792
0,1280,679.658115489969
0,1281,678.890310965082
0,1282,675.1600598832929
0,1283,678.8487014944216
0,1284,677.932477332944
0,1285,680.7319352513449
0,1286,679.4846837367572
0,1287,678.8681001088081
0,1288,677.5039884532595
0,1289,684.8932293687967
0,1290,672.7451087662785
0,1291,670.1278009483153
0,1292,678.3352818642823
0,1293,677.473191130808
0,1294,678.5679980816968
0,1295,679.1755735277429
0,1296,684.9486422303116
0,1297,684.9358816245165
0,1298,684.7507557053518
0,1299,681.9491548720003
0,1300,682.9257962947884
0,1301,688.4025093833172
0,1302,684.7848848613704
0,1303,682.0510734195079
0,1304,687.3840515664773
0,1305,684.3121753052519
0,1306,680.2886187980649
0,1307,679.6759275653884
0,1308,683.3612106153317
0,1309,684.1699331891887
0,1310,681.3944596133836
0,1311,677.7699749371775
0,1312,671.1298665419445
0,1313,678.7937584469886
0,1314,681.1802622188279
0,1315,671.9146303967883
0,1316,672.1278052037154
0,1317,669.3906269862861
0,1318,673.5015862583982
0,1319,677.1464206665166
0,1320,678.0282784874903
0,1321,674.9858480856874
0,1322,676.3887223694067
0,1323,674.7355979335409
0,1324,672.8711988400439
0,1325,678.0441970123823
0,1326,680.9008200353381
0,1327,680.0916588426016
0,1328,680.8180721744541
0,1329,675.7311488551001
0,1330,685.7948154330875
0,1331,691.8141089583078
0,1332,690.5286836618077
0,1333,691.1380614039172
0,1334,683.572967837812
0,1335,686.831278870646
0,1336,688.9399656164398
0,1337,687.7936318249576
0,1338,688.9236400646012
0,1339,692.2034363088706
0,1340,685.6434001850475
0,1341,687.847270261564
0,1342,690.3278543759893
0,1343,693.9981410388814
0,1344,694.6064476591233
0,1345,684.3257691145132
0,1346,686.7484589579035
0,1347,690.1569215895144
0,1348,688.8870729408877
0,1349,696.1420263592564
0,1350,691.270358513241
0,1351,685.9458906906513
0,1352,678.2639291871482
0,1353,679.9431756453084
0,1354,676.806596600065
0,1355,685.3391318461343
0,1356,691.613655839299
0,1357,683.2836856675184
0,1358,683.1732635587167
0,1359,675.1592627574162
0,1360,674.5055788888285
0,1361,674.2898748847864
0,1362,679.2362630819855
0,1363,686.1342328396852
0,1364,679.091715223781
0,1365,676.1548716854695
0,1366,684.4479037627586
0,1367,685.7524090498615
0,1368,689.2662844985488
0,1369,684.6669335646699
0,1370,679.9968839185684
0,1371,677.8850099987704
0,1372,672.5516353166377
0,1373,675.0512396917582
0,1374,678.8585965204452
0,1375,684.2408441878434
0,1376,685.3437880096066
0,1377,686.1238226351235
0,1378,681.4944123471174
0,1379,682.905947340549
0,1380,677.6044289987858
0,1381,675.2641872207411
0,1382,676.8102825298915
0,1383,684.3774670172479
0,1384,684.1824320120198
0,1385,686.2386142740389
0,1386,687.751384812891
0,1387,684.3328664232665
0,1388,682.7318075287579
0,1389,684.7538702288997
0,1390,677.9992289147215
0,1391,686.2978965755826
0,1392,688.7034857331157
0,1393,678.9085999004609
0,1394,674.6567605195705
0,1395,672.9270252853348
0,1396,677.9322239094765
0,1397,678.6983738704197
0,1398,678.0747684306679
0,1399,675.1302989564712
0,1400,670.9910082985646
0,1401,676.2820454011178
0,1402,678.9146330421928
0,1403,687.2840034467984
0,1404,688.6154297836167
0,1405,681.0905344036878
0,1406,676.4126581068342
0,1407,678.2289024298944
0,1408,674.7851636702358
0,1409,672.6754555018589
0,1410,669.2644247796906
0,1411,673.6134122361062
0,1412,683.0340093935298
0,1413,681.9192735554292
0,1414,687.1166236048742
0,1415,680.7559741289745
0,1416,673.6961279959438
0,1417,676.3945924821696
0,1418,681.472401473523
0,1419,679.6609244423627
0,1420,686.2691584974949
0,1421,681.3547411491278
0,1422,687.1756501034876
0,1423,690.5278119807588
0,1424,689.1296370083429
0,1425,687.2263873995986
0,1426,679.5097744589968
0,1427,682.1812089208129
0,1428,685.6845759612772
0,1429,692.3438597841409
0,1430,683.137130548261
0,1431,677.2996761717196
0,1432,676.5178852369804
0,1433,683.523220611282
0,1434,683.0077033125868
0,1435,676.8061508046083
0,1436,678.2845581939813
0,1437,672.7138321700005
0,1438,679.1334841101068
0,1439,678.5459465930782
0,1440,684.4799684045821
0,1441,692.2212247445618
0,1442,685.8313235008393
0,1443,680.1668941716118
0,1444,681.7709988299589
0,1445,680.1686095183044
0,1446,680.5714328027277
0,1447,671.2165724928607
0,1448,677.269490531193
0,1449,673.3491578561567
0,1450,680.0259217780743
0,1451,676.7581715143979
0,1452,681.5393802498488
0,1453,687.3006079534345
0,1454,683.5342733045449
0,1455,679.1553398307309
0,1456,684.559539677456
0,1457,692.7246018645823
0,1458,702.2753188051893
0,1459,691.479624787579
0,1460,681.1331283412372
0,1461,687.4186814427766
0,1462,686.0933132747291
0,1463,683.3314914484223
0,1464,681.4648556907588
0,1465,680.0200112342362
0,1466,680.1497926534781
0,1467,678.3123037290784
0,1468,674.0526219974982
0,1469,681.2848852532449
0,1470,681.9806735226612
0,1471,673.6883242244521
0,1472,676.4198362129905
0,1473,675.1202312527369
0,1474,670.8201902463475
0,1475,677.1681192148926
0,1476,679.8519701216359
0,1477,677.0932859076735
0,1478,680.8425275218989
0,1479,677.2000185351633
0,1480,679.118155326643
0,1481,679.8054240371549
0,1482,678.1655324648757
0,1483,678.4051922036616
0,1484,681.180276613485
0,1485,675.938590203938
0,1486,687.1975301360188
0,1487,687.5467636964595
0,1488,683.9777086273269
0,1489,686.859525274618
0,1490,693.490284408078
0,1491,692.1668884055848
0,1492,682.3221472736358
0,1493,687.2550958787875
0,1494,683.4528282245436
0,1495,676.5845276304442
0,1496,671.8149864644005
0,1497,683.8868253816402
0,1498,692.7433549936412
0,1499,685.9557396537815
0,1500,680.5265390647633
0,1501,686.0940039036009
0,1502,681.2019054989239
0,1503,680.5495097827138
0,1504,677.589404257438
0,1505,676.4304155265355
0,1506,689.6205617616915
0,1507,696.750476298606
0,1508,694.0558548221335
0,1509,689.4401644508669
0,1510,688.3965284900011
0,1511,690.774383388781
0,1512,693.5430559232238
0,1513,684.9515167846978
0,1514,678.8426272474462
0,1515,681.6807552798932
0,1516,686.850431654743
0,1517,684.2634252662353
0,1518,686.7360656436101
0,1519,681.1272452133722
0,1520,678.5040811926691
0,1521,679.7018882308955
0,1522,677.4687832756849
0,1523,680.9679986363647
0,1524,675.3267541858826
0,1525,675.5919710752986
0,1526,676.5566480473909
0,1527,676.7248771137116
0,1528,676.6652526097845
0,1529,682.2934203458369
0,1530,692.8207690236109
0,1531,697.0730487355542
0,1532,687.151057865761
0,1533,689.0628212790616
0,1534,693.4788807601271
0,1535,693.9295432867908
0,1536,691.389695067279
0,1537,694.1534013285898
0,1538,689.1593111599419
0,1539,684.7515563635216
0,1540,690.4683431170607
0,1541,681.5696896693978
0,1542,688.2948065244705
0,1543,683.2513306247357
0,1544,687.0173867732841
0,1545,686.783100028101
0,1546,683.5306673767487
0,1547,679.3702663718494
0,1548,680.6924296356508
0,1549,682.8172521555812
0,1550,677.2780714341956
0,1551,674.0741846859033
0,1552,675.0901391309235
0,1553,675.265109110586
0,1554,680.7922310016061
0,1555,682.6771898922023
0,1556,674.3988181274005
0,1557,670.1700379553996
0,1558,670.6346632428917
0,1559,669.1976163438628
0,1560,667.8252706202514
0,1561,671.8902886817207
0,1562,676.6031168017663
0,1563,690.0610885581967
0,1564,687.8167765223395
0,1565,686.274680148443
0,1566,687.6524057428172
0,1567,690.2935847283914
0,1568,685.1501337714868
0,1569,681.5020823133449
0,1570,680.073543668372
0,1571,675.2583608642827
0,1572,672.4674503095063
0,1573,675.5756449976285
0,1574,677.4130716831133
0,1575,673.204367775129
0,1576,673.9405590983062
0,1577,675.9429458415566
0,1578,675.1034763209157
0,1579,681.1163482676757
0,1580,685.7669052675169
0,1581,679.8900604971316
0,1582,679.6332079161975
0,1583,681.3142027616348
0,1584,682.5923657797132
0,1585,681.0645712353991
0,1586,678.2014293908584
0,1587,679.1950240945143
0,1588,674.7104780557845
0,1589,681.9424125229644
0,1590,675.6737569293837
0,1591,682.3775616692436
0,1592,676.7118485836742
0,1593,676.2138877952382
0,1594,676.6312137673845
0,1595,680.9436004420708
0,1596,686.7750181948396
0,1597,683.9622365872607
0,1598,687.6208835219417
0,1599,684.1762696052751
0,1600,690.7223897929108
0,1601,678.288995602994
0,1602,677.5468995743963
0,1603,682.1201069319511
0,1604,688.3029551725067
0,1605,680.3590199063912
0,1606,679.3880392760797
0,1607,679.6456338452416
0,1608,682.2385129506362
0,1609,681.1416382557384
0,1610,682.419579617889
0,1611,677.2117422311542
0,1612,677.404284898185
0,1613,681.6962006876637
0,1614,685.8959438590784
0,1615,692.0583560187831
0,1616,681.925882849795
0,1617,677.6250815003742
0,1618,684.9434459194637
0,1619,691.8054529953508
0,1620,697.3544441072806
0,1621,686.3083912605791
0,1622,687.1079125288119
0,1623,689.5926137381427
0,1624,687.199648075681
0,1625,688.9083222916414
0,1626,689.4877646883284
0,1627,691.4674031796502
0,1628,687.1282866410002
0,1629,694.3123116216709
0,1630,684.5908296346604
0,1631,674.0712956259267
0,1632,679.0527069083361
0,1633,681.8913131846224
0,1634,686.8759854397787
0,1635,683.3438382722683
0,1636,677.1341761069413
0,1637,674.5226091801102
0,1638,678.023108367767
0,1639,673.0032346539199
0,1640,678.337347571155
0,1641,679.5618922370131
0,1642,679.9432513076365
0,1643,682.9465852531517
0,1644,683.1465036234866
0,1645,683.5322064175913
0,1646,681.8895379157515
0,1647,681.6074453290345
0,1648,689.3325783639317
0,1649,689.5567444599035
0,1650,685.0797354315353
0,1651,689.2249708240047
0,1652,686.5170621151318
0,1653,686.441168893413
0,1654,686.4448819240548
0,1655,688.0656153000375
0,1656,684.0853846295884
0,1657,680.7383312322319
0,1658,680.8737284068989
0,1659,680.7165924705217
0,1660,679.9683220274559
0,1661,678.8059145554801
0,1662,682.0274082636437
0,1663,674.4936328974032
0,1664,674.6782683180683
0,1665,676.8935734225241
0,1666,673.4226970404027
0,1667,687.8083772794732
0,1668,689.4600804964272
0,1669,692.1083924980536
0,1670,697.3015122109264
0,1671,688.457118604527
0,1672,679.5757481004996
0,1673,685.2568979932594
0,1674,678.4207651760635
0,1675,680.8331252176014
0,1676,685.7094802861355
0,1677,682.50443483302
0,1678,689.335387106793
0,1679,688.5834273198614
0,1680,684.6508762554738
0,1681,677.451850594501
0,1682,674.5208535618655
0,1683,678.3587562648099
0,1684,684.6113350318901
0,1685,681.297332835646
0,1686,676.1249583678501
0,1687,676.7733590386921
0,1688,690.1369479060114
0,1689,685.2682761025048
0,1690,685.4072986142121
0,1691,683.6181816006056
0,1692,685.7782328404286
0,1693,687.6345392075431
0,1694,682.595816603416
0,1695,676.0658803675283
0,1696,672.2349471170052
0,1697,683.0421605446151
0,1698,677.3398654930155
0,1699,681.2627412702351
0,1700,682.3181724797249
0,1701,683.2568475043456
0,1702,683.8741835232177
0,1703,686.6380280839564
0,1704,689.4294175297707
0,1705,686.0310334559551
0,1706,683.1898197440023
0,1707,674.2201000784406
0,1708,678.7330423080792
0,1709,684.2231931896139
0,1710,685.9198848874305
0,1711,676.4874922148744
0,1712,674.3739316126961
0,1713,678.5079223818869
0,1714,679.4570488928315
0,1715,678.6827161278885
0,1716,678.8405690013016
0,1717,680.9596960713477
0,1718,679.8854959512327
0,1719,689.753986650562
0,1720,683.0983827452426
0,1721,683.1535188585859
0,1722,684.8447974248658
0,1723,681.6152627628938
0,1724,676.3782484340102
0,1725,680.2007806021043
0,1726,678.6258033679977
0,1727,685.0640410104396
0,1728,687.750098695613
0,1729,683.6827604830564
0,1730,685.0380973026213
0,1731,682.1671446979859
0,1732,679.2220110487285
0,1733,675.2496057102884
0,1734,679.6650233466664
0,1735,682.1004734747281
0,1736,685.5169298126065
0,1737,678.8563857676063
0,1738,683.0545522237645
0,1739,676.738502843633
0,1740,680.8496111490522
0,1741,686.9499155624658
0,1742,688.3999798972276
0,1743,680.5741862649949
0,1744,683.1067305187288
0,1745,680.6064018979552
0,1746,688.7921914008099
0,1747,688.0128247411694
0,1748,685.622981160085
0,1749,677.8465514612692
0,1750,679.9638043393113
0,1751,679.9124143228206
0,1752,681.8975866353455
0,1753,673.8368031179372
0,1754,680.020328674297
0,1755,681.8762842266407
0,1756,681.6078863088029
0,1757,677.762028585717
0,1758,679.1783495688171
0,1759,678.8810322627518
0,1760,684.6338113040848
0,1761,687.5928310865899
0,1762,685.3958077948969
0,1763,687.2675316978392
0,1764,686.329342521324
0,1765,688.8623936462641
0,1766,687.8730473477281
0,1767,684.3274552411036
0,1768,683.1857885760146
0,1769,682.8701900174306
0,1770,681.1558748896185
0,1771,677.6337761838056
0,1772,676.953114049283
0,1773,682.067124772078
0,1774,683.3054503775757
0,1775,686.120697383989
0,1776,681.9020801246761
0,1777,678.1338045020838
0,1778,679.1612083737533
0,1779,690.7194646294437
0,1780,688.2785101389159
0,1781,690.9403409352935
0,1782,692.2946291685685
0,1783,688.92245222256
0,1784,676.3162876751223
0,1785,677.3520241402865
0,1786,679.8548830426033
0,1787,681.3703930277495
0,1788,683.0306137089241
0,1789,689.6294796274061
0,1790,680.9514419041553
0,1791,679.8731145113193
0,1792,684.2958070578243
0,1793,685.0744480187893
0,1794,681.3262053777753
0,1795,678.7928469627709
0,1796,684.9792526656162
0,1797,687.0868508069173
0,1798,679.0573427325545
0,1799,681.2834122367072
0,1800,680.2349179356266
0,1801,682.3277803179707
0,1802,673.801966291401
0,1803,674.2592127545042
0,1804,679.5152172206066
0,1805,675.2970127349118
0,1806,677.7560612704201
0,1807,676.5757961440046
0,1808,685.7137869314789
0,1809,682.6697417668267
0,1810,687.4719797469023
0,1811,688.5283380554574
0,1812,686.1112101118558
0,1813,688.7349574128976
0,1814,680.5769415987737
0,1815,671.8516231463108
0,1816,678.1073251088072
0,1817,679.8500823280247
0,1818,681.2180362171235
0,1819,682.0101774926101
0,1820,678.0656320645936
0,1821,675.1470905530728
0,1822,686.3857683344803
0,1823,682.0426767108861
0,1824,681.9406236207683
0,1825,685.4058140943147
0,1826,686.5646697072606
0,1827,680.6165690690217
0,1828,676.1552792444737
0,1829,681.9459728503356
0,1830,676.6086785052998
0,1831,682.6894381707488
0,1832,683.6769201097567
0,1833,682.2360336981533
0,1834,681.109033033228
0,1835,682.3302606177127
0,1836,680.7240940070124
0,1837,683.5327284224386
0,1838,690.9647477111209
0,1839,682.9682962122794
0,1840,684.4503902331172
0,1841,684.0535489072412
0,1842,687.5354266985852
0,1843,685.5151863592113
0,1844,685.7803973707132
0,1845,683.0556165641507
0,1846,687.2582832657474
0,1847,685.4256141848228
0,1848,695.3359293520747
0,1849,701.8527738488252
0,1850,692.1982593163226
0,1851,691.5253128380197
0,1852,693.5674429689408
0,1853,686.5018668238743
0,1854,684.4589978365013
0,1855,690.5901913925388
0,1856,691.5675519575333
0,1857,688.2161712168108
0,1858,681.7876205721727
0,1859,682.9596625665715
0,1860,682.3466596512022
0,1861,679.849195863092
0,1862,679.8038341507879
0,1863,679.2194480559212
0,1864,683.6965048652606
0,1865,682.482133466221
0,1866,677.2165676322595
0,1867,681.2007749787076
0,1868,692.3388142778667
0,1869,687.0345857470707
0,1870,688.9353944418602
0,1871,684.7341332897337
0,1872,683.4293341201129
0,1873,679.571076454098
0,1874,679.2815312812929
0,1875,674.2047986812902
0,1876,676.0176744827576
0,1877,678.1364676676875
0,1878,676.315215057762
0,1879,683.907243020603
0,1880,685.2286924580264
0,1881,685.5419558594803
0,1882,686.4574703402625
0,1883,685.6844245989976
0,1884,690.4719150964426
0,1885,693.0860635831655
0,1886,686.1152501322623
0,1887,694.9962561807066
0,1888,682.6178539661141
0,1889,685.4904626627496
0,1890,678.0703366442877
0,1891,681.9843437439049
0,1892,682.4504243009071
0,1893,676.8979219318163
0,1894,677.4108352934031
0,1895,679.4205326257637
0,1896,678.318279825577
0,1897,679.8583688729808
0,1898,677.2603102982843
0,1899,682.1322189741348
0,1900,683.215465123671
0,1901,677.549952925717
0,1902,675.608357291196
0,1903,685.3031233334639
0,1904,686.4280110904693
0,1905,676.0661873668787
0,1906,675.3117640242027
0,1907,678.5375433936517
0,1908,683.1898176513118
0,1909,685.8672513190144
0,1910,677.738197385657
0,1911,681.9714076615593
0,1912,685.2828562758581
0,1913,679.5651739518707
0,1914,681.3977827492964
0,1915,684.8778590273633
0,1916,683.1602864302438
0,1917,693.0148819831727
0,1918,697.3932281075478
0,1919,695.9992602035619
0,1920,691.6657848752855
0,1921,694.6978185270412
0,1922,690.0319527924008
0,1923,685.2724379565823
0,1924,681.0288681253232
0,1925,678.3357651695012
0,1926,683.7394608308172
0,1927,682.1180316190947
0,1928,681.1164743823467
0,1929,687.3587776380504
0,1930,683.6950470743517
0,1931,689.8168946990595
0,1932,697.6511657896393
0,1933,693.3043564136112
0,1934,679.8882375625959
0,1935,671.6757625779142
0,1936,673.5561972738824
0,1937,678.2621829685029
0,1938,680.3192021919647
0,1939,677.9926129223286
0,1940,680.8781294542691
0,1941,681.7736687593888
0,1942,678.2735825247335
0,1943,687.8065199025867
0,1944,682.0020837048694
0,1945,678.0804739743169
0,1946,678.4460294090895
0,1947,679.9900556172321
0,1948,682.9351900801668
0,1949,680.281111985727
0,1950,677.5470616662011
0,1951,677.4742095184365
0,1952,677.8666545740145
0,1953,679.7280756330194
0,1954,675.2873781958749
0,1955,685.5052341829551
0,1956,690.1331828481697
0,1957,680.2056322149269
0,1958,687.1482856885167
0,1959,680.6452124509077
0,1960,684.4009869565868
0,1961,686.4337895953561
0,1962,686.7139982559193
0,1963,681.3976880541372
0,1964,683.6608363049756
0,1965,688.3958709136184
0,1966,680.6289269938228
0,1967,680.5293133888919
0,1968,681.4943887819506
0,1969,682.5098027363999
0,1970,675.4471340773279
0,1971,676.5234048762487
0,1972,681.3764474835842
0,1973,681.255250289124
0,1974,678.857530853119
0,1975,680.353806125148
0,1976,677.2347616529355
0,1977,681.0749215205607
0,1978,677.5423764892594
0,1979,678.8836306087496
0,1980,677.8021810101702
0,1981,683.7810743110055
0,1982,681.7633240716931
0,1983,682.8836370279748
0,1984,682.9600611074294
0,1985,680.5519494306649
0,1986,685.3526547790963
0,1987,682.4452335468244
0,1988,687.0793144196091
0,1989,689.471077351821
0,1990,682.8986314551828
0,1991,681.7430081183703
0,1992,680.9514984364902
0,1993,678.7851952125602
0,1994,676.3762768035396
0,1995,681.7153686774654
0,1996,681.6242966368279
0,1997,680.7935030111857
0,1998,674.0101670744656
0,1999,678.5999649825192
1,0,689.8287840701696
1,1,682.2596314145356
1,2,684.6277406014448
1,3,687.4079139625111
1,4,675.2590722935036
1,5,676.9788676549448
1,6,683.0766308577213
1,7,685.2130433234984
1,8,685.586670684668
1,9,684.1888946779769
1,10,678.9969720635389
1,11,676.9936831638878
1,12,678.7020036234969
1,13,687.2474116652187
1,14,688.7369497802902
1,15,687.2431754797021
1,16,684.4001331221859
1,17,685.0354133734985
1,18,689.3926806630375
1,19,690.6986832990016
1,20,688.3270398668623
1,21,685.2350270510714
1,22,678.5784332978839
1,23,678.0657228190473
1,24,675.767731683599
1,25,683.3981281357087
1,26,690.6361645547399
1,27,685.1306046515701
1,28,685.1893562384113
1,29,691.0265047356341
1,30,694.6343101376067
1,31,699.4594390332571
1,32,696.087984358509
1,33,687.8241086010332
1,34,684.5139075710932
1,35,692.8958887993958
1,36,689.4975230807779
1,37,682.2551061173994
1,38,680.0013148843661
1,39,681.5730184112431
1,40,685.6929768402395
1,41,689.6908529851612
1,42,687.5683494463439
1,43,688.1672964720988
1,44,683.0659837946795
1,45,678.2710009471637
1,46,682.2432961494417
1,47,688.2736960898293
1,48,680.9730069424401
1,49,679.0818727292541
1,50,682.2099525774865
1,51,683.8135557686426
1,52,682.0871318891935
1,53,681.384424243003
1,54,686.6221381530675
1,55,679.557730250559
1,56,676.0811171234117
1,57,675.3681998952673
1,58,673.8966495967097
1,59,681.8316375224232
1,60,682.9167538098712
1,61,679.0241246124157
1,62,680.7454025119206
1,63,684.2942478751979
1,64,682.6719060657695
1,65,676.4593569832743
1,66,678.6172469369791
1,67,682.0864089057072
1,68,684.7540853021931
1,69,679.7786289393824
1,70,685.3269919531626
1,71,684.4403810366047
1,72,690.6263960741611
1,73,695.5171059872364
1,74,694.8455474790633
1,75,686.703072118008
1,76,689.9433901429715
1,77,686.0418405695024
1,78,683.793584423356
1,79,682.6468254704847
1,80,675.8310343440271
1,81,680.6735810445197
1,82,689.0482429308645
1,83,693.7635451261648
1,84,687.4696733778461
1,85,681.8765217554391
1,86,686.2254265973438
1,87,683.0424079607761
1,88,680.3398845063393
1,89,674.1909817337925
1,90,684.1106092868877
1,91,678.4053118379491
1,92,677.2113291978706
1,93,678.1906387809145
1,94,678.1722840079563
1,95,674.8390660635532
1,96,674.2249290330058
1,97,676.8065583717828
1,98,675.6033320685068
1,99,683.1551034841546
1,100,684.1285290278357
1,101,692.7312725406075
1,102,689.725719524476
1,103,682.869911470454
1,104,679.9765539860034
1,105,680.5641505597506
1,106,681.6782945967594
1,107,675.968955749034
1,108,683.7153269649758
1,109,678.888775284514
1,110,683.1114534146234
1,111,681.9782406031524
1,112,675.9187032034527
1,113,678.3026471358323
1,114,687.3452256170883
1,115,692.3201502652332
1,116,692.6591004117562
1,117,696.0408231428244
1,118,691.615888970575
1,119,681.5021576652865
1,120,682.2676319205622
1,121,678.5759254240348
1,122,683.4174668325556
1,123,678.5248791292579
1,124,676.2744366347592
1,125,682.7894013713717
1,126,672.0970792805163
1,127,678.2069605066586
1,128,679.0964809027663
1,129,680.464522785674
1,130,684.0910523349755
1,131,682.2899703892473
1,132,685.782612232358
1,133,702.5356588867842
1,134,698.360865361207
1,135,695.6015411036747
1,136,695.8084696200578
1,137,682.2324932913781
1,138,680.3576527054819
1,139,684.234099960769
1,140,681.1503238729866
1,141,684.6661456218242
1,142,676.1750499844574
1,143,682.7159653382853
1,144,689.9065385060683
1,145,687.9163139604667
1,146,680.8532522241876
1,147,677.705414821956
1,148,679.9616758538616
1,149,686.3946311487205
1,150,685.0020400720824
1,151,679.2677869527638
1,152,666.5333512057601
1,153,672.888372128487
1,154,680.5640139648921
1,155,686.2709334260854
1,156,685.1129633983214
1,157,685.7385753040458
1,158,681.0088290903705
1,159,682.5884157620136
1,160,677.7622108372738
1,161,685.0243665321356
1,162,683.7120877895111
1,163,691.157281299243
1,164,683.186645178084
1,165,686.7644692962639
1,166,677.0319921470879
1,167,677.581865895585
1,168,680.4375196903351
1,169,683.5087257817103
1,170,681.6758116240421
1,171,685.2947128819566
1,172,687.4733104973087
1,173,686.2052193161031
1,174,688.9017866996383
1,175,688.5014561496785
1,176,678.1836743586861
1,177,685.7277299069341
1,178,687.1722576674483
1,179,686.2106032720412
1,180,677.6543848157559
1,181,678.994809746742
1,182,681.4838358820255
1,183,679.4215192861187
1,184,684.6596770214966
1,185,684.2155611273146
1,186,684.6037637946566
1,187,693.2072902794214
1,188,691.2986304873513
1,189,690.047941069315
1,190,687.1916906559461
1,191,686.340950078476
1,192,680.5265803429407
1,193,680.5760211514478
1,194,682.5366948975219
1,195,681.8015796803351
1,196,681.8297062362185
1,197,671.3748962555896
1,198,673.9868926671431
1,199,679.5585835758445
1,200,679.1842934254717
1,201,675.0317653801075
1,202,673.1595337568581
1,203,686.4248591073385
1,204,689.1266112669084
1,205,693.3216587885796
1,206,678.3181785782301
1,207,670.9202461083071
1,208,672.5489074526915
1,209,675.0208697013659
1,210,682.3240184020644
1,211,682.7588795186024
1,212,681.4022756814588
1,213,679.5731480066314
1,214,672.8370457902322
1,215,676.0423066795831
1,216,673.6651561969753
1,217,679.5558647340057
1,218,679.5337584062597
1,219,686.5127880593095
1,220,682.6126136332049
1,221,678.2404529806373
1,222,689.0487112049603
1,223,691.5798139044643
1,224,687.0670543806851
1,225,681.6809236151865
1,226,678.857309826941
1,227,684.0935723989152
1,228,679.4153380968635
1,229,679.6818946875669
1,230,681.8479527126055
1,231,682.9139182147209
1,232,679.8334735198706
1,233,681.4572521241324
1,234,679.0329683421147
1,235,683.0954331008841
1,236,679.9065733909198
1,237,680.7231657107758
1,238,681.8449896560217
1,239,677.7028643814597
1,240,678.5134962366494
1,241,692.6930695207541
1,242,677.2653048771832
1,243,682.9520819883495
1,244,682.4523141935741
1,245,684.9274507271778
1,246,681.4747535364227
1,247,688.2562371021376
1,248,682.584030467635
1,249,675.646430035161
1,250,679.8404056138986
1,251,678.9326442517382
1,252,681.6448271233492
1,253,687.2300726642651
1,254,680.7113092152529
1,255,684.5206924775596
1,256,689.2330402380064
1,257,677.6806516763895
1,258,681.2735462995207
1,259,675.8938108662121
1,260,672.303612594132
1,261,673.1949270777213
1,262,679.7378785421522
1,263,678.6687247758114
1,264,676.5219117279702
1,265,673.6772659916988
1,266,678.2732481793283
1,267,681.0281711521186
1,268,687.9329492893571
1,269,686.7707970106719
1,270,678.3782433659069
1,271,680.0364864273911
1,272,678.645849430627
1,273,674.0128193392966
1,274,685.3571482204093
1,275,684.5229414331077
1,276,684.0617408881327
1,277,685.8887348945914
1,278,694.3135954376636
1,279,689.6155174937385
1,280,681.4938939157082
1,281,679.656064335464
1,282,676.442967422925
1,283,682.5003261067485
1,284,678.0691064305524
1,285,679.6761937711912
1,286,675.113644812862
1,287,680.1059251739827
1,288,674.4679324376825
1,289,676.8761021277586
1,290,675.0302133455937
1,291,686.421623747127
1,292,685.9584969753171
1,293,683.3729816948629
1,294,682.2487364659472
1,295,678.3420783336954
1,296,678.5376632464569
1,297,678.845073362166
1,298,675.8306546759507
1,299,678.7474134924231
1,300,682.5403163007913
1,301,695.5089361086091
1,302,686.7913038481122
1,303,685.5201035208511
1,304,684.8081144702522
1,305,688.327105602096
1,306,688.4745876821304
1,307,694.3472366523479
1,308,688.8028907833465
1,309,681.9271233809937
1,310,684.0231848392557
1,311,680.3336721802444
1,312,683.2486725969387
1,313,683.9551908959927
1,314,684.5285452718757
1,315,690.4415861419402
1,316,689.6914683288963
1,317,682.1749255404661
1,318,686.435093289389
1,319,693.7159720863158
1,320,687.4137770717801
1,321,688.7746580467505
1,322,688.7724818584002
1,323,683.8258873098832
1,324,685.1335285318225
1,325,685.1420522837559
1,326,690.8222593062636
1,327,685.2640596109524
1,328,687.9388249758035
1,329,696.519481077151
1,330,704.2029045321813
1,331,695.8414610355252
1,332,673.980811464309
1,333,670.6813442278841
1,334,681.3415790957534
1,335,685.9786458682562
1,336,681.704288858622
1,337,681.6791384205445
1,338,676.5869613257036
1,339,677.6656764584686
1,340,684.2825121317547
1,341,689.7387361785565
1,342,685.6300592471239
1,343,682.3564467606842
1,344,688.4972218752647
1,345,688.9609127185076
1,346,689.6220572024528
1,347,698.6508983772493
1,348,688.9174843990036
1,349,691.0998663791123
1,350,687.208174031427
1,351,687.9459200421021
1,352,688.8784201898268
1,353,693.7290306437923
1,354,683.7062554998682
1,355,682.442053018217
1,356,677.4395606919569
1,357,682.298680013607
1,358,676.8146435895803
1,359,679.449123026378
1,360,681.0623348597618
1,361,682.7778530880454
1,362,687.7052455356413
1,363,691.8974747203491
1,364,683.9841175416709
1,365,681.001312313306
1,366,675.7190662276228
1,367,679.3950608256449
1,368,682.9758377797926
1,369,680.6132676826637
1,370,689.1114130981302
1,371,681.3595655598301
1,372,683.7255147910212
1,373,685.5668442697784
1,374,680.0965576154309
1,375,682.5385659053042
1,376,675.0399851569207
1,377,678.1904076951118
1,378,691.9416756650829
1,379,675.3632923013606
1,380,678.5693219678521
1,381,674.415494920029
1,382,671.2365461032251
1,383,672.1239825427762
1,384,673.6106560962835
1,385,676.0422865680109
1,386,680.6132973433951
1,387,688.5180273871526
1,388,678.8236540471748
1,389,673.259669571823
1,390,677.1927276073409
1,391,683.3219161479998
1,392,685.1552265884189
1,393,683.2640106532508
1,394,681.4222426663888
1,395,685.3210077405273
1,396,682.593091910589
1,397,680.6820680674707
1,398,676.4957731359202
1,399,676.4130695093328
1,400,675.746176998074
1,401,676.6311812954344
1,402,679.792589211706
1,403,686.5868292865136
1,404,694.0009154797422
1,405,695.9362945041712
1,406,694.1645981395311
1,407,692.4512547842476
1,408,681.3891741034041
1,409,679.6693505684226
1,410,683.5912693753703
1,411,694.038618103346
1,412,693.7987151732168
1,413,686.9662951256416
1,414,685.8008053314658
1,415,693.9518344657567
1,416,693.2913918069377
1,417,687.0837134132287
1,418,688.7088255442441
1,419,686.9791349075068
1,420,680.889612477786
1,421,688.1521743034918
1,422,692.3234317783479
1,423,683.6092309016933
1,424,684.2488481925296
1,425,678.4017021283256
1,426,677.8635748513228
1,427,684.1927328829595
1,428,685.5680462032107
1,429,681.6894509788193
1,430,683.4335760462076
1,431,683.4549942331945
1,432,679.86332749538
1,433,682.2903223713723
1,434,680.5892105027183
1,435,682.5771081411243
1,436,682.7757013552084
1,437,678.0474003698713
1,438,676.5189087986024
1,439,683.4117197437103
1,440,683.5777388462158
1,441,674.3533985635721
1,442,678.8209549023406
1,443,687.437975788755
1,444,685.5367521708472
1,445,689.1911058094977
1,446,683.2858272180724
1,447,679.5881822206895
1,448,679.2244803857315
1,449,682.815499764695
1,450,673.0202372699207
1,451,673.477217841218
1,452,675.9237940905967
1,453,679.9845652643921
1,454,679.3056848284618
1,455,684.8566923139555
1,456,683.7585410423375
1,457,682.4150674277787
1,458,680.8832136327184
1,459,687.5785709548674
1,460,676.9634910473565
1,461,679.8362594008539
1,462,674.596627148481
1,463,677.8430140146388
1,464,683.162040311339
1,465,683.4512798674774
1,466,679.1025488541242
1,467,684.9020226544887
1,468,687.0141815108893
1,469,683.8873612574254
1,470,686.9206931355375
1,471,687.5034721383921
1,472,682.0777514965862
1,473,682.8909293931366
1,474,670.5072753152301
1,475,674.3938109937669
1,476,676.3305226643436
1,477,676.764672365974
1,478,675.8448286612823
1,479,676.8642737738201
1,480,677.831955589741
1,481,682.6126563581456
1,482,678.4856599136747
1,483,678.9016540170066
1,484,678.0789642301744
1,485,683.9085483739898
1,486,678.8815973689252
1,487,674.2436044734013
1,488,674.7823160287918
1,489,676.9183308172928
1,490,674.57470462364
1,491,676.3614267900153
1,492,674.4161271996168
1,493,681.7933875311261
1,494,678.8789666214402
1,495,676.9974647731734
1,496,675.2502104767686
1,497,676.9927744599274
1,498,680.9448704383917
1,499,681.7662589574555
1,500,680.8487755604017
1,501,685.7002381313748
1,502,674.4727069274765
1,503,673.1779586996803
1,504,674.3870766912299
1,505,676.1087741881388
1,506,680.9557061676348
1,507,673.865049369055
1,508,674.16022560231
1,509,675.9458234522511
1,510,673.7371003561226
1,511,670.8797720599084
1,512,677.1638952254642
1,513,685.1031844150353
1,514,686.9415350146623
1,515,689.0170524842073
1,516,689.7720806631704
1,517,676.8719819370633
1,518,678.3428327134231
1,519,677.9182642465989
1,520,681.7800287021971
1,521,684.330305180115
1,522,675.315957446427
1,523,679.7233107136236
1,524,690.4420072500363
1,525,693.8889404970075
1,526,691.2867426449843
1,527,682.9993530855598
1,528,685.9193728522453
1,529,682.9988923160516
1,530,680.4224513059239
1,531,678.7462552730256
1,532,678.1121913885796
1,533,681.2317038783071
1,534,688.7264758755263
1,535,687.1837748950952
1,536,675.9928983328927
1,537,683.4230041894521
1,538,681.0374515808597
1,539,685.6106654180586
1,540,685.0567328225735
1,541,683.9285409158956
1,542,682.2547178582197
1,543,680.0839532466184
1,544,670.871998249559
1,545,682.4136465419639
1,546,686.0306813792253
1,547,686.2179545088433
1,548,688.3720147237943
1,549,686.9880097884147
1,550,701.3863339620276
1,551,695.1177831133515
1,552,685.0434001677544
1,553,678.5991902535291
1,554,677.5383193066318
1,555,670.8548224087417
1,556,681.8980002133818
1,557,681.1471379694383
1,558,675.9214140526065
1,559,676.2984681830789
1,560,677.9499123847914
1,561,678.7937710152476
1,562,681.4925520474388
1,563,691.3069098797621
1,564,683.3260772722465
1,565,672.2025757597899
1,566,674.8265538573847
1,567,676.7359588441608
1,568,677.8759884637986
1,569,687.954586665357
1,570,687.9965694433281
1,571,687.1825255462961
1,572,683.0605904080245
1,573,688.1244529391901
1,574,689.4234127891816
1,575,683.5026367399995
1,576,679.7076939168535
1,577,679.4321529307311
1,578,682.4907564154333
1,579,681.0872780088223
1,580,682.9855030621509
1,581,690.8367571237569
1,582,691.5356782194643
1,583,678.1849351990344
1,584,675.9990531540906
1,585,696.1961239288106
1,586,696.9907305051188
1,587,688.6960407674659
1,588,691.2901073519811
1,589,690.0145278980074
1,590,690.3158861391255
1,591,685.0722917103146
1,592,687.2936828503081
1,593,687.5174909927704
1,594,686.8698844184368
1,595,686.9428776974669
1,596,689.4323749471131
1,597,688.8578289543183
1,598,685.9498299566245
1,599,692.6785447147137
1,600,683.2583271286736
1,601,686.4617548055022
1,602,690.1093485956258
1,603,691.6581501486221
1,604,678.8500912477148
1,605,685.5284087282556
1,606,683.2632288090387
1,607,679.0630008705863
1,608,673.8939681675948
1,609,680.3843071350877
1,610,681.8621141083482
1,611,680.1140911839432
1,612,676.6957095298434
1,613,675.9466739510432
1,614,676.4659301644024
1,615,675.0678004497266
1,616,669.1018507484832
1,617,677.298679507361
1,618,676.7224617104303
1,619,679.6624700175546
1,620,674.3280477302791
1,621,675.4168679252895
1,622,689.4168708311748
1,623,687.9583109004952
1,624,690.1508483535376
1,625,684.0321351397514
1,626,680.9022102659145
1,627,682.2750931869303
1,628,688.3740914196487
1,629,685.351937913562
1,630,692.3922161408381
1,631,680.8484316370556
1,632,677.0445116665176
1,633,677.0315850211105
1,634,677.0083553942326
1,635,682.0022001248665
1,636,688.1947820831051
1,637,682.5931507704421
1,638,681.9077863159567
1,639,684.1247574314058
1,640,689.0057382559366
1,641,684.06985775444
1,642,684.6815229565219
1,643,690.7939861978489
1,644,685.9842766507745
1,645,687.3765879824667
1,646,685.0569802758175
1,647,683.6380372613087
1,648,683.8943069711579
1,649,684.7735621369488
1,650,696.2088816647237
1,651,689.6362821854856
1,652,686.1294232769324
1,653,686.1087741493092
1,654,679.8245157838518
1,655,693.9952442684703
1,656,685.8675561917363
1,657,690.8551986975568
1,658,678.9120566386152
1,659,677.4964650660162
1,660,681.2926485535388
1,661,671.4471291685549
1,662,678.7054893349131
1,663,683.1419717201444
1,664,681.5218391715487
1,665,691.4146138306799
1,666,694.6319368796455
1,667,693.3706484052377
1,668,690.5236980790124
1,669,694.7073704770958
1,670,693.4893327147457
1,671,680.6101984024568
1,672,684.9752544978184
1,673,685.1520327653818
1,674,678.0396692775074
1,675,678.742931516086
1,676,675.7832790490493
1,677,674.276887312372
1,678,677.4777197162698
1,679,689.0457303285236
1,680,684.019317708893
1,681,675.922696039527
1,682,675.8176846434058
1,683,681.599565924161
1,684,677.6892560789785
1,685,683.6029477031227
1,686,682.4750435797805
1,687,699.2785983503087
1,688,699.3557979432917
1,689,678.8617850387742
1,690,679.955187763768
1,691,676.2722533939808
1,692,683.494501055714
1,693,685.4439993833155
1,694,685.313207009871
1,695,684.9558577661836
1,696,683.611497952583
1,697,681.5783407350572
1,698,684.4139014741213
1,699,684.2949370386827
1,700,682.8168834969953
1,701,686.6894907539981
1,702,687.8399604549859
1,703,686.2799456108465
1,704,691.2149615459005
1,705,683.8798004539543
1,706,686.084952796677
1,707,676.766041865212
1,708,678.27942005196
1,709,676.5601245244077
1,710,681.9062366356598
1,711,679.5760445009537
1,712,677.2523544338063
1,713,683.9407833030187
1,714,685.0576631557788
1,715,686.2464262939919
1,716,682.6009316681095
1,717,688.5435283693291
1,718,684.464102640786
1,719,684.2201977613603
1,720,681.4910036315359
1,721,691.958700938519
1,722,691.6675478102402
1,723,688.5159652669289
1,724,685.6923630908589
1,725,682.8881569400875
1,726,683.2468439423354
1,727,682.0208715758708
1,728,680.1862929967946
1,729,672.9958875638703
1,730,674.8422551339919
1,731,679.3948139379485
1,732,683.750778991357
1,733,694.0498550774101
1,734,684.9153775656757
1,735,687.6838240731661
1,736,679.8917640374409
1,737,689.1275395177107
1,738,689.4242983535323
1,739,690.3826936516763
1,740,682.737753322757
1,741,682.2870759074955
1,742,689.1865901304127
1,743,693.6237988767433
1,744,693.6765853792281
1,745,691.0608133362306
1,746,686.5413273901612
1,747,684.3705143057767
1,748,690.5678434654927
1,749,684.0942731369256
1,750,675.2841833522198
1,751,687.8860423121823
1,752,691.9279572768668
1,753,685.2809045890936
1,754,688.4478472320724
1,755,691.1781502652634
1,756,691.7808818878276
1,757,693.9696033724352
1,758,684.6031675619485
1,759,686.2977311867774
1,760,677.7260685325509
1,761,680.5510062456118
1,762,680.6663395154684
1,763,680.0235775355839
1,764,679.6460496658451
1,765,679.6430118693427
1,766,681.7490484990369
1,767,680.3052988572491
1,768,680.9624853834022
1,769,683.1885820218699
1,770,681.7271599623376
1,771,689.3613719052192
1,772,680.9086511321802
1,773,676.0431070626368
1,774,681.7398034594704
1,775,685.3878830566857
1,776,690.8063681800745
1,777,684.5984439436382
1,778,679.1045337204347
1,779,679.5425097057536
1,780,680.5583020498251
1,781,677.6663380811466
1,782,674.2762156308677
1,783,680.8664870320808
1,784,681.6399400221652
1,785,679.6117000376948
1,786,676.8881667893378
1,787,674.5485638042453
1,788,680.682308502874
1,789,683.1060061897056
1,790,689.1632333310794
1,791,686.1794383203002
1,792,688.9734048071384
1,793,685.7744572592518
1,794,687.1895687667104
1,795,677.1634719788311
1,796,682.1138114497921
1,797,677.0880114922403
1,798,690.4656568093974
1,799,685.681356231771
1,800,687.2920547139344
1,801,680.5530031628981
1,802,681.0429560404381
1,803,694.2403780955573
1,804,674.8805116935708
1,805,679.6676709136588
1,806,689.4458032439028
1,807,690.9755662880732
1,808,678.9388492618787
1,809,682.0507284523829
1,810,676.6391306052635
1,811,680.0361470149754
1,812,685.6625389493354
1,813,681.4888597432165
1,814,684.731676405672
1,815,691.7457115834362
1,816,688.5772027547214
1,817,684.8288196640697
1,818,682.2697614736239
1,819,679.5154244083798
1,820,672.8814036375495
1,821,676.6785119219458
1,822,675.6931570736593
1,823,679.2534430796617
1,824,683.787911698305
1,825,677.77114720405
1,826,678.4769673877876
1,827,679.8631885507255
1,828,674.6290857448689
1,829,674.9660723177459
1,830,679.8935909448448
1,831,680.2916237385729
1,832,673.9834736209087
1,833,669.4371678085876
1,834,674.5393320590258
1,835,683.2365218591274
1,836,685.0313136836795
1,837,682.6402334522023
1,838,688.6000200860201
1,839,687.6463919410137
1,840,684.7337958396682
1,841,673.7227225222592
1,842,678.0190220459464
1,843,675.9696810383655
1,844,676.5015057672539
1,845,682.2969278544613
1,846,681.3757795767033
1,847,675.9646150681248
1,848,675.1887797239198
1,849,681.0698617769743
1,850,679.8876360818101
1,851,676.1035186710382
1,852,677.902576613561
1,853,682.1083182146078
1,854,687.4592916474761
1,855,675.0455220241155
1,856,676.4416685425806
1,857,680.8315632384657
1,858,677.3124570945474
1,859,684.9774216683636
1,860,678.5221909436327
1,861,679.5390251763336
1,862,681.2474054037
1,863,678.3145752469502
1,864,685.9489825569536
1,865,685.2580550578833
1,866,686.5404236886486
1,867,686.0265652371676
1,868,682.6137966601352
1,869,689.9107310008986
1,870,684.9978078503755
1,871,686.8099077131299
1,872,682.1809866165001
1,873,677.4990967669402
1,874,687.1738607742082
1,875,683.7791451820192
1,876,676.1101957874096
1,877,686.7835251548146
1,878,692.0770250347774
1,879,691.3778855354893
1,880,680.0546864984683
1,881,686.2296018316342
1,882,694.4117382934556
1,883,683.1911724706165
1,884,683.8180109956293
1,885,673.403858732529
1,886,678.2855301252131
1,887,677.5506318899107
1,888,686.5417566394339
1,889,676.6087201324115
1,890,680.2182363345869
1,891,677.2352379705655
1,892,678.9502265505453
1,893,677.2817988719877
1,894,675.1753132077065
1,895,675.4304176685725
1,896,680.6379197709425
1,897,681.1834616994391
1,898,676.1237834785284
1,899,675.5050895242505
1,900,681.2854125359343
1,901,681.4573823681732
1,902,678.5942687258387
1,903,670.4158919292437
1,904,679.7140271674759
1,905,685.2674326409712
1,906,674.9699454342066
1,907,675.9153979795784
1,908,681.8472128714731
1,909,678.3806316360474
1,910,679.4301820016759
1,911,684.2352059798363
1,912,678.8358662004786
1,913,683.1047761866243
1,914,681.5926306455591
1,915,685.2401184144759
1,916,682.6419055054519
1,917,687.5361365918045
1,918,688.4542624613132
1,919,685.4777272826982
1,920,694.1184498665953
1,921,685.0920120268712
1,922,681.8639130464995
1,923,687.601963263646
1,924,681.5659594597761
1,925,673.1886244711018
1,926,678.3004883650717
1,927,680.8036860803326
1,928,677.0327594577252
1,929,674.7709413510992
1,930,686.7384768845868
1,931,684.5701041076213
1,932,681.9430420963273
1,933,682.2937702338929
1,934,678.7585412246721
1,935,674.2939913155251
1,936,680.4164727171681
1,937,677.9653812925834
1,938,673.1154290368198
1,939,679.9319519070007
1,940,679.7852944220599
1,941,680.1605691312541
1,942,680.669009672583
1,943,680.1368421859597
1,944,681.982073818535
1,945,686.5140610781984
1,946,684.7956120578566
1,947,685.4804808851152
1,948,684.9349851359881
1,949,691.0833428783634
1,950,689.3765784348303
1,951,683.4783135200781
1,952,689.11622068409
1,953,680.3423269493633
1,954,678.0152309237769
1,955,684.3384359605101
1,956,683.8837058080197
1,957,683.2721436434352
1,958,687.6698144616614
1,959,690.5543997478482
1,960,685.4311948887104
1,961,691.6701838237749
1,962,686.5964428797395
1,963,682.5050337258975
1,964,685.4648945852721
1,965,681.8770080497818
1,966,684.6032797757166
1,967,682.81545653638
1,968,677.3591608606276
1,969,676.0617669773475
1,970,681.3150692341859
1,971,682.2272775998031
1,972,685.5728127241038
1,973,683.1918042992675
1,974,680.0648681636582
1,975,677.433781370318
1,976,682.8097180557478
1,977,677.4738547885531
1,978,680.6040438644064
1,979,682.8854512599963
1,980,685.037661956002
1,981,687.9568367949502
1,982,678.1954503516023
1,983,677.499416752655
1,984,681.4329932898671
1,985,687.6247015595009
1,986,689.7022489291053
1,987,675.4279768829728
1,988,676.369154066495
1,989,680.9718664159719
1,990,684.846079515878
1,991,678.8146012789025
1,992,681.1434967892105
1,993,687.7865005452254
1,994,690.4199803907737
1,995,679.0687208250382
1,996,683.0013474247872
1,997,685.0796941113226
1,998,680.4650538691956
1,999,688.4333694646846
1,1000,687.5931080126516
1,1001,687.0037929611858
1,1002,681.2111682022879
1,1003,673.1939758174267
1,1004,670.6412653598632
1,1005,671.5212724410892
1,1006,684.9813134880804
1,1007,683.2983206674222
1,1008,678.1430955690962
1,1009,681.711263518188
1,1010,685.8439964341559
1,1011,684.0065362945988
1,1012,681.6417621931922
1,1013,683.1589803952756
1,1014,684.6500789462423
1,1015,684.264243336929
1,1016,680.5263701572225
1,1017,676.244298649417
1,1018,681.3087682357722
1,1019,688.4190233880914
1,1020,691.0650147990195
1,1021,683.4575932488139
1,1022,690.720209038091
1,1023,679.700559212612
1,1024,676.7533706817292
1,1025,682.4879258536585
1,1026,683.3983535878169
1,1027,682.2433286605166
1,1028,678.4076323910086
1,1029,675.82092281892
1,1030,673.411727304612
1,1031,676.6347647897837
1,1032,676.9302148274509
1,1033,673.1919634171429
1,1034,681.8844850940217
1,1035,684.9971940368785
1,1036,681.9681257108414
1,1037,672.5404658738216
1,1038,676.6090477292308
1,1039,674.9464061803293
1,1040,676.567979304112
1,1041,684.1348411384384
1,1042,682.9681871804236
1,1043,681.0816865018338
1,1044,679.601908451182
1,1045,674.9024299505455
1,1046,670.3631544305782
1,1047,673.1166136367339
1,1048,676.1156380479803
1,1049,684.2726295718634
1,1050,689.2999709507848
1,1051,682.551402826232
1,1052,674.6486154952179
1,1053,669.0579782747609
1,1054,673.9190608304519
1,1055,675.888552896962
1,1056,681.0949015785948
1,1057,679.977328945213
1,1058,680.334713344382
1,1059,682.5004727266939
1,1060,684.69573296407
1,1061,676.8886335780887
1,1062,683.4220440541541
1,1063,682.8703582652565
1,1064,679.8355033906329
1,1065,681.3305666198564
1,1066,681.3363740946764
1,1067,680.6149507525794
1,1068,676.7147445761772
1,1069,672.0433053809595
1,1070,674.1705217912562
1,1071,679.6906458878418
1,1072,683.6100727639993
1,1073,692.1704363565567
1,1074,687.359240599812
1,1075,688.4133207897123
1,1076,680.2462874560512
1,1077,681.7819179185481
1,1078,689.9013484047283
1,1079,686.4044785155243
1,1080,684.3234258025227
1,1081,685.5873802368475
1,1082,681.3015024293127
1,1083,685.3958324827101
1,1084,691.499196945393
1,1085,679.5492613047114
1,1086,671.4219567733393
1,1087,672.5271180732371
1,1088,677.4437012523567
1,1089,677.3755454973399
1,1090,686.3456914897064
1,1091,686.9680626768833
1,1092,689.3112548806173
1,1093,685.4093864208802
1,1094,679.0598648145319
1,1095,689.5385690020844
1,1096,686.828152388688
1,1097,692.5174955748485
1,1098,691.6307892117707
1,1099,683.4657548215417
1,1100,681.110527353193
1,1101,683.8665145452923
1,1102,682.8451492771447
1,1103,686.2367278710144
1,1104,684.4848075266759
1,1105,683.9649019779824
1,1106,680.2945324332998
1,1107,682.5952282785635
1,1108,688.2941015603079
1,1109,697.0652254857097
1,1110,688.340120948631
1,1111,690.2307452727485
1,1112,684.0060439120855
1,1113,677.0611746374395
1,1114,674.2928239115137
1,1115,679.5469938634791
1,1116,678.7514471364372
1,1117,676.8827018918142
1,1118,681.3716972438281
1,1119,677.4716249870013
1,1120,680.6000002582126
1,1121,686.9209927016254
1,1122,685.9395815358706
1,1123,676.2680753054815
1,1124,683.5625680280998
1,1125,685.7506851234164
1,1126,680.3432980077569
1,1127,681.0905284395495
1,1128,682.9602104934273
1,1129,676.9228701751989
1,1130,678.6355977998395
1,1131,682.1019038510299
1,1132,681.0999749424919
1,1133,682.7674149276623
1,1134,690.9348854586854
1,1135,690.1542068842006
1,1136,691.197449226297
1,1137,686.2397579071444
1,1138,684.2361616467203
1,1139,685.9774136876359
1,1140,680.1769740792727
1,1141,679.2996635112903
1,1142,679.0021094381375
1,1143,674.484384316278
1,1144,676.701077697943
1,1145,679.2919684117493
1,1146,675.0792557428701
1,1147,677.4951105161512
1,1148,673.4169012482881
1,1149,691.1124053352046
1,1150,695.3774560088968
1,1151,687.3105230964579
1,1152,687.9348492228794
1,1153,687.9165667870839
1,1154,684.2251176648762
1,1155,692.8748344304378
1,1156,682.2254885015634
1,1157,691.173432646818
1,1158,684.90919315706
1,1159,683.2147304189143
1,1160,683.0731925989451
1,1161,684.3560956069065
1,1162,686.5328567122828
1,1163,683.1219992588967
1,1164,676.6688183575644
1,1165,677.037804573109
1,1166,677.5685848312099
1,1167,675.6616158711503
1,1168,684.2658060322605
1,1169,691.0407137438857
1,1170,684.745280724387
1,1171,684.1460453680193
1,1172,681.5313061461159
1,1173,679.6814065072239
1,1174,678.4094652164974
1,1175,684.2758113962543
1,1176,683.5609881306949
1,1177,692.7972262000402
1,1178,692.2544065383111
1,1179,687.9627778387758
1,1180,680.8990140836407
1,1181,684.1723611862681
1,1182,680.5243931394234
1,1183,686.7078908328907
1,1184,678.6501174834026
1,1185,677.3031698036355
1,1186,676.6538277552445
1,1187,673.0014178861674
1,1188,680.5634059327881
1,1189,677.6896713686411
1,1190,672.6666630002386
1,1191,678.8045635927289
1,1192,679.9326501299873
1,1193,680.2213347432865
1,1194,683.2921252009709
1,1195,683.1164912108159
1,1196,679.2806479132144
1,1197,682.4086298525375
1,1198,678.9324377339424
1,1199,680.075261661285
1,1200,677.1442678503873
1,1201,683.2463410498857
1,1202,683.0034737672308
1,1203,681.9750012169484
1,1204,681.4456961978727
1,1205,678.5414818630506
1,1206,685.6010217532086
1,1207,685.4112065751656
1,1208,680.1353513177919
1,1209,682.4911497675946
1,1210,683.7300033110344
1,1211,683.9238926950816
1,1212,686.947175910439
1,1213,679.3182187875275
1,1214,678.4521980070579
1,1215,677.2680827652993
1,1216,675.1806883140716
1,1217,679.807702649126
1,1218,677.4631393076573
1,1219,673.8082169864581
1,1220,676.842343328151
1,1221,671.0909618564644
1,1222,677.5920653134169
1,1223,673.8411650368807
1,1224,672.6272227789399
1,1225,674.8752092392151
1,1226,674.8970798457053
1,1227,673.7274930091794
1,1228,677.7780117653308
1,1229,685.2821775382266
1,1230,685.438685263389
1,1231,676.0765103194103
1,1232,680.5589353210528
1,1233,680.1176934866999
1,1234,686.9162704438072
1,1235,682.4898390856441
1,1236,677.5095284769702
1,1237,678.8022868438285
1,1238,688.3927230769066
1,1239,695.2197167401135
1,1240,694.0673170078248
1,1241,686.7948213802041
1,1242,684.4764958603727
1,1243,686.6121214931625
1,1244,685.3503465627495
1,1245,684.5688276730398
1,1246,679.8236975208137
1,1247,678.9084402895223
1,1248,678.6956836417697
1,1249,683.1907919785417
1,1250,682.7657414430586
1,1251,682.8150471796273
1,1252,684.7150376044866
1,1253,681.9757053118907
1,1254,683.3480773393112
1,1255,682.4185911755194
1,1256,688.797440600318
1,1257,677.6453968727413
1,1258,679.3204598006721
1,1259,684.6370182624054
1,1260,683.9942930690095
1,1261,678.9838757425271
1,1262,671.928660831912
1,1263,678.3238953157793
1,1264,674.2708423527545
1,1265,676.2931438618042
1,1266,677.5492975547588
1,1267,676.7123039348405
1,1268,684.9403396877605
1,1269,680.3286204552884
1,1270,683.5348166122046
1,1271,681.7780704693729
1,1272,676.6102878711205
1,1273,680.0099593845969
1,1274,678.1898220078483
1,1275,680.3136756688109
1,1276,683.7046834895139
1,1277,679.8372905925037
1,1278,679.8334737693544
1,1279,678.9744946770182
1,1280,687.462213719186
1,1281,690.3024403928249
1,1282,683.8451154067664
1,1283,682.5394637284047
1,1284,683.427482271648
1,1285,681.044800862209
1,1286,678.9886931815828
1,1287,678.9921072984062
1,1288,682.3341485292112
1,1289,680.7872171760223
1,1290,676.6941179584873
1,1291,680.9667043475594
1,1292,680.1419885955893
1,1293,678.5429192093837
1,1294,678.3490977478712
1,1295,676.327325448912
1,1296,682.2468688962608
1,1297,675.8150187167672
1,1298,679.8997596299749
1,1299,680.5403946517956
1,1300,681.551539176036
1,1301,676.8202730331576
1,1302,679.0798363619659
1,1303,684.6560432392282
1,1304,683.5524336146948
1,1305,687.8168517047478
1,1306,685.2990310855222
1,1307,687.8051285248986
1,1308,684.3232183678065
1,1309,679.136681180652
1,1310,686.2524311390531
1,1311,692.5895915729053
1,1312,683.6029777256812
1,1313,671.858240137156
1,1314,669.7419218400188
1,1315,672.8826458751153
1,1316,680.1662996719712
1,1317,680.7296621357615
1,1318,678.406125006279
1,1319,681.7520200166447
1,1320,685.046056175785
1,1321,684.7915114146609
1,1322,690.9915622043696
1,1323,687.2981368594711
1,1324,679.6008997893945
1,1325,679.069476821738
1,1326,686.9812574923934
1,1327,689.409272134075
1,1328,681.1986561692606
1,1329,676.29079030093
1,1330,678.0386982583697
1,1331,682.7137378628294
1,1332,684.5445213495265
1,1333,684.4868496269721
1,1334,692.6239329909292
1,1335,690.6204780950559
1,1336,693.1579382489056
1,1337,689.8429947090287
1,1338,684.3834744867432
1,1339,686.9994495717795
1,1340,687.4219157602146
1,1341,696.2860288759001
1,1342,688.2508438293733
1,1343,685.5066876406345
1,1344,689.407681318951
1,1345,677.7202914401972
1,1346,674.1647659164419
1,1347,682.4813642390527
1,1348,675.3422681250802
1,1349,680.4442695295921
1,1350,675.9333560392081
1,1351,674.9124795562014
1,1352,676.7216847858166
1,1353,676.4495778539552
1,1354,684.6556632877113
1,1355,685.4741959434502
1,1356,679.3442782030078
1,1357,673.7465382110045
1,1358,677.1260797484387
1,1359,686.9053190517108
1,1360,682.9015544661996
1,1361,681.0819332780536
1,1362,689.0024888432148
1,1363,686.0715035827598
1,1364,694.0762225014994
1,1365,695.2671904737077
1,1366,695.463560656499
1,1367,686.3649192655695
1,1368,696.6128957776327
1,1369,695.8520561994546
1,1370,688.0968495944318
1,1371,681.2161779478549
1,1372,681.4999745364596
1,1373,683.542974229988
1,1374,680.9306921113828
1,1375,678.9010690450519
1,1376,675.4360065241262
1,1377,681.452039757541
1,1378,677.0073093888967
1,1379,673.8116688045146
1,1380,673.6696454199873
1,1381,682.9479100361406
1,1382,679.3033655092879
1,1383,681.0096595623814
1,1384,681.9043712504764
1,1385,683.505927827157
1,1386,689.1223262055189
1,1387,681.672107839626
1,1388,679.8688745511278
1,1389,675.9581642463027
1,1390,675.7449854052771
1,1391,687.2493144121677
1,1392,674.8762250937472
1,1393,676.3625416583989
1,1394,687.0005245746632
1,1395,686.9276602128856
1,1396,682.4213876238007
1,1397,683.2925226113288
1,1398,678.350775877224
1,1399,681.079603798574
1,1400,681.1211247203813
1,1401,675.391813602334
1,1402,678.5685746575379
1,1403,674.1027392350733
1,1404,684.0130786052769
1,1405,680.3309388952334
1,1406,681.3758720050635
1,1407,684.0971814084555
1,1408,670.9916412261082
1,1409,669.7589560288031
1,1410,686.5749872706477
1,1411,683.3138675558237
1,1412,678.0808076073059
1,1413,687.1110704381224
1,1414,692.3453429096136
1,1415,685.0189215232363
1,1416,682.2587841841993
1,1417,678.3044534257955
1,1418,695.7564924854836
1,1419,692.7437979119071
1,1420,693.3006839582049
1,1421,680.4707727427761
1,1422,674.0482078739822
1,1423,675.8733480796424
1,1424,675.7769751928091
1,1425,675.403662351884
1,1426,672.1890509322388
1,1427,676.5576695361726
1,1428,677.2522291903001
1,1429,682.184758474307
1,1430,684.8918320780579
1,1431,680.4585769451395
1,1432,676.220619826708
1,1433,676.238904153828
1,1434,678.8254982430198
1,1435,682.7657605168963
1,1436,672.9719789099514
1,1437,672.8481523584892
1,1438,680.9837076352857
1,1439,682.0202767930493
1,1440,679.9904128475532
1,1441,681.263235396041
1,1442,682.3374687181919
1,1443,683.3112923642847
1,1444,681.7404510440183
1,1445,686.1567866621716
1,1446,681.7281821817568
1,1447,679.621749770747
1,1448,683.574963431846
1,1449,691.7677776655839
1,1450,685.7476696834658
1,1451,689.3540859840816
1,1452,686.4468836388153
1,1453,685.2702123146889
1,1454,684.6605361001593
1,1455,682.6759026952484
1,1456,687.428898138972
1,1457,679.5473389229487
1,1458,676.5354789941671
1,1459,680.9967225378249
1,1460,677.2775016037168
1,1461,677.9644690260739
1,1462,677.2088398749692
1,1463,679.626949215386
1,1464,683.0485605844902
1,1465,682.0715317707443
1,1466,681.1577193111634
1,1467,692.8035557011286
1,1468,684.6886591898972
1,1469,678.372123381967
1,1470,676.3721547133273
1,1471,684.8300401795373
1,1472,680.5226190001789
1,1473,677.2431623897443
1,1474,688.930927981354
1,1475,689.2441826498525
1,1476,686.4979237252315
1,1477,681.4743287334487
1,1478,684.3558363585175
1,1479,682.2511553210566
1,1480,692.4762449165416
1,1481,688.6015877333429
1,1482,684.5894617686764
1,1483,684.0933948439024
1,1484,677.3531734859216
1,1485,671.7340535790062
1,1486,672.8591545197523
1,1487,675.7987807424676
1,1488,673.927644711871
1,1489,680.783670389244
1,1490,683.9839073771782
1,1491,691.5528291841276
1,1492,690.1606883103652
1,1493,683.9664019432121
1,1494,682.3379074165695
1,1495,682.6748283853888
1,1496,682.0650098332594
1,1497,678.3893988510989
1,1498,680.3582177307069
1,1499,686.0307649217791
1,1500,679.9917367289474
1,1501,682.5472213828418
1,1502,679.4278696478423
1,1503,683.2283033184059
1,1504,686.0305775630394
1,1505,684.8535614685263
1,1506,689.7038585848373
1,1507,682.6167503740878
1,1508,677.7724521446866
1,1509,680.1450842802684
1,1510,677.9364386729785
1,1511,683.4350119454074
1,1512,687.6836906895903
1,1513,689.7778568016319
1,1514,684.7493748920613
1,1515,684.4310893752249
1,1516,683.5630230803232
1,1517,683.6793212139331
1,1518,683.6006581340919
1,1519,685.4477484589394
1,1520,691.6233154756356
1,1521,681.1523880856525
1,1522,683.7466526750901
1,1523,681.9495897548137
1,1524,677.9308111177778
1,1525,677.9671813437111
1,1526,673.4136829643032
1,1527,680.6756023068044
1,1528,681.2438511827171
1,1529,679.0482681172606
1,1530,674.7082668134497
1,1531,682.7839541191627
1,1532,685.8410371530265
1,1533,677.1702704535514
1,1534,675.5105945087894
1,1535,671.495850238547
1,1536,673.672528261781
1,1537,679.0599248458647
1,1538,683.1473116270639
1,1539,677.5715981025559
1,1540,680.8312872529356
1,1541,670.4929022467729
1,1542,671.980774630171
1,1543,679.50239250089
1,1544,678.6653547746938
1,1545,675.3159821470797
1,1546,676.4604191664542
1,1547,687.010899461179
1,1548,692.2053355188735
1,1549,695.262944175385
1,1550,690.9302368131041
1,1551,693.973088810973
1,1552,687.8403090878845
1,1553,683.6834389468715
1,1554,685.2744521465919
1,1555,684.0878263541852
1,1556,688.002084680412
1,1557,685.2679805728395
1,1558,681.5616944103697
1,1559,682.639289454195
1,1560,676.6112050602884
1,1561,674.0197994523877
1,1562,680.5549982401244
1,1563,676.2676868608231
1,1564,684.5538578616265
1,1565,678.5978422441175
1,1566,682.099969505736
1,1567,684.4520404611523
1,1568,681.9545040348802
1,1569,683.3278214009848
1,1570,678.8803328277044
1,1571,674.193559761353
1,1572,675.610590314038
1,1573,671.656331975299
1,1574,681.6127825035175
1,1575,685.1582081201484
1,1576,682.5497606344554
1,1577,682.3546523060677
1,1578,679.6321410339006
1,1579,682.2334241451637
1,1580,681.5134872357377
1,1581,686.5036094994672
1,1582,697.8715343107681
1,1583,699.6988577383403
1,1584,695.3210224496845
1,1585,694.205913398837
1,1586,698.6152698909452
1,1587,686.7334508679662
1,1588,686.1296239137422
1,1589,688.929620295095
1,1590,680.185787209933
1,1591,683.3954643201675
1,1592,685.7615060677934
1,1593,684.6338118731408
1,1594,686.1507740767622
1,1595,685.7586255505848
1,1596,682.3550926659478
1,1597,674.9316808831021
1,1598,674.7125215803762
1,1599,676.2666469935199
1,1600,683.1606770145847
1,1601,680.6284167521379
1,1602,679.4262610448727
1,1603,677.1476858396646
1,1604,683.2379749166728
1,1605,687.5620217036881
1,1606,688.2867187101992
1,1607,683.0783077173608
1,1608,687.1381168573475
1,1609,685.367082621783
1,1610,694.24516377049
1,1611,684.1519958558102
1,1612,686.3548315162642
1,1613,689.4864276492332
1,1614,679.0144004501266
1,1615,677.7186673754425
1,1616,678.7515689416374
1,1617,673.6757672378488
1,1618,677.3788797051169
1,1619,684.4180624026552
1,1620,687.507488592146
1,1621,691.7439603013102
1,1622,691.7032408858868
1,1623,687.9010272870576
1,1624,680.7495710981075
1,1625,685.5877285592651
1,1626,681.2348160387678
1,1627,680.0830810009885
1,1628,677.9722789016333
1,1629,679.4391455594867
1,1630,691.0810809011022
1,1631,686.5252723325973
1,1632,685.5417616116938
1,1633,698.3825221593529
1,1634,699.3544324948
1,1635,692.2657417206739
1,1636,687.2034757872601
1,1637,684.4105614068534
1,1638,689.3401972474156
1,1639,681.9020644871364
1,1640,679.4578237501877
1,1641,680.6321813216518
1,1642,687.4837557712252
1,1643,692.4217591884958
1,1644,688.3454502884989
1,1645,683.3298135766738
1,1646,689.0583850938721
1,1647,683.8118433055458
1,1648,689.4862816941984
1,1649,689.2273821678026
1,1650,689.9050347915384
1,1651,689.9158819326959
1,1652,681.6198285725553
1,1653,678.6263556496939
1,1654,679.4725681688843
1,1655,680.8449484561686
1,1656,683.7347003541109
1,1657,686.7023415990361
1,1658,687.1335167981794
1,1659,685.5368586387643
1,1660,680.4372831069848
1,1661,684.0529510413902
1,1662,687.763872586282
1,1663,682.812158887215
1,1664,686.3412308286437
1,1665,685.0323123843738
1,1666,686.8560021778269
1,1667,683.2201232215
1,1668,686.1969458768149
1,1669,688.006655616798
1,1670,683.0516524875687
1,1671,682.4378823996644
1,1672,685.1941735908091
1,1673,683.2765572695208
1,1674,679.0606012260126
1,1675,684.8401762177004
1,1676,685.1805734385474
1,1677,679.2781933090073
1,1678,688.3684694285627
1,1679,687.937085381966
1,1680,692.420128616329
1,1681,699.5501973363691
1,1682,681.6123505496477
1,1683,693.173733997424
1,1684,686.8432784510061
1,1685,684.56054017137
1,1686,684.7294308766075
1,1687,698.0708082682881
1,1688,685.532350347011
1,1689,684.6200844718242
1,1690,686.2081311031706
1,1691,687.7248075033016
1,1692,687.0144277348033
1,1693,684.0916097708571
1,1694,680.1344357876691
1,1695,680.8786065844099
1,1696,675.4773502448517
1,1697,677.8926213981895
1,1698,684.2359457108539
1,1699,686.2186575050744
1,1700,687.1665232083756
1,1701,685.7550748048129
1,1702,687.852819542571
1,1703,687.3619308470605
1,1704,686.7592649683908
1,1705,686.6709527926455
1,1706,686.1208074244906
1,1707,690.5066678919221
1,1708,684.298918534728
1,1709,680.7710700532472
1,1710,676.9759259609702
1,1711,680.9846931799852
1,1712,687.8489781988161
1,1713,695.450255527238
1,1714,694.9251160948327
1,1715,693.6824500916489
1,1716,689.9925921493145
1,1717,684.975954387448
1,1718,676.4642627458954
1,1719,682.9382613073178
1,1720,688.5321613763456
1,1721,677.0224113005384
1,1722,682.7293319957241
1,1723,686.83990990172
1,1724,684.1883114098728
1,1725,677.3069206229708
1,1726,679.4659401839676
1,1727,680.6716591572161
1,1728,680.7374029453481
1,1729,679.1425735140258
1,1730,683.0755128559842
1,1731,684.5295385426926
1,1732,680.3744766096752
1,1733,675.042279309149
1,1734,671.3969226920126
1,1735,670.8545378982313
1,1736,671.8985743624319
1,1737,686.2005017419157
1,1738,683.320805637682
1,1739,685.02821848585
1,1740,681.2423569911638
1,1741,682.2217873541599
1,1742,680.3072277678444
1,1743,681.6351315264669
1,1744,679.2249023910038
1,1745,676.0390669038419
1,1746,678.8909433861055
1,1747,682.6080168280205
1,1748,680.9548955451619
1,1749,683.9194035787579
1,1750,683.3665809669536
1,1751,682.6826901890837
1,1752,679.6525892671282
1,1753,678.6440537564321
1,1754,679.3865262566175
1,1755,688.6856415986434
1,1756,696.7838414738627
1,1757,692.8360939376105
1,1758,683.9485506348346
1,1759,681.7078035683708
1,1760,679.6561941992543
1,1761,680.4991023018835
1,1762,695.7595417504162
1,1763,695.0803403006564
1,1764,694.7080828165859
1,1765,685.9492421741003
1,1766,683.9613154532956
1,1767,682.6345349278093
1,1768,678.9013602091371
1,1769,678.4227789590782
1,1770,680.5855345229926
1,1771,677.4513141660647
1,1772,679.840367807452
1,1773,680.043185558795
1,1774,683.8224298443547
1,1775,686.0162675625352
1,1776,678.7925662734548
1,1777,688.1344849239819
1,1778,691.4760539024264
1,1779,689.5505341924505
1,1780,679.3838678004438
1,1781,678.7776622325545
1,1782,685.4169268450103
1,1783,683.6639584719408
1,1784,682.814928137647
1,1785,677.7778225786352
1,1786,677.722792483075
1,1787,675.1864083702592
1,1788,673.1110680169675
1,1789,683.3339063882319
1,1790,680.0074588793001
1,1791,687.8300960001328
1,1792,684.0320264600657
1,1793,684.3085600173051
1,1794,683.6868288164762
1,1795,688.2262369330867
1,1796,681.1931775233252
1,1797,683.3686915355067
1,1798,688.6713429382485
1,1799,687.0274199228602
1,1800,681.8920132271467
1,1801,683.2208577353189
1,1802,687.0263171832263
1,1803,683.0575173203782
1,1804,675.3517159362721
1,1805,672.2951677604709
1,1806,681.8285613664983
1,1807,675.96498636051
1,1808,681.8210393985797
1,1809,675.4892302212593
1,1810,681.4142755299484
1,1811,684.8493968297564
1,1812,677.1737339028084
1,1813,689.2680513887893
1,1814,684.3013525036422
1,1815,686.6177974108602
1,1816,687.3626081547237
1,1817,685.6003847231946
1,1818,679.898066609711
1,1819,680.9885102045663
1,1820,685.880512274801
1,1821,691.4627004538349
1,1822,688.2926355731212
1,1823,684.3019639378881
1,1824,687.070507536339
1,1825,683.9787227834826
1,1826,680.5593234759149
1,1827,684.4772110093626
1,1828,682.1327883234053
1,1829,683.6879669104568
1,1830,689.437286439135
1,1831,687.302447819623
1,1832,676.4688296213666
1,1833,677.0221744660834
1,1834,674.8902356760819
1,1835,675.6338270482808
1,1836,683.8128495116242
1,1837,679.7944857774039
1,1838,682.2364508876235
1,1839,693.3086851030972
1,1840,689.0217576153211
1,1841,685.7750383604007
1,1842,683.6847511319571
1,1843,680.5933077212871
1,1844,683.4811455185414
1,1845,683.5135945824903
1,1846,676.3330398665612
1,1847,679.145263881454
1,1848,684.8974126592014
1,1849,675.2112827650772
1,1850,680.1012228094727
1,1851,674.4635227143411
1,1852,679.5963542900391
1,1853,678.7848093013049
1,1854,680.2124495571446
1,1855,678.6330434080952
1,1856,685.5214292892558
1,1857,681.1282475867964
1,1858,674.9617479644177
1,1859,686.0373184343491
1,1860,686.6943979646879
1,1861,684.1049929177706
1,1862,686.6681060743965
1,1863,680.4452044346455
1,1864,687.7635449242343
1,1865,680.7301846564699
1,1866,682.6171221328435
1,1867,687.6727611486551
1,1868,676.1174518184403
1,1869,674.7638477137997
1,1870,668.5423738295725
1,1871,676.4213503565995
1,1872,680.2523325934958
1,1873,686.8788362198849
1,1874,686.2338453081775
1,1875,684.892214714272
1,1876,674.3822753018526
1,1877,675.1372726626935
1,1878,682.5838291408422
1,1879,678.6145151683075
1,1880,679.3123832215476
1,1881,680.6002914023271
1,1882,684.1998550752868
1,1883,685.1464781756816
1,1884,679.4625715968829
1,1885,677.659170183783
1,1886,682.2578512431261
1,1887,674.8716572466684
1,1888,672.6361798673855
1,1889,675.3182824996239
1,1890,679.6407271323566
1,1891,679.09180647086
1,1892,680.4021686782639
1,1893,678.813254909083
1,1894,677.34902906915
1,1895,680.5822554882243
1,1896,678.8704766986464
1,1897,675.6892183409951
1,1898,680.5492709974353
1,1899,675.0793300930225
1,1900,677.330034152182
1,1901,672.9399451329836
1,1902,670.0328421516571
1,1903,676.861089699647
1,1904,679.4435204455845
1,1905,679.8145146126178
1,1906,680.1169172569346
1,1907,679.0299687499396
1,1908,683.1988504555221
1,1909,678.2216885783806
1,1910,678.1919486996252
1,1911,678.2483121168552
1,1912,681.6539587783897
1,1913,687.9789923611621
1,1914,685.013955402492
1,1915,684.4580539001213
1,1916,687.8121382967555
1,1917,684.9514442354676
1,1918,681.8969174081814
1,1919,682.5480511026037
1,1920,685.4648471782666
1,1921,685.8643654547984
1,1922,682.0115199312572
1,1923,683.4104074509837
1,1924,680.1131584282407
1,1925,688.7985877008376
1,1926,684.9877637744688
1,1927,686.8824280807837
1,1928,686.756784150138
1,1929,684.4147632612111
1,1930,681.1598936000778
1,1931,680.1218398878747
1,1932,678.4152835282052
1,1933,681.2267262769607
1,1934,687.698317263791
1,1935,682.2145313596851
1,1936,683.3027841593398
1,1937,682.2541884882556
1,1938,670.3618875652721
1,1939,677.4400142740327
1,1940,686.9936374529392
1,1941,687.2257100606553
1,1942,681.9140356007291
1,1943,675.6192604322354
1,1944,678.7726034849946
1,1945,674.5493208340027
1,1946,686.1752761296322
1,1947,687.4565671896704
1,1948,678.5185562356426
1,1949,679.9749893106105
1,1950,676.4241501573044
1,1951,687.4247240339156
1,1952,676.1860609390461
1,1953,679.5249817341333
1,1954,677.4510515562154
1,1955,676.6675469859911
1,1956,682.3305146019896
1,1957,683.6308096714267
1,1958,676.5323135859269
1,1959,681.8181732304602
1,1960,683.3452244162652
1,1961,676.2777170521828
1,1962,681.5166650645125
1,1963,674.9960694739449
1,1964,684.1594937110606
1,1965,680.5551133830072
1,1966,681.5210241881883
1,1967,680.5405307165256
1,1968,671.9963106002458
1,1969,672.9099570337199
1,1970,677.2146379616013
1,1971,675.6538223312624
1,1972,681.2617605341821
1,1973,680.4596353548899
1,1974,685.157003862186
1,1975,689.2505067599421
1,1976,684.2413833977172
1,1977,683.2167481200968
1,1978,678.752349302801
1,1979,681.069044520638
1,1980,681.9332315869133
1,1981,687.7820068717396
1,1982,681.3391846332728
1,1983,688.255189237324
1,1984,681.9503941635703
1,1985,681.8397885645068
1,1986,680.7896186260792
1,1987,685.3093744212299
1,1988,681.2622905200872
1,1989,674.1042796936218
1,1990,675.19992298696
1,1991,678.2716875566413
1,1992,678.9259045210489
1,1993,675.8759007422824
1,1994,679.8785951465375
1,1995,678.7555634938627
1,1996,679.1326716281111
1,1997,688.2977581179701
1,1998,688.5628122543019
1,1999,680.4604127123825
2,0,686.0294473335247
2,1,682.0886769232792
2,2,678.1711946264902
2,3,675.7960179555209
2,4,676.4698353780556
2,5,682.1782084846635
2,6,677.5957587227913
2,7,683.5947941286794
2,8,690.9059177977274
2,9,691.5032037159506
2,10,681.5568980927254
2,11,689.4542130778009
2,12,684.9616037078091
2,13,680.9989102744106
2,14,677.4996482015252
2,15,676.955793024578
2,16,671.3018824398636
2,17,675.6720952045039
2,18,680.5286165174061
2,19,683.5228286418678
2,20,684.4272264462838
2,21,681.1246647084722
2,22,675.8428778200373
2,23,672.9217616017286
2,24,676.2424316496613
2,25,673.7595166261624
2,26,683.8866254852826
2,27,679.9884755352061
2,28,679.6439138485168
2,29,679.8989674879382
2,30,680.3392972706874
2,31,686.0545467088799
2,32,684.400326432541
2,33,676.4642790886936
2,34,686.6383683717196
2,35,683.4311398831927
2,36,684.6077478059398
2,37,683.9090974343056
2,38,690.9715939622939
2,39,684.6565261176398
2,40,682.0651952444166
2,41,683.1149374093133
2,42,684.1485669198604
2,43,679.3645245189157
2,44,678.3600440990735
2,45,686.4030454918725
2,46,680.0417381466787
2,47,680.8109915363317
2,48,682.8066653473609
2,49,684.491044472644
2,50,675.130018336395
2,51,679.0601640805767
2,52,681.4608074168633
2,53,684.2971018898094
2,54,687.6017802324737
2,55,691.7405090164727
2,56,690.6965267464053
2,57,690.5899971157849
2,58,692.6334552730827
2,59,687.1532091850262
2,60,684.7396505205014
2,61,684.3501962596877
2,62,678.2531807840347
2,63,681.3150712082685
2,64,682.2229181721855
2,65,677.6695805056073
2,66,678.3486993070073
2,67,682.3116113818252
2,68,679.1346286397926
2,69,676.9896202268694
2,70,681.033448465445
2,71,688.085408286605
2,72,683.3269692536664
2,73,682.9874967368414
2,74,687.2411496093282
2,75,681.5057517179098
2,76,674.1013974448869
2,77,681.4090460117992
2,78,687.5529986161382
2,79,689.1289415042512
2,80,691.8747877976733
2,81,685.2029020612006
2,82,681.5569057015139
2,83,680.0156979251143
2,84,688.3206700222106
2,85,687.3531316131412
2,86,685.9287810396635
2,87,676.7825823911976
2,88,687.1457180639786
2,89,681.3807835394807
2,90,680.3909362328748
2,91,682.1425891835404
2,92,685.2514606628349
2,93,692.5548223768669
2,94,685.4125285311021
2,95,682.6052340842251
2,96,681.8423129118914
2,97,674.7509788557505
2,98,672.3781688923074
2,99,675.784094359487
2,100,677.3212907297598
2,101,675.8930018242974
2,102,678.3837251220639
2,103,678.167453961969
2,104,685.1073688036217
2,105,675.6823846148172
2,106,679.4255333159564
2,107,679.7321952881346
2,108,675.488702394233
2,109,688.0149189104894
2,110,682.7291065138542
2,111,683.5302696148754
2,112,686.9939463100603
2,113,679.2042697296482
2,114,679.3707175232781
2,115,681.0628433256073
2,116,692.0984676120584
2,117,683.0503631418467
2,118,685.9591271477389
2,119,688.8745839469269
2,120,685.2672820678507
2,121,686.6966719866052
2,122,681.5844603590251
2,123,683.4307214189779
2,124,685.9749158242566
2,125,677.3676097210349
2,126,681.5149694653911
2,127,683.4165583366006
2,128,678.8818867112514
2,129,679.750711356907
2,130,678.4466072888537
2,131,684.9085563510066
2,132,687.1381257641484
2,133,690.994158267234
2,134,678.9136451992019
2,135,687.0142386271998
2,136,678.5904270941022
2,137,689.7929821293657
2,138,685.015905460437
2,139,684.7586778054354
2,140,684.0059190467443
2,141,684.5530536039062
2,142,683.3092569281264
2,143,672.2449699917491
2,144,672.0515496326308
2,145,677.1405211173208
2,146,681.3218180516773
2,147,684.9827392850908
2,148,686.3008390283354
2,149,686.9225283931246
2,150,691.4011084752302
2,151,690.1161934693162
2,152,691.7919124019328
2,153,687.3113053922766
2,154,686.796412038022
2,155,692.8324515405916
2,156,690.3494818482257
2,157,692.5295005543273
2,158,686.138099204624
2,159,681.5028116850639
2,160,684.5582792026422
2,161,688.7044636065249
2,162,689.1797555153746
2,163,691.5260771242674
2,164,687.4159687470273
2,165,678.5851264225485
2,166,676.5719070883925
2,167,681.5749852204885
2,168,684.4007277979754
2,169,679.3401866062998
2,170,680.6714364234458
2,171,683.9965089043061
2,172,691.4798621888166
2,173,691.022289444212
2,174,682.1986444189204
2,175,676.3535666732747
2,176,675.1315351632377
2,177,679.4380624026093
2,178,680.3181862118743
2,179,691.8091343356452
2,180,686.5941461474913
2,181,689.47754718399
2,182,687.5182765178926
2,183,686.5235050946138
2,184,693.9958810150235
2,185,694.0791714695107
2,186,695.0010706814636
2,187,694.5943308521169
2,188,687.3849543721117
2,189,681.279260002351
2,190,691.8694423618394
2,191,694.8706263417773
2,192,682.6309105356241
2,193,683.9627698140804
2,194,681.0332000890924
2,195,683.288451877415
2,196,676.0027867182735
2,197,680.4704550842594
2,198,682.1934008488181
2,199,681.7536127485831
2,200,675.8804655352506
2,201,677.6447429737336
2,202,684.78364469485
2,203,680.9750679256183
2,204,676.0381553166228
2,205,678.8541634994042
2,206,681.1079979810982
2,207,684.0575322784143
2,208,681.0747718142594
2,209,681.8417634654752
2,210,680.5000847405677
2,211,680.437459714022
2,212,682.7312958231713
2,213,685.9470672158714
2,214,682.8307877390339
2,215,684.6887232284917
2,216,683.5624296380241
2,217,680.6466761919977
2,218,688.473479167234
2,219,689.1586340703348
2,220,685.4876805556394
2,221,677.2450519484157
2,222,682.1715823083864
2,223,679.6339798352824
2,224,676.0619961770785
2,225,680.3473574340157
2,226,681.1903969464475
2,227,684.1238690937488
2,228,677.5128333337453
2,229,678.1942161920542
2,230,682.9046266903382
2,231,680.6347998126722
2,232,676.9041847284735
2,233,677.9398077522786
2,234,683.4366580317701
2,235,680.4314149488027
2,236,674.870860102327
2,237,682.6372966381705
2,238,686.8809792945435
2,239,690.3094330695072
2,240,686.3334968189753
2,241,692.1960161908305
2,242,696.0116930355373
2,243,690.3132180504174
2,244,688.7310673701207
2,245,690.3774916727649
2,246,687.5296403065229
2,247,680.902110821198
2,248,684.1394773566236
2,249,688.496017701281
2,250,694.3037912552144
2,251,680.9723134592538
2,252,683.9982008575058
2,253,691.3901397550335
2,254,690.7153720022798
2,255,688.9025222129044
2,256,682.0203275123079
2,257,689.1759929182458
2,258,685.0165035624013
2,259,677.3772583749984
2,260,679.4610795826052
2,261,678.7965169190563
2,262,683.2883440905549
2,263,692.146544124873
2,264,686.0330120954941
2,265,683.2276693780688
2,266,680.2924448117654
2,267,685.61510446514
2,268,678.5407169113515
2,269,677.0293911946361
2,270,682.2073236031733
2,271,687.7190295233291
2,272,680.6050301340238
2,273,679.6947708796424
2,274,685.6070830627956
2,275,675.8915721521771
2,276,686.1492307605441
2,277,691.36167786991
2,278,691.8898918807442
2,279,677.3947494348706
2,280,679.9232909345552
2,281,689.2676789329885
2,282,692.9402111996217
2,283,685.1460767542823
2,284,682.1112179187437
2,285,684.5952480905238
2,286,677.247885432549
2,287,686.685419052523
2,288,679.4374309933593
2,289,673.1890527437362
2,290,675.9956783292389
2,291,682.6441479665448
2,292,677.1288870627495
2,293,679.5320864464015
2,294,679.5488143686161
2,295,679.7008590873143
2,296,684.4221236089211
2,297,681.2294242576035
2,298,679.8118612681045
2,299,674.8232349342968
2,300,680.521687921651
2,301,678.800628578543
2,302,686.5725339400385
2,303,689.1279390153421
2,304,688.5838322006795
2,305,694.9939168652954
2,306,694.3033035872216
2,307,691.9427747029729
2,308,687.5928248310776
2,309,675.6977573929555
2,310,680.189899612545
2,311,682.0307638275342
2,312,683.0007441326896
2,313,684.4974578586008
2,314,688.4872120666605
2,315,683.4624344066103
2,316,684.2312646868496
2,317,681.9035691029402
2,318,687.2006763166739
2,319,683.1002840385486
2,320,682.2526717286926
2,321,690.6367768337365
2,322,695.394612953547
2,323,680.732941554729
2,324,678.6516854679683
2,325,677.6999666196607
2,326,683.4240456034682
2,327,680.1340405748115
2,328,681.4808042461183
2,329,686.3866993552962
2,330,684.6965301749383
2,331,685.400063975801
2,332,685.381112336859
2,333,691.9316196496735
2,334,683.7658590667116
2,335,673.6348076703293
2,336,675.440753334835
2,337,676.5814838124334
2,338,680.9139621340978
2,339,678.0410037745343
2,340,679.9618464594903
2,341,675.6477738370598
2,342,679.6997323925414
2,343,684.9832187899858
2,344,679.617820403484
2,345,682.8325276760016
2,346,678.3590626495997
2,347,674.1382534017929
2,348,681.5912694938418
2,349,685.9921575465332
2,350,699.1275754626487
2,351,701.7865999244287
2,352,681.2654991843094
2,353,686.5835423170229
2,354,686.2670938907879
2,355,685.9011595882998
2,356,688.8519888940137
2,357,688.99970676842
2,358,685.2668061743736
2,359,678.1555662259458
2,360,673.2108997872923
2,361,685.2794169026764
2,362,686.9064001100861
2,363,684.1473785179147
2,364,688.8505636222923
2,365,686.8692412684588
2,366,688.7501222008634
2,367,684.9107827381274
2,368,688.8772849603943
2,369,684.5661870064753
2,370,684.286932557187
2,371,675.3767061844119
2,372,686.0817943245308
2,373,682.3093067841644
2,374,683.1855256888268
2,375,681.1709095072189
2,376,674.2969357166883
2,377,675.3624093852035
2,378,680.5499625952012
2,379,687.6216310177471
2,380,688.9360283126462
2,381,683.8192064082697
2,382,682.067537483946
2,383,678.624305031188
2,384,687.8679487205109
2,385,683.727072582697
2,386,677.966227127427
2,387,688.5212449651711
2,388,684.2683952366324
2,389,677.3307590241151
2,390,679.7552513635961
2,391,683.352180302239
2,392,687.3112257805705
2,393,684.9982311503777
2,394,688.1500380708736
2,395,686.2507321234721
2,396,677.9220646213056
2,397,676.8896608882825
2,398,678.516161189044
2,399,679.7423123161266
2,400,674.4345014916464
2,401,681.7245308302591
2,402,684.2792416344937
2,403,685.8416051440379
2,404,679.076711427016
2,405,677.7315635012202
2,406,684.3992047471501
2,407,689.4988957186843
2,408,691.3041382478892
2,409,679.9941538332092
2,410,676.454617744244
2,411,678.5036094666433
2,412,683.8594209750618
2,413,675.6886211583123
2,414,682.4484146994229
2,415,689.9008720071671
2,416,689.5242966287557
2,417,687.3302524938913
2,418,682.9659673157139
2,419,680.0346431208616
2,420,683.9368255594165
2,421,675.2584209568764
2,422,680.3373744190145
2,423,687.9803723427112
2,424,686.5604160641328
2,425,683.4991814439976
2,426,685.9973337182647
2,427,683.6052377561132
2,428,676.1396470403294
2,429,676.6114802786977
2,430,683.8013209613335
2,431,677.0839922847739
2,432,682.7036098138461
2,433,694.4025228279719
2,434,688.6668842028545
2,435,689.730178225635
2,436,684.8295621512287
2,437,681.8827241538255
2,438,686.1782152730972
2,439,688.5049705090431
2,440,687.7256510240093
2,441,683.37590027852
2,442,680.6763450520174
2,443,678.6737216208634
2,444,678.6864735384598
2,445,682.1656406165467
2,446,676.8577185869113
2,447,679.403268152269
2,448,685.1896037082086
2,449,679.9329445486735
2,450,675.6011170575135
2,451,677.2703966186286
2,452,673.3647187503542
2,453,675.403426221735
2,454,686.2555174143697
2,455,680.5117312995344
2,456,674.7374931361564
2,457,687.4742380072892
2,458,685.5421902258278
2,459,687.5218275429817
2,460,692.2855343823101
2,461,680.7770685238705
2,462,683.6817416243903
2,463,685.1602983111867
2,464,690.6433858134861
2,465,684.5313868858683
2,466,692.8622344245445
2,467,689.2180262111908
2,468,691.7304835575108
2,469,688.5597378284432
2,470,690.3120986818783
2,471,684.1690539630249
2,472,684.9081449974155
2,473,677.3711711565128
2,474,678.6725764917919
2,475,673.6189552168854
2,476,683.5637486596765
2,477,675.4298001886826
2,478,682.3495657060043
2,479,681.4709246246855
2,480,681.0223435547626
2,481,681.4688938206945
2,482,680.8448670572253
2,483,673.9335570430454
2,484,671.701344180035
2,485,683.6039765569471
2,486,691.9816463319565
2,487,688.5425326263539
2,488,684.9209658728514
2,489,678.3159384001957
2,490,680.5230254087685
2,491,685.3413885099112
2,492,689.7027018361766
2,493,687.6219715036867
2,494,681.1497301966972
2,495,680.5256981604085
2,496,678.3048458752352
2,497,679.419593610273
2,498,677.1819884376062
2,499,689.9800025756132
2,500,688.1053079811852
2,501,689.244336133576
2,502,690.2220197579209
2,503,687.5745599492814
2,504,687.4474574829154
2,505,692.4520187732852
2,506,688.4525537404523
2,507,688.1185199293622
2,508,680.6310305822842
2,509,674.9971993827196
2,510,680.9535334956163
2,511,679.3834413290796
2,512,674.994989287336
2,513,679.389629537599
2,514,676.2156692640331
2,515,682.0056007037743
2,516,685.9415209541967
2,517,678.0330595743824
2,518,684.9617529709794
2,519,679.9664186439537
2,520,686.7379863192646
2,521,677.8803647540469
2,522,684.1910006514968
2,523,679.0511675735663
2,524,675.4218710108956
2,525,683.209734225965
2,526,683.5503275382071
2,527,681.2746285628489
2,528,676.075890332222
2,529,671.7206619912972
2,530,685.1335454434021
2,531,680.1910706504467
2,532,679.5763343281005
2,533,684.9720404968693
2,534,686.6394578898622
2,535,680.8301033661082
2,536,687.7470294209129
2,537,694.8814163482177
2,538,683.465285513777
2,539,688.990223128149
2,540,693.7531366378129
2,541,685.4394778590719
2,542,690.4797330826369
2,543,682.5689668422516
2,544,673.2183949442075
2,545,677.5975886416038
2,546,678.8223997279443
2,547,678.8291702872979
2,548,673.5313642488429
2,549,675.5750018451964
2,550,676.2187176367933
2,551,679.8463507277999
2,552,679.0713392151001
2,553,679.5929342318648
2,554,679.2505423835809
2,555,684.4898744072482
2,556,688.0925673975585
2,557,682.5604044056572
2,558,679.3660231913057
2,559,682.1716891360684
2,560,685.2659535860811
2,561,672.0057903711878
2,562,673.2285101815125
2,563,677.1967262063577
2,564,681.5250709525188
2,565,673.7956045022851
2,566,673.8444050902079
2,567,678.1472462509403
2,568,677.9063200493218
2,569,675.2465399461207
2,570,673.8702330706066
2,571,678.0263726282789
2,572,680.4233632804493
2,573,675.2328056186599
2,574,685.4215279931794
2,575,686.3809734896334
2,576,695.1096121237858
2,577,688.6017584145769
2,578,678.5454422231016
2,579,675.6538430730442
2,580,679.4158669809893
2,581,679.273354852347
2,582,681.3489938400083
2,583,679.9070698543533
2,584,692.7754770889327
2,585,690.2239705897036
2,586,689.8301476549638
2,587,696.3966350173121
2,588,701.5472975547182
2,589,693.128531754138
2,590,684.0828157193488
2,591,691.7067184483047
2,592,699.4718534225066
2,593,688.3854453529465
2,594,683.2003988423874
2,595,679.2311820726991
2,596,676.4520339387606
2,597,676.745380044215
2,598,680.2529667620929
2,599,685.4028888951838
2,600,687.0553155561521
2,601,696.6588435557078
2,602,689.7043308051221
2,603,687.8359299947413
2,604,681.661315708972
2,605,680.8328396400032
2,606,679.3795022359495
2,607,686.520656569544
2,608,690.7567773869353
2,609,679.3144545023617
2,610,675.7801214051086
2,611,677.0474948812695
2,612,679.3925061536647
2,613,678.5896985141935
2,614,675.2779643000707
2,615,677.99638841028
2,616,680.1246462783172
2,617,677.9093702121133
2,618,685.8691796757267
2,619,681.9562092014382
2,620,684.462914867248
2,621,689.054627022515
2,622,685.1785359490787
2,623,680.8992333888092
2,624,679.0351283978772
2,625,680.5526387804571
2,626,678.4901983213192
2,627,680.9639398870947
2,628,680.8691367050054
2,629,676.2272862908577
2,630,679.5821099167963
2,631,687.2719301981248
2,632,689.5597520943268
2,633,689.7056197260332
2,634,684.9291603362708
2,635,685.371034126737
2,636,681.2669801348541
2,637,675.6763462697678
2,638,680.9940009251615
2,639,682.595785306976
2,640,675.3056758584502
2,641,674.5926896539872
2,642,676.8104196368666
2,643,677.405076585447
2,644,676.8001489564011
2,645,684.7757291139523
2,646,682.8484390948097
2,647,678.5049231704243
2,648,681.8094979734259
2,649,686.7039415952631
2,650,684.3177552359238
2,651,686.4827348706702
2,652,688.8111985684986
2,653,679.4464899066934
2,654,683.0711443519681
2,655,692.7103294598587
2,656,692.3215686614471
2,657,693.7479397418628
2,658,697.4753486198229
2,659,694.5090891422457
2,660,688.5191325523809
2,661,692.7292955337243
2,662,679.3410400508491
2,663,684.8511759561893
2,664,685.6533171411388
2,665,686.2111482066482
2,666,688.0208007605373
2,667,684.8903248457785
2,668,684.67814889578
2,669,686.591432752903
2,670,682.4461708642198
2,671,681.9018590528187
2,672,684.8736331684682
2,673,687.8335419086663
2,674,693.7999574726506
2,675,687.5768661528779
2,676,679.2323382161609
2,677,678.7391444565967
2,678,677.1626611957022
2,679,680.7796002952915
2,680,682.2900497552349
2,681,679.0332882461666
2,682,682.3692545946286
2,683,677.2726132558321
2,684,676.5394370711955
2,685,676.4830111957999
2,686,680.0775750811213
2,687,686.0026753853479
2,688,684.1136382242263
2,689,684.7584365309632
2,690,683.4511866057712
2,691,677.2488531424718
2,692,684.0419147763563
2,693,689.4324571510376
2,694,681.3908512239932
2,695,684.023255060264
2,696,686.1522186357353
2,697,682.5989952501168
2,698,681.1717499367209
2,699,686.2045734656525
2,700,692.5197773516112
2,701,683.2013478998429
2,702,682.9840079237168
2,703,682.0278726444901
2,704,689.0924967154749
2,705,685.5974012645418
2,706,689.3133460221318
2,707,681.4076267391481
2,708,687.2257343621733
2,709,685.9483527998083
2,710,684.9600092664366
2,711,684.5648823595429
2,712,689.1254432937301
2,713,692.2064746775173
2,714,695.4872689632806
2,715,693.2108079524885
2,716,692.4235485349305
2,717,682.5288988361183
2,718,680.6304609305143
2,719,678.628765738122
2,720,684.1455377806294
2,721,682.6152060669426
2,722,681.8561776113739
2,723,684.5606565858509
2,724,683.0461810494949
2,725,679.4331880377757
2,726,676.3215853563353
2,727,684.0247986558516
2,728,678.9966880905247
2,729,677.2297399993206
2,730,680.2567549815793
2,731,676.2897997940373
2,732,676.9700465117528
2,733,681.8744047214725
2,734,688.624185062072
2,735,690.5659060957545
2,736,687.2702122910956
2,737,682.8237239135135
2,738,679.0700550043335
2,739,671.6692416395391
2,740,676.7242127725854
2,741,679.3704126211227
2,742,674.0996808803334
2,743,677.4268945730892
2,744,675.892994256487
2,745,676.2449780800673
2,746,680.3179494490005
2,747,676.9927770718864
2,748,680.5736040309095
2,749,684.3244618741325
2,750,685.3024491495835
2,751,682.3888140818334
2,752,690.221091107248
2,753,685.5718679039821
2,754,686.1852229792642
2,755,679.7707982925282
2,756,678.8712856013574
2,757,676.5322291213988
2,758,680.6289619335685
2,759,684.1919830945001
2,760,680.4702082443033
2,761,681.2646668341068
2,762,683.7618441345792
2,763,690.8054042455004
2,764,692.9454457486496
2,765,689.6159895416232
2,766,690.1268688809888
2,767,684.1709858397012
2,768,695.6507117368874
2,769,683.3886851485753
2,770,678.8663842773476
2,771,687.2836875888615
2,772,691.4693970517637
2,773,687.9556393296216
2,774,681.4810869714628
2,775,686.8324038461569
2,776,681.5474029882384
2,777,677.5159888945017
2,778,687.7293711238071
2,779,687.8036572675578
2,780,687.6652739624365
2,781,683.7901350349848
2,782,673.300348201202
2,783,677.5545518518928
2,784,681.732971580353
2,785,681.7650283933876
2,786,676.7803600537436
2,787,677.2314283395649
2,788,676.9086876610545
2,789,678.3789312415508
2,790,684.3409522084823
2,791,687.5378095059277
2,792,686.0881069547399
2,793,683.8007176551813
2,794,689.7984942991624
2,795,681.6293376941417
2,796,680.3856605673632
2,797,684.7193949679074
2,798,678.9815284243288
2,799,677.9840073619181
2,800,676.7250568119416
2,801,674.6190207985243
2,802,678.3940780502019
2,803,676.0542043983886
2,804,677.2956899861606
2,805,682.0439137449061
2,806,683.5442865602292
2,807,676.563042951658
2,808,680.0166846846784
2,809,682.7928180947422
2,810,684.2244051457935
2,811,680.6393303122085
2,812,683.5186033528564
2,813,677.6923957965735
2,814,672.0315380461625
2,815,671.5307666086298
2,816,677.7823331468281
2,817,690.6496528227319
2,818,691.9867348333099
2,819,695.4129081401767
2,820,688.0345700416145
2,821,689.5954671605292
2,822,674.0094716115018
2,823,680.2080409198377
2,824,680.5299630853314
2,825,674.0875600269616
2,826,676.5115494081008
2,827,683.0996749141581
2,828,679.6914039128588
2,829,681.1061627595236
2,830,682.4423039252398
2,831,672.073020712206
2,832,685.1651130664488
2,833,684.278656733588
2,834,679.6287916535845
2,835,683.1471166698576
2,836,683.1029461098442
2,837,680.2082820106115
2,838,684.3502898341617
2,839,684.3921305541879
2,840,680.9956965363402
2,841,696.2384664017255
2,842,697.3128781351493
2,843,690.4335059879891
2,844,701.4475260058513
2,845,703.7666892554548
2,846,698.7040254086573
2,847,703.9700672480864
2,848,697.3535786999123
2,849,688.7924791726844
2,850,681.1381252480616
2,851,680.141425438691
2,852,692.0210124537363
2,853,693.1587127931596
2,854,687.0723450202779
2,855,688.1842203371314
2,856,682.3090472230506
2,857,680.2899893109102
2,858,680.5754546579627
2,859,680.6233552981988
2,860,680.0784002283215
2,861,679.3770268053295
2,862,678.0446168745243
2,863,676.0219311159082
2,864,675.8664230460217
2,865,678.1231960510484
2,866,677.1124839709539
2,867,677.6310425364496
2,868,686.2040342795759
2,869,691.5050594741712
2,870,697.1629277329957
2,871,697.2118382290813
2,872,695.0725075194041
2,873,683.1860100535324
2,874,689.101247115632
2,875,694.2691707874044
2,876,691.4191463737784
2,877,690.4461652411604
2,878,682.4480648653135
2,879,683.5787650469118
2,880,683.943519992532
2,881,686.5120264535524
2,882,687.0602901746663
2,883,687.4394392875794
2,884,687.4573575744222
2,885,693.6448799474924
2,886,685.8136399947155
2,887,682.4124466877128
2,888,679.7037352976578
2,889,677.3860698798808
2,890,688.0982750676443
2,891,681.0221192828775
2,892,682.4175483847055
2,893,676.5307496919719
2,894,677.8219673864118
2,895,677.2511421511828
2,896,682.8186460094529
2,897,690.2960487104882
2,898,684.8078838808381
2,899,685.9879992077152
2,900,687.1033017503673
2,901,682.7041167971254
2,902,681.3053749468655
2,903,681.7929103726437
2,904,685.7264345459131
2,905,685.1649006599878
2,906,682.0059200799849
2,907,683.6425686361018
2,908,682.8248800806318
2,909,680.9617379990812
2,910,681.1075061244305
2,911,677.1820810777581
2,912,681.2590262545226
2,913,687.277937521924
2,914,674.6596961322584
2,915,682.1430314911938
2,916,681.4174314043175
2,917,687.4932941691995
2,918,687.2463054274417
2,919,688.0406076363408
2,920,692.2862442329551
2,921,680.4309770325026
2,922,682.3385566808855
2,923,684.2225405089233
2,924,679.8500982480406
2,925,674.5470354842438
2,926,682.7789845789606
2,927,675.3762959481905
2,928,675.7969321340629
2,929,678.0741498295445
2,930,680.0725458096648
2,931,679.0515158223153
2,932,678.0823238269516
2,933,674.4248719387265
2,934,674.4271676021768
2,935,683.210598315647
2,936,680.3010705861495
2,937,683.5238715229493
2,938,674.0643988134982
2,939,676.1790646536681
2,940,689.0787779575983
2,941,690.9750045906927
2,942,680.5463014247705
2,943,679.5857284056057
2,944,679.4212535812012
2,945,679.2605263515334
2,946,683.5792845142828
2,947,684.2341725081174
2,948,681.0919235079598
2,949,680.0514813359204
2,950,676.5999992702854
2,951,679.0717818747991
2,952,678.072688617998
2,953,683.2770947198085
2,954,692.4396523140872
2,955,685.6068119061631
2,956,683.1352512772625
2,957,682.1635103328057
2,958,677.8057957128541
2,959,674.5159344543799
2,960,680.2396856123001
2,961,680.7576450489378
2,962,684.1612886718066
2,963,683.9890013170066
2,964,680.241054765396
2,965,681.6355457932466
2,966,676.9346753154667
2,967,675.0359927880932
2,968,674.7082275643156
2,969,676.1070213601764
2,970,677.1190410454979
2,971,674.7635214618671
2,972,677.1203420331669
2,973,680.8361768776217
2,974,684.5544947700193
2,975,686.4280880351719
2,976,683.7684714088241
2,977,677.9363921953305
2,978,679.7724536489086
2,979,683.2049673545366
2,980,683.7422250151593
2,981,685.8059797371357
2,982,686.6768169362208
2,983,687.6521056299957
2,984,688.7810297227644
2,985,694.4625783504831
2,986,694.1421669779646
2,987,689.0973233963393
2,988,688.9250730131406
2,989,688.3914648452284
2,990,682.4797163604038
2,991,680.672057423866
2,992,684.3510591693586
2,993,678.1036770202231
2,994,676.1516849667693
2,995,680.1064066792394
2,996,685.1877605130906
2,997,680.480525008414
2,998,680.7563424187308
2,999,678.1592467466567
2,1000,690.1364014833965
2,1001,692.0127030321061
2,1002,685.6819813701327
2,1003,685.2380309947621
2,1004,690.0143041344778
2,1005,676.6876742435351
2,1006,680.0254900191302
2,1007,675.4331761462216
2,1008,680.9379468371534
2,1009,682.8640489848848
2,1010,682.6577318843142
2,1011,683.3639216247452
2,1012,676.7788079132774
2,1013,677.4566905579924
2,1014,675.090632052791
2,1015,680.7760366088462
2,1016,680.8957374620992
2,1017,672.5093165572184
2,1018,673.6060866274499
2,1019,674.3863964148021
2,1020,680.5040051810221
2,1021,682.8129847373484
2,1022,682.7963900978192
2,1023,677.6729889957866
2,1024,683.9704826236253
2,1025,681.488526482381
2,1026,681.3477764015328
2,1027,684.4658734087623
2,1028,676.9643112012657
2,1029,676.3035819089877
2,1030,673.5786162143557
2,1031,676.9410246955495
2,1032,679.1380543871155
2,1033,680.0857432834478
2,1034,684.3749457509722
2,1035,685.3144512758656
2,1036,685.4762797485514
2,1037,680.9999502280232
2,1038,683.6290669583219
2,1039,677.024819046915
2,1040,683.0622721653561
2,1041,686.3585085616879
2,1042,674.6885455946286
2,1043,679.2919330315075
2,1044,677.1352556853046
2,1045,679.8073518301455
2,1046,678.8957068183817
2,1047,687.2177523473297
2,1048,677.6112140869907
2,1049,674.2209549063749
2,1050,679.9455346162713
2,1051,679.2039048453468
2,1052,686.8591709993252
2,1053,684.9826391568075
2,1054,690.5130009676302
2,1055,691.3962210216234
2,1056,690.5477716225085
2,1057,680.9633856806763
2,1058,680.9345955772335
2,1059,682.3361618040049
2,1060,686.9850958257147
2,1061,683.9068384595595
2,1062,677.7581556566453
2,1063,682.745951956393
2,1064,686.318492690938
2,1065,677.9610058923856
2,1066,679.9222307252534
2,1067,682.0485445520218
2,1068,676.2296378240209
2,1069,677.9314282264537
2,1070,684.2796025365462
2,1071,683.7282187022882
2,1072,685.4082412182347
2,1073,686.1177264594595
2,1074,676.900246708809
2,1075,682.8656537848208
2,1076,682.7420957939879
2,1077,681.1812742002962
2,1078,679.4958499464913
2,1079,680.8202470948038
2,1080,686.5918597120436
2,1081,693.2014183712354
2,1082,689.4348165158929
2,1083,694.1880492050991
2,1084,688.2193193624998
2,1085,687.9794950787185
2,1086,692.1183906968694
2,1087,689.6290543346705
2,1088,687.3238069662824
2,1089,687.4942984505847
2,1090,685.1029819626534
2,1091,677.5080868998731
2,1092,679.2302919313668
2,1093,682.7196363238319
2,1094,677.4935952631075
2,1095,681.4439671173844
2,1096,684.4332768643719
2,1097,677.8682226048818
2,1098,683.3895521211439
2,1099,677.266761068962
2,1100,673.733914065583
2,1101,683.8353918463463
2,1102,682.926212757802
2,1103,688.0028979869797
2,1104,689.2535444024667
2,1105,677.998579351782
2,1106,678.6731123615325
2,1107,683.2141210284633
2,1108,676.3427268220723
2,1109,673.4465352420524
2,1110,679.3831570661338
2,1111,680.3681963530639
2,1112,682.748147781314
2,1113,690.3979914284844
2,1114,685.7172519867273
2,1115,686.8382803025297
2,1116,688.6540200806874
2,1117,686.9792947209227
2,1118,686.2874298931706
2,1119,680.912039525733
2,1120,672.2689309531139
2,1121,675.3482197558069
2,1122,680.9108273542003
2,1123,678.8854876693198
2,1124,680.8339567215046
2,1125,681.8609404428036
2,1126,681.0081740440062
2,1127,680.6230501271675
2,1128,676.9720386636438
2,1129,685.1577505452799
2,1130,684.7093848026445
2,1131,682.1391495811735
2,1132,677.2590603588686
2,1133,680.5871890678969
2,1134,680.3925423232599
2,1135,676.9171553704555
2,1136,681.9190510081833
2,1137,682.1721930618721
2,1138,682.2239875287521
2,1139,680.9344454158033
2,1140,674.443169132641
2,1141,677.9567162094297
2,1142,675.8955324310895
2,1143,678.9358082089975
2,1144,671.9716493766945
2,1145,686.0456848706792
2,1146,681.7619805191493
2,1147,681.8227065371134
2,1148,687.0748806420643
2,1149,685.6849411148321
2,1150,680.8180058940047
2,1151,684.8624571713036
2,1152,679.145344617545
2,1153,688.2309320661421
2,1154,687.8217863401602
2,1155,693.4132902919321
2,1156,698.0728772244248
2,1157,684.6387519513379
2,1158,682.7063562624925
2,1159,677.0943568396098
2,1160,677.996384293925
2,1161,677.5924591629496
2,1162,678.2343951093457
2,1163,682.4000171420926
2,1164,681.2978923824944
2,1165,684.1474570495028
2,1166,692.0100708405597
2,1167,685.1763533559565
2,1168,676.3566511944617
2,1169,682.0886942093391
2,1170,688.7666768424942
2,1171,684.8983585716771
2,1172,684.4087278864558
2,1173,681.7165634274835
2,1174,690.603938034834
2,1175,685.5982016724449
2,1176,684.4195670007509
2,1177,689.946455833386
2,1178,692.4859956026588
2,1179,688.1540099378166
2,1180,684.265262730417
2,1181,679.7970222214791
2,1182,680.3775958827262
2,1183,687.8971766603712
2,1184,688.4511044423308
2,1185,687.5478533994414
2,1186,681.3533140650101
2,1187,680.6519936897049
2,1188,680.3459542664492
2,1189,683.9536179179446
2,1190,681.4292069256675
2,1191,679.9912042282501
2,1192,686.8720161449753
2,1193,676.4128676210452
2,1194,681.4418133861274
2,1195,683.8202379356803
2,1196,690.7747841961238
2,1197,678.9319850246311
2,1198,672.8403010259968
2,1199,683.1731828758791
2,1200,673.6138098196982
2,1201,682.2539509567229
2,1202,679.1082465733231
2,1203,674.4540975594091
2,1204,678.0757057697581
2,1205,679.4171875629727
2,1206,680.4170960810029
2,1207,681.5649883331073
2,1208,683.3000447302566
2,1209,685.03862188995
2,1210,679.1925841752958
2,1211,685.5784979929804
2,1212,688.4323415895826
2,1213,686.2627734235195
2,1214,681.4995151812076
2,1215,674.9646764404946
2,1216,680.5535857269318
2,1217,685.61064114009
2,1218,683.815351520554
2,1219,682.0914680363526
2,1220,683.6124383375934
2,1221,688.3992465727938
2,1222,683.2216779186925
2,1223,679.2938376263759
2,1224,673.5591942674012
2,1225,677.4293106859881
2,1226,680.3217470790372
2,1227,684.9520297979784
2,1228,687.0454373477141
2,1229,685.0931015973399
2,1230,683.0763970987967
2,1231,694.20767830303
2,1232,691.1129716443619
2,1233,691.2515532028775
2,1234,688.7210238952466
2,1235,698.7003869668108
2,1236,697.9756284569919
2,1237,688.4009882218932
2,1238,681.9735592305005
2,1239,686.5898035206052
2,1240,687.2635282404881
2,1241,690.6942440034157
2,1242,698.3394192821198
2,1243,687.7910293040178
2,1244,683.6541085392874
2,1245,688.7467321071557
2,1246,686.2352409655334
2,1247,683.1335413334117
2,1248,680.3133953550534
2,1249,681.6840330647037
2,1250,678.5005594209966
2,1251,680.8333807493419
2,1252,680.9362385075253
2,1253,688.657377993293
2,1254,687.6135303634439
2,1255,684.2295574520251
2,1256,676.4051072848546
2,1257,679.7819357410159
2,1258,695.4085669018937
2,1259,694.1181114096354
2,1260,688.5633675624742
2,1261,680.6207215253602
2,1262,674.9216066629116
2,1263,671.6965105511146
2,1264,672.7949689361284
2,1265,679.2872565002767
2,1266,682.032031109396
2,1267,681.855990703463
2,1268,673.0036162253751
2,1269,675.7426662622543
2,1270,674.1355248278809
2,1271,680.6845816801347
2,1272,681.7352567154616
2,1273,683.1435886409749
2,1274,685.8630464355593
2,1275,685.2767505786023
2,1276,679.1752615895597
2,1277,677.0154279448659
2,1278,673.6842522815894
2,1279,678.9730105145404
2,1280,675.1347750530349
2,1281,683.5923558496141
2,1282,682.5966897026178
2,1283,684.7036017419242
2,1284,696.1481591354321
2,1285,685.2971952172738
2,1286,674.8746133875109
2,1287,686.9718264069943
2,1288,694.5730926356009
2,1289,690.9679907082071
2,1290,686.4300473412403
2,1291,692.2852069088619
2,1292,684.6680847199577
2,1293,684.5170682176421
2,1294,688.9253445960227
2,1295,691.5933790232986
2,1296,690.9827519420128
2,1297,690.9071264966218
2,1298,697.992442889465
2,1299,692.8612680575976
2,1300,688.7815111806915
2,1301,691.7001504769686
2,1302,688.2748064734043
2,1303,691.7588327229562
2,1304,693.1360370047947
2,1305,700.7529107825169
2,1306,693.4708196092323
2,1307,689.3666946974765
2,1308,684.7076340680615
2,1309,685.9259249313424
2,1310,694.920678831596
2,1311,693.2782186689628
2,1312,684.0000558203191
2,1313,690.5822577968981
2,1314,689.9124991250538
2,1315,685.1914247411083
2,1316,684.3978355188411
2,1317,686.2673516273086
2,1318,684.3083943653796
2,1319,680.9274503293093
2,1320,682.1073713924725
2,1321,673.972205353917
2,1322,679.4763194789416
2,1323,684.776116609958
2,1324,679.7679553317603
2,1325,687.6279229338711
2,1326,683.0015393708858
2,1327,682.3672456682744
2,1328,682.2254113384204
2,1329,676.6450608707869
2,1330,679.4686635749293
2,1331,687.8907554143841
2,1332,685.220711621631
2,1333,678.0414551382273
2,1334,677.9655498424917
2,1335,680.9737427502134
2,1336,678.0653626595531
2,1337,683.227197628579
2,1338,673.3234457940576
2,1339,673.9097660103204
2,1340,672.2863951329934
2,1341,681.5210925692414
2,1342,670.6313213797596
2,1343,670.9593288296293
2,1344,678.9756097653378
2,1345,681.3338987475569
2,1346,675.3452269975544
2,1347,676.451651958048
2,1348,682.1436138658474
2,1349,677.9968428331692
2,1350,673.6135224416215
2,1351,680.381441902889
2,1352,679.547195361846
2,1353,677.4933938187739
2,1354,680.6861625966873
2,1355,683.0265498706228
2,1356,679.7669864804969
2,1357,683.7248495177308
2,1358,681.4970865613357
2,1359,678.9258030704402
2,1360,678.2965248251775
2,1361,675.3376929229768
2,1362,676.7721788361137
2,1363,676.9479211488785
2,1364,675.049884782321
2,1365,677.1714659619919
2,1366,688.5875355429018
2,1367,686.7499408366032
2,1368,691.1854926983119
2,1369,685.2149389706123
2,1370,691.0176582244136
2,1371,691.7338159104336
2,1372,691.8287852195331
2,1373,697.6147102812769
2,1374,695.3181250798532
2,1375,687.2894791388047
2,1376,684.0789638376726
2,1377,680.5723509314531
2,1378,684.8823858564176
2,1379,676.4795970265055
2,1380,670.6170758662898
2,1381,670.3852955646048
2,1382,676.1666185102096
2,1383,680.0257733463325
2,1384,683.4421768710722
2,1385,689.1476012256776
2,1386,685.3340143161075
2,1387,696.1964441315688
2,1388,700.066450015589
2,1389,687.0242235472105
2,1390,687.6989641153356
2,1391,685.1656627724551
2,1392,683.0599601030412
2,1393,682.899170792081
2,1394,676.4557546468315
2,1395,677.1311855092888
2,1396,678.0400043863208
2,1397,679.3538082262651
2,1398,678.5366944924477
2,1399,679.940671320078
2,1400,688.2856039546976
2,1401,685.9289816609339
2,1402,687.0896932998179
2,1403,684.6170708591933
2,1404,682.4509998883863
2,1405,681.6520055599498
2,1406,682.2951825282116
2,1407,681.7030396997375
2,1408,681.1741854241842
2,1409,680.0462094261195
2,1410,682.167166348765
2,1411,679.3082717322106
2,1412,676.1575008624811
2,1413,676.7945523412196
2,1414,679.9784635658092
2,1415,678.9774691929127
2,1416,675.9197223847207
2,1417,681.2246944623174
2,1418,684.0086454528866
2,1419,684.101983563794
2,1420,685.8297364113739
2,1421,681.3458711515008
2,1422,690.2490373187078
2,1423,692.5250390927426
2,1424,691.4533300866882
2,1425,694.0588028546289
2,1426,682.8376663543536
2,1427,673.1178689402868
2,1428,682.6878347125223
2,1429,681.7083625464032
2,1430,680.0231627049824
2,1431,677.2959271845975
2,1432,678.0909894848709
2,1433,675.4893237170306
2,1434,679.2573342346805
2,1435,680.5896826553748
2,1436,677.3762622506507
2,1437,683.3726786094563
2,1438,686.9160992133297
2,1439,680.1611562869207
2,1440,677.7761014480127
2,1441,673.355780457566
2,1442,682.6620305773775
2,1443,683.1733822611857
2,1444,688.4113636626657
2,1445,689.6586427437443
2,1446,686.2698987944399
2,1447,682.5168516017714
2,1448,680.9310769127069
2,1449,680.4782666723089
2,1450,676.4001626004374
2,1451,674.3404313599317
2,1452,676.0805895782134
2,1453,674.772571438726
2,1454,676.3038108518391
2,1455,688.2690186466124
2,1456,683.6176317277536
2,1457,683.2197280151406
2,1458,686.1191481923897
2,1459,679.791230016576
2,1460,678.055732062502
2,1461,673.3747071515539
2,1462,667.2960766943345
2,1463,677.8698000380521
2,1464,683.6545295406736
2,1465,683.1778200344123
2,1466,680.3058504862881
2,1467,678.1570160684159
2,1468,684.6140573912791
2,1469,685.3851621011121
2,1470,686.9149727066476
2,1471,679.2450590262979
2,1472,686.0000451634204
2,1473,690.583548904282
2,1474,685.993866266081
2,1475,680.9371165076609
2,1476,678.5974744194384
2,1477,682.974244750508
2,1478,683.8735537842598
2,1479,681.3637209170338
2,1480,682.9591612220386
2,1481,684.7219196011205
2,1482,691.7649908324282
2,1483,684.4709844340022
2,1484,691.8969872209848
2,1485,685.9181243842496
2,1486,679.3515981756626
2,1487,684.7697980187409
2,1488,689.0532077425534
2,1489,681.3653193935826
2,1490,688.4693365351759
2,1491,684.3006200720621
2,1492,682.4381379842663
2,1493,686.523978836051
2,1494,678.3907099749606
2,1495,674.5781682534964
2,1496,676.6693231802574
2,1497,671.2895303213625
2,1498,673.3409125074415
2,1499,674.3407628071956
2,1500,680.8846880542534
2,1501,680.2573492112044
2,1502,674.5979251910098
2,1503,684.4147470388617
2,1504,693.0013210567234
2,1505,679.7974832253193
2,1506,681.8078688524422
2,1507,680.5270179109875
2,1508,677.3740630470205
2,1509,682.1126610480228
2,1510,683.9963839357738
2,1511,688.5319553166466
2,1512,689.0628860012959
2,1513,683.3360950577484
2,1514,684.6635170493761
2,1515,682.5441512079182
2,1516,691.269534376067
2,1517,691.2134921840467
2,1518,683.5047750348606
2,1519,684.4425138096509
2,1520,694.8099087231891
2,1521,690.1938349280862
2,1522,691.1176212444061
2,1523,690.5247415804433
2,1524,689.1251738635932
2,1525,692.2691645781598
2,1526,690.7206732235272
2,1527,689.5183756234132
2,1528,690.8313672058249
2,1529,676.5052393964064
2,1530,680.1025109766575
2,1531,674.3364786017404
2,1532,676.4480021553959
2,1533,678.9532453089342
2,1534,681.39516313547
2,1535,680.462836709357
2,1536,689.2897842164228
2,1537,680.5974085522416
2,1538,679.5959153982598
2,1539,680.2336079532862
2,1540,676.4376533392137
2,1541,685.3219079530659
2,1542,698.055609660656
2,1543,687.4041916629049
2,1544,693.1919564041278
2,1545,693.8297056187913
2,1546,685.6897712450543
2,1547,685.4461589778108
2,1548,684.3384065720446
2,1549,680.8074698253406
2,1550,674.9553534742358
2,1551,680.3962058630095
2,1552,688.8869299790543
2,1553,687.6733161903926
2,1554,682.6062031382025
2,1555,686.6135545139115
2,1556,682.5954866921703
2,1557,684.0818375479291
2,1558,693.0061651498033
2,1559,688.4927501415274
2,1560,684.7675248823642
2,1561,682.8005760661359
2,1562,684.8114672184112
2,1563,693.2582961417033
2,1564,688.4153407198676
2,1565,687.2047598182536
2,1566,679.0852114130109
2,1567,679.4687922382842
2,1568,684.8450385533572
2,1569,692.352365236212
2,1570,693.0105086650323
2,1571,693.373806455532
2,1572,691.8240575632893
2,1573,689.4501419919136
2,1574,686.8475634279084
2,1575,686.298254133924
2,1576,690.9385963965872
2,1577,686.2597964403919
2,1578,678.3974902583138
2,1579,674.8074918159205
2,1580,673.7715189048918
2,1581,679.8857489523384
2,1582,678.6848426940202
2,1583,683.5429725235676
2,1584,689.5701309136534
2,1585,690.3767034862652
2,1586,684.5951357422267
2,1587,679.6441490827356
2,1588,675.8026671329592
2,1589,677.249104525259
2,1590,684.5029837443562
2,1591,684.2317874928781
2,1592,677.2245578268981
2,1593,675.6737058853432
2,1594,681.1668163840338
2,1595,685.6642024928656
2,1596,679.492789436191
2,1597,684.1368146925997
2,1598,684.6930345222019
2,1599,671.5479630889852
2,1600,673.5042029966966
2,1601,684.3044517627734
2,1602,685.8978494379312
2,1603,691.449924948349
2,1604,685.603075100549
2,1605,681.0980681666675
2,1606,685.2047308500673
2,1607,694.9769935266057
2,1608,692.7477187164814
2,1609,683.8624806285994
2,1610,685.0414404361662
2,1611,672.1478663513315
2,1612,678.2818467563809
2,1613,695.5911881316681
2,1614,691.175063977931
2,1615,676.658583904179
2,1616,680.4024166952411
2,1617,686.3825999506771
2,1618,682.5213827706602
2,1619,691.3144253554551
2,1620,688.8668510471927
2,1621,693.3610030344719
2,1622,687.8895677119356
2,1623,686.6461454703401
2,1624,687.2412300324764
2,1625,679.2287365680531
2,1626,680.6317414593099
2,1627,674.2124647493101
2,1628,676.5046236576446
2,1629,676.3286125425727
2,1630,681.3451398254502
2,1631,687.0708144988621
2,1632,675.068351930461
2,1633,675.7498808177321
2,1634,689.3169313648361
2,1635,686.0488171965017
2,1636,677.7847913624272
2,1637,673.630401403678
2,1638,670.2484200371443
2,1639,677.3091665889492
2,1640,676.2402787919965
2,1641,680.4238315588481
2,1642,683.1204127891851
2,1643,684.3654774176779
2,1644,683.5632116798806
2,1645,686.6862041722353
2,1646,691.2676967461502
2,1647,695.9725369663649
2,1648,692.1904815149471
2,1649,680.17888711026
2,1650,685.1813034683151
2,1651,680.3022362896852
2,1652,677.0684655480206
2,1653,692.39698839723
2,1654,690.41964530654
2,1655,690.2731327069235
2,1656,679.9570476826405
2,1657,689.7280760744503
2,1658,691.5751385460117
2,1659,681.1007859400961
2,1660,680.3260053712977
2,1661,686.9912387537059
2,1662,683.8515702381909
2,1663,681.7925246665021
2,1664,679.3182476939655
2,1665,678.1289924273652
2,1666,679.2342692440926
2,1667,688.889545900672
2,1668,684.5197461021344
2,1669,684.803569776325
2,1670,681.364629119897
2,1671,691.4916077565524
2,1672,685.2852344773938
2,1673,686.7210436584986
2,1674,685.6840322420427
2,1675,681.7327335540107
2,1676,684.2214131764788
2,1677,683.2337824677109
2,1678,687.2329802188458
2,1679,686.5131310325182
2,1680,689.8199077040466
2,1681,687.4340643630741
2,1682,684.8211035988309
2,1683,682.3474691562868
2,1684,673.6265364882947
2,1685,676.8396045044396
2,1686,681.9433969350723
2,1687,688.2466167540159
2,1688,690.8573967691974
2,1689,686.7214552097417
2,1690,682.767391737105
2,1691,678.878208231373
2,1692,678.7245816797437
2,1693,679.3860021414902
2,1694,685.5884995449225
2,1695,693.2736896185514
2,1696,689.6998446837388
2,1697,682.0938291358877
2,1698,674.4660777376624
2,1699,674.1775619653305
2,1700,676.8999026261133
2,1701,677.1169345532473
2,1702,678.0054705546976
2,1703,682.6602345518907
2,1704,689.9694681143859
2,1705,700.4395855593478
2,1706,685.5801818231141
2,1707,679.4649302310344
2,1708,680.5646894826014
2,1709,674.9813529947238
2,1710,679.1872996281493
2,1711,680.6383446926338
2,1712,684.0388042609067
2,1713,681.344273052883
2,1714,685.2456975582959
2,1715,678.8734099982142
2,1716,681.8121624906636
2,1717,685.265301817617
2,1718,684.4100484772712
2,1719,684.7438681196824
2,1720,689.8111147932751
2,1721,686.9478197704474
2,1722,685.4568844265061
2,1723,683.541716751245
2,1724,686.0015527640717
2,1725,685.4317456761205
2,1726,682.4456217963485
2,1727,683.6010962839908
2,1728,680.152355791527
2,1729,680.1936842574731
2,1730,681.3165250737617
2,1731,681.6052577982418
2,1732,675.2475110447854
2,1733,679.3501629040844
2,1734,683.6436035335563
2,1735,679.7813962706651
2,1736,678.5527229435753
2,1737,676.1186517361743
2,1738,678.891751211497
2,1739,679.0468880337677
2,1740,676.6639984766405
2,1741,683.7725105731868
2,1742,683.8548488681791
2,1743,692.838636738536
2,1744,692.6033063586458
2,1745,680.4280596509907
2,1746,679.0673457660209
2,1747,680.8851953856588
2,1748,686.6368075205521
2,1749,687.8494568956885
2,1750,689.2954213260722
2,1751,685.0331321812602
2,1752,683.781205147232
2,1753,681.784083750234
2,1754,677.3683678849766
2,1755,680.6052219515125
2,1756,678.0261489860088
2,1757,683.231487506852
2,1758,684.8148545954369
2,1759,690.4649593775034
2,1760,689.7755511833852
2,1761,695.9722812864958
2,1762,696.654303819631
2,1763,688.5520457914353
2,1764,692.0921124979884
2,1765,689.938161247032
2,1766,684.2174580774283
2,1767,688.273023606968
2,1768,691.2078125122691
2,1769,691.5443745677873
2,1770,694.1515797266135
2,1771,687.529682269196
2,1772,686.2929373432123
2,1773,685.8713336577017
2,1774,690.7657252492954
2,1775,687.0380427868329
2,1776,682.8693849417301
2,1777,674.9019973830727
2,1778,676.1442514063991
2,1779,676.4566128581911
2,1780,688.6406527642398
2,1781,674.9172699232629
2,1782,671.3994631008269
2,1783,675.380578982181
2,1784,677.9683590912522
2,1785,672.9386790786732
2,1786,672.3857583472595
2,1787,680.0034534104207
2,1788,680.3643230954292
2,1789,679.0771475410552
2,1790,677.2605830998589
2,1791,683.0676169526603
2,1792,685.8251915477346
2,1793,683.1738057679667
2,1794,687.28404390177
2,1795,681.335236474215
2,1796,686.5543953916765
2,1797,685.9546395643845
2,1798,693.1757059172925
2,1799,692.8519500018986
2,1800,694.3022361690577
2,1801,686.725477948891
2,1802,682.3782758699322
2,1803,681.2267711536392
2,1804,685.4667684578709
2,1805,685.8523980162381
2,1806,688.9377710917428
2,1807,686.4416622151269
2,1808,678.2829652352741
2,1809,680.1890322781393
2,1810,679.7616453490455
2,1811,680.3768393085741
2,1812,681.2230485325772
2,1813,679.1151197789744
2,1814,682.2513839279283
2,1815,679.7843816560802
2,1816,681.4111885641736
2,1817,677.6916700394821
2,1818,678.2682972956554
2,1819,679.5695657416978
2,1820,678.3648179652138
2,1821,677.9315825583128
2,1822,673.5801534069116
2,1823,674.7482235443978
2,1824,677.0344191771078
2,1825,679.8015895140234
2,1826,693.6197593511487
2,1827,697.7247684285321
2,1828,690.5164061611721
2,1829,690.0469354719284
2,1830,686.0606153920792
2,1831,683.7301586460834
2,1832,689.6078237324414
2,1833,683.7477549817289
2,1834,691.1417707408781
2,1835,686.6880173314707
2,1836,684.2679015957543
2,1837,693.5044341145074
2,1838,683.4400403974798
2,1839,677.3936757087188
2,1840,685.5051512007781
2,1841,686.1879758676768
2,1842,685.0283066956497
2,1843,689.5360882620613
2,1844,681.9956879762434
2,1845,687.8072364118283
2,1846,678.9217561203671
2,1847,678.5966866677445
2,1848,682.9088101711882
2,1849,678.0764391715836
2,1850,677.2134292600813
2,1851,683.7814259436008
2,1852,683.4446516275639
2,1853,683.3687446294979
2,1854,689.042892777166
2,1855,678.4294527750519
2,1856,679.0308562500358
2,1857,688.7322113861769
2,1858,683.4677721114457
2,1859,676.6548834338331
2,1860,677.8758421248759
2,1861,676.567677717789
2,1862,676.1373757080972
2,1863,682.9235567570066
2,1864,684.4199052026778
2,1865,681.6145828519155
2,1866,694.9269677543618
2,1867,688.3166783301873
2,1868,690.8665101496304
2,1869,683.8465619971593
2,1870,684.4412051642244
2,1871,680.1353992699919
2,1872,682.2114547005705
2,1873,687.2920323588713
2,1874,679.9603044797259
2,1875,677.9109783397037
2,1876,679.6571254661976
2,1877,683.8135765815757
2,1878,683.3135433317226
2,1879,696.9386035308248
2,1880,690.1852126066412
2,1881,685.9229845840734
2,1882,686.5502040587276
2,1883,686.7306425793188
2,1884,682.2360863495445
2,1885,674.0519132345717
2,1886,669.9461243396349
2,1887,671.9030807263089
2,1888,678.7599341685204
2,1889,679.9860179289738
2,1890,676.7703085208071
2,1891,677.6099437497751
2,1892,674.3888882593434
2,1893,682.2164485638033
2,1894,684.568083103956
2,1895,685.2467963197494
2,1896,684.67035218404
2,1897,675.8885311317039
2,1898,681.0193201281967
2,1899,684.3587671945888
2,1900,688.7242105206059
2,1901,684.8561155845882
2,1902,683.4313846604074
2,1903,692.2753085879314
2,1904,686.244897019252
2,1905,694.7120384629997
2,1906,688.9199746256094
2,1907,690.7599809496919
2,1908,683.1224625944487
2,1909,678.7929676455138
2,1910,672.9907275009372
2,1911,676.417556706498
2,1912,677.0004601392303
2,1913,676.5337547542832
2,1914,678.0831503234922
2,1915,671.6149069622021
2,1916,678.1570194555406
2,1917,677.2696231305272
2,1918,679.4613507811454
2,1919,680.9946294107336
2,1920,676.2132390726588
2,1921,677.7027424596596
2,1922,676.9267722763458
2,1923,679.704987153988
2,1924,685.0856310025575
2,1925,689.123839969268
2,1926,679.9840655727938
2,1927,678.7026218759754
2,1928,683.4604087990928
2,1929,683.8120774863738
2,1930,680.81661614039
2,1931,681.2731652233483
2,1932,675.6115230100835
2,1933,677.5139656566672
2,1934,678.4071455384005
2,1935,685.7817390193699
2,1936,683.5753971982771
2,1937,681.9182995103727
2,1938,683.7943459354012
2,1939,675.6865379646231
2,1940,674.1660791846168
2,1941,673.9582083124694
2,1942,683.6858701716682
2,1943,678.9324174126675
2,1944,678.6252980223239
2,1945,685.0814132132771
2,1946,692.5058161604619
2,1947,689.65644180416
2,1948,689.7791182544322
2,1949,680.8389426315724
2,1950,680.7809484196806
2,1951,687.904232803934
2,1952,683.5105732203588
2,1953,685.3788784609441
2,1954,681.5512879505822
2,1955,687.1523521390359
2,1956,679.4471781607083
2,1957,680.6429094660186
2,1958,679.0017363711661
2,1959,682.4279554835434
2,1960,678.2736399477134
2,1961,681.7719355982849
2,1962,685.7526621924613
2,1963,693.1228363886407
2,1964,683.3008992993912
2,1965,685.4947380239128
2,1966,687.2355246695347
2,1967,676.8235817819395
2,1968,673.0637656574526
2,1969,682.6900834895548
2,1970,679.0060042902509
2,1971,684.8854257858761
2,1972,684.6922440383024
2,1973,676.8021973739517
2,1974,672.6439442919465
2,1975,674.1694824564045
2,1976,674.1845152698714
2,1977,677.2697978607553
2,1978,675.9686796157384
2,1979,677.07958638036
2,1980,683.111229032949
2,1981,675.8354704230775
2,1982,668.6350195980419
2,1983,673.815468645935
2,1984,681.1301802927318
2,1985,678.7397080708276
2,1986,688.7803939493483
2,1987,680.9817483458921
2,1988,687.2038758758731
2,1989,694.3898787830727
2,1990,682.2944058668436
2,1991,678.5339765919986
2,1992,674.4337040461463
2,1993,677.3323210506253
2,1994,673.9609684520274
2,1995,677.168094291276
2,1996,684.169282419877
2,1997,682.4787796611568
2,1998,681.407260158693
2,1999,682.2257794245397
3,0,681.4124418696844
3,1,684.0378519985877
3,2,681.3354843365232
3,3,681.9416121749761
3,4,686.9267274189907
3,5,683.2522297445724
3,6,680.1567410767019
3,7,680.9416539568512
3,8,680.0519567292133
3,9,682.1970392698472
3,10,689.4780131734288
3,11,693.9808233273261
3,12,685.2702209982381
3,13,679.9976436848536
3,14,681.0275975462212
3,15,683.5905276277095
3,16,682.6894549229605
3,17,683.0644886828585
3,18,681.3930695657867
3,19,686.6370380775909
3,20,687.9219742502337
3,21,684.9126311126115
3,22,692.2365960180587
3,23,689.2200477182962
3,24,685.7919611504996
3,25,683.7224184219052
3,26,683.7961324379958
3,27,686.8068254180079
3,28,680.1138545512953
3,29,678.1913442939679
3,30,687.3564838279381
3,31,685.6202934110861
3,32,677.9432607067063
3,33,676.4524753235928
3,34,684.2712688987436
3,35,686.758024671615
3,36,678.5588129078462
3,37,678.4619733398349
3,38,681.5762320732991
3,39,686.2049123910479
3,40,683.6456669110917
3,41,676.8441953657425
3,42,673.2110955748984
3,43,680.0209088251077
3,44,683.9747290223759
3,45,684.4335390859812
3,46,689.5402862543115
3,47,686.0283379752259
3,48,695.913372231939
3,49,690.2010185534866
3,50,686.5268311257142
3,51,690.3120050438712
3,52,698.2439172880322
3,53,685.3310988557234
3,54,680.9117845616512
3,55,686.2859936110447
3,56,682.8176853990072
3,57,690.417952439134
3,58,693.5355011901607
3,59,691.2608227071455
3,60,680.4265937880651
3,61,684.4984290151943
3,62,681.9423460620807
3,63,684.1044683793973
3,64,676.9426240151444
3,65,674.5773373746819
3,66,682.9164504319542
3,67,691.7627534077917
3,68,687.4474202724314
3,69,685.9431447859324
3,70,693.7775810252272
3,71,694.1736311584937
3,72,691.928939433791
3,73,690.7423100840873
3,74,694.004944910963
3,75,692.6497293344694
3,76,681.2956298269694
3,77,679.2327303530748
3,78,675.5481785147983
3,79,678.8549903104752
3,80,684.0546222242954
3,81,686.3443134942736
3,82,693.1184121588175
3,83,688.2036352280852
3,84,684.930992131542
3,85,689.5726664965962
3,86,687.3225891757705
3,87,682.5739622417831
3,88,677.864456312623
3,89,677.1415051135962
3,90,683.301317180686
3,91,682.7295082344746
3,92,684.9872706884081
3,93,677.7116101729437
3,94,679.4500513676644
3,95,687.4370482894567
3,96,688.477584162992
3,97,690.1516546248354
3,98,692.7655965994228
3,99,690.8222247239081
3,100,695.9441320133052
3,101,682.1992888912522
3,102,681.6770288619961
3,103,680.3648703218237
3,104,681.4380852999327
3,105,681.1370794247302
3,106,689.6044572599478
3,107,681.0787855928246
3,108,682.9817821267703
3,109,681.2819707273428
3,110,680.1097495082404
3,111,688.2778289172646
3,112,685.5135628402469
3,113,685.6335957974367
3,114,681.65437752048
3,115,675.5904586363673
3,116,672.9989494587426
3,117,681.4821273800636
3,118,680.6695597537537
3,119,680.1315058561429
3,120,680.1613969143702
3,121,681.4208542141565
3,122,681.5997293043745
3,123,671.5283036769868
3,124,679.9735166749942
3,125,683.2954002774015
3,126,679.6708069071705
3,127,683.7556805621385
3,128,677.0388419805818
3,129,681.2719928967693
3,130,678.8526228615116
3,131,682.6008447648009
3,132,687.0188813725382
3,133,698.3880909135617
3,134,685.270812501209
3,135,686.5739431756684
3,136,687.0950453789239
3,137,684.3499007181291
3,138,680.607523111947
3,139,682.5781202103409
3,140,675.7179115932687
3,141,672.6284498600584
3,142,678.7631131414604
3,143,676.2330034793005
3,144,677.1861249246566
3,145,672.7327326268282
3,146,674.4241349108198
3,147,672.1131950591457
3,148,679.7410746285864
3,149,683.3932042227024
3,150,679.6013530242918
3,151,680.3357195564018
3,152,684.4369786749547
3,153,675.6114146903149
3,154,676.8118773697379
3,155,680.1636019599875
3,156,682.9962046936415
3,157,680.0993091467631
3,158,681.6098292885782
3,159,683.5663242449864
3,160,681.7942478381148
3,161,687.2157692707176
3,162,683.3423353682689
3,163,684.3719784739004
3,164,681.8660250986887
3,165,682.6582308293945
3,166,676.9273893157422
3,167,679.5771585228667
3,168,679.1607741413422
3,169,681.9695921447843
3,170,679.3664633236631
3,171,687.2169259939727
3,172,689.1188773769939
3,173,690.4734841259714
3,174,675.9670087338734
3,175,679.8859041616727
3,176,683.0893758179238
3,177,689.8715219452143
3,178,677.291459564091
3,179,678.6561583381064
3,180,680.2199008173942
3,181,680.6754327090322
3,182,680.571609865628
3,183,683.5104864759138
3,184,681.7119341669644
3,185,687.0105324549429
3,186,683.7793927034836
3,187,679.3955399863437
3,188,681.995906440317
3,189,681.1875954922014
3,190,681.0027992502964
3,191,686.0937873922596
3,192,693.9530957026193
3,193,694.6491258966026
3,194,687.1386358777775
3,195,684.3482055306189
3,196,685.0232396617724
3,197,681.7286858819642
3,198,679.8382628796943
3,199,688.2297115943533
3,200,685.0265945716689
3,201,685.1808380081604
3,202,676.4067222006014
3,203,673.0558029899602
3,204,677.0858207113865
3,205,676.3303789679815
3,206,679.0290148001683
3,207,685.6693975780922
3,208,679.746232594299
3,209,688.9262964880861
3,210,689.9475924140445
3,211,686.710051709683
3,212,685.7657151101616
3,213,682.3636928829858
3,214,680.452066544802
3,215,679.8356608257499
3,216,682.5097930073414
3,217,684.6542009452575
3,218,688.734503231225
3,219,677.3999720089407
3,220,676.4879112286593
3,221,679.0547123174314
3,222,689.254350906433
3,223,690.3402418744035
3,224,685.3453347255992
3,225,687.7219808453315
3,226,692.4857470613582
3,227,684.7622945962937
3,228,679.2365270322572
3,229,675.3090469616046
3,230,679.1342113249549
3,231,678.549992817105
3,232,682.6082352770246
3,233,684.6430719545482
3,234,691.1023186167804
3,235,688.298976924368
3,236,688.1920757140468
3,237,688.8153158768952
3,238,684.6034587932808
3,239,675.9449193818109
3,240,676.5840831970444
3,241,687.59607052003
3,242,685.9876032828711
3,243,687.8462949580755
3,244,684.3079677706318
3,245,682.6278663974166
3,246,671.2979419031437
3,247,678.8398261242467
3,248,681.4000826690595
3,249,682.6878804742986
3,250,680.7190416917205
3,251,682.2955642454396
3,252,686.8481487573071
3,253,685.8656139093994
3,254,683.4933715884412
3,255,680.6767202722971
3,256,677.2845889463638
3,257,679.2956729185507
3,258,682.55442131627
3,259,680.7645142575522
3,260,676.898930731433
3,261,680.0212590778822
3,262,677.4992467956446
3,263,677.9695088852704
3,264,673.3424807284806
3,265,674.4212338662159
3,266,678.3649672148507
3,267,675.832797896819
3,268,671.7083883271324
3,269,675.2971563370962
3,270,679.8377356053461
3,271,681.556506577308
3,272,676.3710621954292
3,273,687.2797034419995
3,274,687.4511431877374
3,275,682.1770443494123
3,276,683.1313347508851
3,277,684.516122573449
3,278,684.7849791958968
3,279,688.2189584603769
3,280,679.8266863691864
3,281,674.6339363685796
3,282,678.1973093234254
3,283,676.4846060557796
3,284,678.6306202371522
3,285,673.5102564878068
3,286,669.7174940133871
3,287,670.407925884774
3,288,678.5436945510646
3,289,684.739918434777
3,290,684.240100528437
3,291,689.2426954448508
3,292,685.2183373054985
3,293,679.6776380554663
3,294,680.1406114143319
3,295,672.7478830725449
3,296,675.0904168680061
3,297,681.8824899264107
3,298,687.2356510466426
3,299,682.7373435008134
3,300,680.8116460167367
3,301,687.5842713473678
3,302,681.6328597371365
3,303,674.7848420432769
3,304,680.11481634806
3,305,677.5175287686784
3,306,670.2944199168414
3,307,680.8588681355386
3,308,680.7019282444586
3,309,679.0099818782405
3,310,682.3179327757181
3,311,682.1731884566257
3,312,686.0834029594864
3,313,681.2413934726145
3,314,689.6456594462696
3,315,680.236978671474
3,316,682.8509764682318
3,317,688.6722363778281
3,318,688.7783593632527
3,319,684.4061878227643
3,320,683.1631458308732
3,321,677.793683216369
3,322,675.7171856880691
3,323,679.0765068296888
3,324,680.1314351066786
3,325,685.2425990640676
3,326,679.6538977380729
3,327,686.1819254470419
3,328,693.8396293001426
3,329,691.6852092339714
3,330,692.8570243875387
3,331,690.9709181997326
3,332,692.5005393908922
3,333,688.4591503442238
3,334,688.4406702056999
3,335,680.1813413369438
3,336,692.3966657825755
3,337,684.1687019401354
3,338,687.4439596996526
3,339,684.9970680866071
3,340,672.3253840297175
3,341,679.046584085582
3,342,677.7794991187528
3,343,687.4685425683936
3,344,684.6108912761181
3,345,682.9895943397803
3,346,677.9789031713714
3,347,677.1576087010637
3,348,672.7988051029839
3,349,677.803793374849
3,350,678.481599937743
3,351,678.6516664124898
3,352,685.9110443817881
3,353,687.6794154940773
3,354,680.8707748138175
3,355,679.0301326826344
3,356,679.3167786260481
3,357,674.8539849754509
3,358,676.5269631084033
3,359,678.6889786622633
3,360,670.9134030542028
3,361,674.4379041532469
3,362,675.6825703139384
3,363,678.1625757399477
3,364,679.5064852209333
3,365,677.4073711525753
3,366,681.6170734626363
3,367,679.886880562902
3,368,676.2210359056439
3,369,681.6129869579913
3,370,680.073718229968
3,371,676.390506799284
3,372,683.8740081634941
3,373,683.2533722781186
3,374,675.8514249191358
3,375,685.7227223494111
3,376,690.1215260594112
3,377,688.451978995015
3,378,684.1372961299053
3,379,674.6772632070189
3,380,673.6846625804299
3,381,678.7552620539439
3,382,680.5168201822736
3,383,680.1978989963923
3,384,672.1796418893997
3,385,673.729921992284
3,386,676.5498465088139
3,387,679.4406665164005
3,388,676.8874216278772
3,389,682.6737388838494
3,390,682.3424278695627
3,391,680.7136159250756
3,392,675.5698620388291
3,393,684.0453119315317
3,394,679.7692478684414
3,395,683.8303133521885
3,396,684.1420008346954
3,397,683.4786068009917
3,398,673.631133397439
3,399,675.8673673855997
3,400,678.3768743992132
3,401,682.1362866606797
3,402,681.3762976227106
3,403,682.0995046504052
3,404,682.1196593334965
3,405,681.6274863562654
3,406,686.5525865501049
3,407,684.5346568545798
3,408,683.3598655285496
3,409,689.7021084278756
3,410,686.7496595282796
3,411,685.8789462555527
3,412,680.244766122473
3,413,680.7019241393626
3,414,688.2859495113285
3,415,688.5271756022602
3,416,690.0876585009435
3,417,686.1177913969287
3,418,684.5391522743085
3,419,679.3093004702399
3,420,677.271538004703
3,421,676.6630668877598
3,422,686.2598674936046
3,423,678.3975482188079
3,424,678.75224202306
3,425,675.6794972399416
3,426,676.3913921407501
3,427,678.1224642514568
3,428,678.3612583956476
3,429,677.2835300009405
3,430,674.4471117405835
3,431,675.3425167811256
3,432,677.2985711772924
3,433,686.5669525036468
3,434,676.1588455646912
3,435,677.9921131196214
3,436,678.8627915966197
3,437,683.0795186671158
3,438,691.3797446165597
3,439,681.4101128489506
3,440,671.4430935359853
3,441,684.0738137286643
3,442,684.3747215290772
3,443,682.594138157983
3,444,681.1567147864171
3,445,686.8259008129425
3,446,689.2059839710959
3,447,684.7256102700096
3,448,677.1412205362304
3,449,678.4304714754409
3,450,678.4639768395226
3,451,682.6619945504893
3,452,676.0821484935399
3,453,674.2725197094792
3,454,679.4632426500351
3,455,687.5978264111806
3,456,684.609223392466
3,457,687.242968546539
3,458,688.3865466360027
3,459,686.2766976304923
3,460,684.9632654214912
3,461,681.8538570356204
3,462,678.6965501784641
3,463,690.4436459517705
3,464,692.354713267223
3,465,684.7058016758033
3,466,685.0478433997362
3,467,690.9556226620888
3,468,692.9761105617879
3,469,691.9454357117075
3,470,690.6359526812762
3,471,683.4284167181995
3,472,687.5561034505718
3,473,689.6685580025986
3,474,680.8135196265373
3,475,681.9444798638735
3,476,682.1222387300552
3,477,686.7312247981934
3,478,683.6015486737251
3,479,686.743260533246
3,480,688.5704447859921
3,481,682.0969575949417
3,482,684.5831734111238
3,483,684.2069528367903
3,484,678.6506612095477
3,485,679.8739747398806
3,486,678.0346999580162
3,487,679.3301708855363
3,488,678.1912883317456
3,489,680.7820491946864
3,490,681.567447341923
3,491,679.615067616779
3,492,687.0837927518119
3,493,682.6407635058689
3,494,684.2011060700016
3,495,689.0437432794885
3,496,692.4496309776523
3,497,685.3470679673451
3,498,685.4657994107845
3,499,681.3741927301605
3,500,675.583816774837
3,501,673.7590405772587
3,502,676.6065437520739
3,503,678.3768437089652
3,504,681.224223387808
3,505,683.5159847826502
3,506,687.8663933057361
3,507,695.5641131797245
3,508,686.3247264653576
3,509,677.4297816552433
3,510,672.2568764676837
3,511,676.6035769422067
3,512,672.8641546867066
3,513,676.9808144647088
3,514,686.1219082477086
3,515,683.3725793515488
3,516,691.5979986062401
3,517,685.4380508532947
3,518,680.5803321754083
3,519,678.0451563053233
3,520,678.0001625567519
3,521,678.6676231674915
3,522,679.7248258916833
3,523,681.2213246824324
3,524,683.972665795112
3,525,681.5702504697656
3,526,678.7803511862685
3,527,680.372768924981
3,528,675.9222250814889
3,529,676.9752258437647
3,530,681.8391514970498
3,531,682.6782175126991
3,532,682.6720034276283
3,533,695.1426975769197
3,534,695.8526079854752
3,535,687.4267531231312
3,536,688.9420637763407
3,537,681.0928517993194
3,538,679.1407122549336
3,539,684.7681106073644
3,540,686.7306774439103
3,541,682.0192900789218
3,542,683.8435811882514
3,543,683.490610197815
3,544,680.8640857347457
3,545,684.6836078632216
3,546,683.2413898123581
3,547,674.9247686911257
3,548,680.0364616964813
3,549,679.1039242183705
3,550,679.1721332363029
3,551,680.7692942165946
3,552,685.2092131653238
3,553,688.2742293991878
3,554,687.8690828089123
3,555,685.2833014392972
3,556,679.9425865054993
3,557,680.8240374904716
3,558,686.615772834038
3,559,685.1922290845016
3,560,691.0838564081697
3,561,687.1474940770888
3,562,685.8930600537907
3,563,681.494892258108
3,564,681.8546519355764
3,565,682.9135757444774
3,566,674.6608491798539
3,567,677.1876743232223
3,568,678.719132893676
3,569,680.9836045623279
3,570,686.8688570232764
3,571,681.2230864877745
3,572,679.1561517927979
3,573,678.408755982139
3,574,681.2022007211282
3,575,678.3012470465802
3,576,679.6447297486241
3,577,678.859717584458
3,578,683.4923884099643
3,579,685.4654283046204
3,580,685.8660476568598
3,581,687.3394416495933
3,582,680.7821400366547
3,583,681.7388824831236
3,584,680.5550231969577
3,585,682.9691723747325
3,586,686.0332128404494
3,587,682.3446631464902
3,588,683.0538343888852
3,589,678.9288816181274
3,590,679.6864993231995
3,591,681.8887880455113
3,592,684.2223170175192
3,593,690.5846018777728
3,594,688.015856699101
3,595,693.2715021706086
3,596,687.2132841519601
3,597,684.4311531254721
3,598,686.7626553451948
3,599,690.8854706937016
3,600,692.8471950683455
3,601,696.2813694195063
3,602,685.6704965071552
3,603,689.5923529754464
3,604,688.6656514895662
3,605,686.0658836112962
3,606,689.0247149221381
3,607,690.0716987294016
3,608,684.3644661562666
3,609,693.4853625356169
3,610,685.3997492823094
3,611,683.7828437770175
3,612,692.7618842847509
3,613,686.5196561311898
3,614,680.2404596066415
3,615,682.7593767565598
3,616,681.1925026861262
3,617,676.8001444882938
3,618,688.6600365177798
3,619,685.4862882851601
3,620,688.7460653138312
3,621,689.1859239053982
3,622,690.4065475014736
3,623,693.1819304750848
3,624,681.9283525705802
3,625,687.201417334669
3,626,687.9796376813687
3,627,688.2548362155048
3,628,690.3587010519682
3,629,685.5559316510148
3,630,681.9993467382695
3,631,685.2739830051488
3,632,681.834510251306
3,633,684.5971353534728
3,634,685.3456000119811
3,635,687.9756302726341
3,636,682.1954820504806
3,637,678.3480693655566
3,638,680.0723960767026
3,639,687.1595165414428
3,640,683.0844978806857
3,641,683.8560088788399
3,642,682.3435684991013
3,643,683.6361620906313
3,644,695.461691944593
3,645,690.6927429117359
3,646,679.3578172758823
3,647,673.410032722348
3,648,686.1763719326935
3,649,689.1904623979437
3,650,688.0283579995149
3,651,683.6119817181267
3,652,685.5080745238657
3,653,682.0494071025182
3,654,669.3301686970082
3,655,674.2633494195852
3,656,673.8622436406761
3,657,674.7800519074646
3,658,684.2240540982101
3,659,682.135135273546
3,660,682.7364476132439
3,661,681.5234093498905
3,662,674.3330889746497
3,663,682.9651364175501
3,664,684.9102730401958
3,665,688.1783712613845
3,666,687.3270750500691
3,667,676.5299004081387
3,668,676.463484555334
3,669,678.4041766112416
3,670,688.4520004895066
3,671,682.1339085803353
3,672,680.5290429533694
3,673,680.6598504335111
3,674,687.8398681765503
3,675,681.8619240473265
3,676,680.7313315927867
3,677,680.0996199110962
3,678,673.2241926637071
3,679,672.5326684948208
3,680,671.6157702970446
3,681,677.9178443359056
3,682,674.6537684878987
3,683,687.6750205277953
3,684,689.514017590824
3,685,682.4500072903452
3,686,683.6068205804556
3,687,689.7340234260382
3,688,687.4518246767589
3,689,681.048520876164
3,690,678.7005819828676
3,691,680.0176278177331
3,692,678.0333125509711
3,693,684.0647773005592
3,694,684.8159768794637
3,695,680.6483432327819
3,696,676.9224123150531
3,697,687.963300885805
3,698,692.6545069736841
3,699,680.3443429493665
3,700,684.5194931766398
3,701,677.4537030334658
3,702,682.6994952895534
3,703,675.0262736106042
3,704,681.5547562995504
3,705,678.4051517394012
3,706,679.4144189979845
3,707,684.556774455988
3,708,686.6235458592363
3,709,685.2002630429496
3,710,685.6180017711148
3,711,690.0890619206524
3,712,684.6879966522768
3,713,687.6914966382192
3,714,686.4469875349503
3,715,680.2761724562076
3,716,682.7706363051151
3,717,680.9943272981794
3,718,680.6977226691458
3,719,669.6096274797769
3,720,674.1993735567399
3,721,672.1082180634835
3,722,681.7815427763941
3,723,683.0902509790631
3,724,678.4728095258242
3,725,682.3456234861987
3,726,681.7826600654153
3,727,682.2481615979627
3,728,676.2569038149775
3,729,675.8797265510289
3,730,674.223020654777
3,731,686.6892033389616
3,732,686.8852067800746
3,733,685.9261529589387
3,734,690.8763994774041
3,735,680.2602061909703
3,736,668.2934228888203
3,737,668.9651633620081
3,738,678.0999426762644
3,739,684.4257087815175
3,740,690.3591585567335
3,741,680.3884104620882
3,742,673.6097342824895
3,743,677.4982004409266
3,744,683.1520471466769
3,745,680.102314715171
3,746,677.7689801078058
3,747,675.0526277045167
3,748,688.1636729584727
3,749,685.043787589607
3,750,685.555883882357
3,751,683.2969168595663
3,752,688.2928919634397
3,753,685.6099052472799
3,754,683.1571607058717
3,755,682.0119562367356
3,756,678.9633308162533
3,757,682.6772035453181
3,758,678.5392898584297
3,759,687.9787967424389
3,760,683.5540869854153
3,761,675.2317486896246
3,762,673.171291226658
3,763,674.7071193212173
3,764,679.6874163789321
3,765,681.4032852354985
3,766,675.7229531426872
3,767,677.5698877008831
3,768,678.2678154958653
3,769,685.0163454188811
3,770,682.7471097714617
3,771,696.6574778223182
3,772,684.3408999357977
3,773,682.7273454879664
3,774,691.8660028715732
3,775,681.2576727363802
3,776,680.8638752170822
3,777,685.8024098033811
3,778,681.5501561240135
3,779,682.6894938213874
3,780,684.7623024854505
3,781,689.1279751752998
3,782,680.9565179718397
3,783,684.9567955099847
3,784,680.155009479985
3,785,674.6193847760055
3,786,679.4262757686506
3,787,686.0062128211749
3,788,679.5379069669285
3,789,677.6915262738918
3,790,681.3087616714158
3,791,683.5432527166729
3,792,680.9938436916552
3,793,684.7942001099447
3,794,684.9088901015691
3,795,685.3026883330508
3,796,688.0628030155219
3,797,690.1870186280327
3,798,688.3371856408739
3,799,682.2093371339912
3,800,680.0151312595871
3,801,692.9588840371672
3,802,689.4539799725751
3,803,679.0432700423721
3,804,681.2127277963764
3,805,677.9140211580111
3,806,677.4477101743671
3,807,679.1520846407004
3,808,700.1928223100514
3,809,694.8288830779976
3,810,681.9354303528851
3,811,683.1171357319109
3,812,679.091545248412
3,813,679.887446298068
3,814,683.70759659969
3,815,683.2745061781756
3,816,683.6590391006561
3,817,678.7908370424307
3,818,678.7124256533779
3,819,688.2446808193268
3,820,686.4827897170875
3,821,683.8326550425891
3,822,683.3966337285295
3,823,683.9641730151294
3,824,676.8527865800604
3,825,678.9396192548713
3,826,676.2394540051354
3,827,677.9885502248541
3,828,686.7514544310441
3,829,685.7768717617207
3,830,684.8186405560081
3,831,689.2077407866065
3,832,693.7527821009174
3,833,683.0559637190302
3,834,683.1003487784551
3,835,676.9359007163711
3,836,677.0343082234708
3,837,681.7250557816684
3,838,683.863800104701
3,839,685.943324680051
3,840,682.4355061058309
3,841,689.0520409305001
3,842,678.2610745273238
3,843,687.3272091318822
3,844,681.4669149638664
3,845,684.213701037168
3,846,682.7451329807096
3,847,679.2573684030416
3,848,679.1592700668065
3,849,677.1377209959057
3,850,676.6924760045905
3,851,684.9168589123353
3,852,691.3118789045444
3,853,701.8642460809225
3,854,690.3461321399349
3,855,683.0457339562541
3,856,686.9936823478694
3,857,685.1806483621043
3,858,683.4218525581084
3,859,690.144453797898
3,860,686.0507710517644
3,861,678.4136186575423
3,862,674.9286360839346
3,863,678.835907210527
3,864,684.3704734306419
3,865,681.4819122830794
3,866,681.9684937882771
3,867,686.1965601511874
3,868,687.4074952167
3,869,689.1699696750538
3,870,686.195977118158
3,871,685.2981284806212
3,872,682.8137423564846
3,873,675.9347788794335
3,874,676.1546276865778
3,875,681.1182771479421
3,876,677.0317665795476
3,877,679.1059488362765
3,878,679.6671291211293
3,879,685.2904248748367
3,880,682.2644226798079
3,881,680.7944805006709
3,882,677.1355992074397
3,883,679.2260913194702
3,884,679.5458850517372
3,885,679.9411311005321
3,886,692.7220633497012
3,887,686.841835036628
3,888,677.3433255559829
3,889,680.064277985708
3,890,684.4672832996043
3,891,687.5865291500521
3,892,692.1985562959504
3,893,688.3222254315464
3,894,676.9889573774395
3,895,681.7170460505705
3,896,679.1373028227259
3,897,679.0965434288634
3,898,674.7914026989799
3,899,673.5522915426111
3,900,675.5712667765251
3,901,678.3950569912893
3,902,680.4431687082174
3,903,683.1150259921718
3,904,678.3817314119309
3,905,678.6143766450115
3,906,698.4279858338637
3,907,691.7054755831037
3,908,690.730309179647
3,909,691.8747876682518
3,910,685.6183518458811
3,911,696.6934131476418
3,912,688.7590013226629
3,913,681.8293827790495
3,914,678.8444403360579
3,915,682.4287290435451
3,916,678.5168037805145
3,917,679.8821102192254
3,918,676.7588380464209
3,919,677.6985576773196
3,920,686.4251723878134
3,921,684.5266040478297
3,922,684.6974400157167
3,923,681.6094451617712
3,924,687.8330561714739
3,925,689.4360857405628
3,926,689.504408907745
3,927,681.7229958383214
3,928,681.4288623429237
3,929,674.2559820620534
3,930,679.5879336848421
3,931,675.9178052715134
3,932,686.1259498023974
3,933,691.3374183578684
3,934,686.1295381634148
3,935,679.2401443313569
3,936,683.2647609595754
3,937,687.83396994493
3,938,689.9908474128325
3,939,688.6563731683576
3,940,682.920373205294
3,941,686.0375214614728
3,942,674.3975422442397
3,943,675.7126656063875
3,944,680.2579849747628
3,945,681.7621043068588
3,946,680.6660928166452
3,947,679.7101612899869
3,948,674.8354155308112
3,949,680.2450535464285
3,950,684.6883872297719
3,951,679.8592481162979
3,952,682.2796935923451
3,953,679.2148356630812
3,954,674.6967041707875
3,955,673.3386037020655
3,956,677.5222302909893
3,957,676.195295632342
3,958,669.2449038431669
3,959,671.0352152767696
3,960,674.1853315099114
3,961,675.1488016497096
3,962,679.2633950322837
3,963,681.3354086084339
3,964,699.1003248698369
3,965,686.5406494311919
3,966,678.2567478806988
3,967,678.8782798567399
3,968,683.7030873915644
3,969,677.7231806371626
3,970,679.7540667071019
3,971,684.5440605920895
3,972,689.0208754993378
3,973,681.5481017494757
3,974,688.492210779794
3,975,694.0486059314732
3,976,685.3923049228903
3,977,675.9401052798119
3,978,674.7581191603131
3,979,671.5561819365632
3,980,673.032038598569
3,981,676.454984056324
3,982,676.8093239495568
3,983,674.1539927019271
3,984,672.8562543827117
3,985,676.3252691345438
3,986,674.0908164757432
3,987,676.8399209178466
3,988,680.5943896451877
3,989,680.9833524155098
3,990,690.4706380834926
3,991,687.741217343489
3,992,675.8046130539685
3,993,685.9749846485204
3,994,687.8071944323092
3,995,685.1087506232352
3,996,686.13781769989
3,997,687.0303621538435
3,998,676.0534164082069
3,999,673.7173570675799
3,1000,679.4559166659608
3,1001,684.7661340758041
3,1002,692.3888239169678
3,1003,689.268732972754
3,1004,681.6993917460094
3,1005,686.204378850533
3,1006,688.3288731105682
3,1007,684.4573011893985
3,1008,675.795777523577
3,1009,681.0741402369484
3,1010,682.8032109127723
3,1011,680.1636743454881
3,1012,678.25383228747
3,1013,679.9205564299449
3,1014,683.1534377383579
3,1015,678.9633463088104
3,1016,685.3786133550417
3,1017,674.8232177821629
3,1018,680.9100982231818
3,1019,685.3339043319265
3,1020,686.236726271652
3,1021,680.0992816718631
3,1022,679.318700927835
3,1023,677.466429652578
3,1024,677.1760723341927
3,1025,681.8577029041867
3,1026,679.806038708526
3,1027,680.4061112067428
3,1028,680.5490222723024
3,1029,679.9588089094019
3,1030,681.6221934138181
3,1031,688.454487494702
3,1032,684.2280154587241
3,1033,682.7245637052965
3,1034,687.4463007889087
3,1035,683.9718011465133
3,1036,686.4486207631477
3,1037,686.1040459308739
3,1038,690.8922161747039
3,1039,687.9511669681285
3,1040,689.949129315688
3,1041,686.1633503840995
3,1042,678.1784731085219
3,1043,674.4568506785041
3,1044,677.2050697250775
3,1045,685.238296413473
3,1046,687.5536227184745
3,1047,692.9117451899069
3,1048,695.4740453305108
3,1049,678.7755794929315
3,1050,676.2437001303359
3,1051,683.1733410856941
3,1052,680.7634040549169
3,1053,675.4739304861411
3,1054,678.0814427769195
3,1055,680.617402037142
3,1056,679.8413085517442
3,1057,675.6147406012948
3,1058,675.061669557347
3,1059,677.5240812918003
3,1060,677.7810935998539
3,1061,671.1775259505511
3,1062,674.9597405269001
3,1063,681.8220925956373
3,1064,682.1512127667645
3,1065,680.1678227888343
3,1066,686.6108920077644
3,1067,680.1511890500627
3,1068,685.8674632060561
3,1069,687.8602431676312
3,1070,682.2289393333554
3,1071,691.7187146762519
3,1072,697.9029418175865
3,1073,691.5812175441921
3,1074,692.4754755185045
3,1075,688.9390884337136
3,1076,683.439968026419
3,1077,684.3793563912069
3,1078,692.1424135563603
3,1079,690.1354797773405
3,1080,687.7044936944257
3,1081,687.1970946525963
3,1082,686.3555142924639
3,1083,679.182383276485
3,1084,678.1082733949594
3,1085,676.2769908957313
3,1086,673.9514223764247
3,1087,672.9024627173917
3,1088,676.3132458452543
3,1089,682.0160619807947
3,1090,675.784028171179
3,1091,676.2469102972539
3,1092,690.7311426758699
3,1093,687.8787441433809
3,1094,681.5581287912271
3,1095,683.0703046799013
3,1096,684.4909924463395
3,1097,686.8678871828604
3,1098,693.8220429366262
3,1099,694.09116187271
3,1100,690.2716425434336
3,1101,685.2742857583943
3,1102,680.2277014023595
3,1103,679.8190620360685
3,1104,683.3813387429188
3,1105,684.8286876921359
3,1106,687.2952860222252
3,1107,677.0618308261663
3,1108,674.9365337501035
3,1109,677.7923592844994
3,1110,675.6889288942917
3,1111,681.6887926344839
3,1112,687.4328765459934
3,1113,692.7692731904425
3,1114,680.0840645866901
3,1115,681.8456962331675
3,1116,682.4461890722208
3,1117,683.2525485057398
3,1118,679.4673358893449
3,1119,678.4381582517827
3,1120,683.8052475508135
3,1121,686.1498942308041
3,1122,681.0994108015199
3,1123,682.5650508226032
3,1124,676.8146634425652
3,1125,676.854490623063
3,1126,681.3650068074676
3,1127,677.1568385084402
3,1128,686.7056294546878
3,1129,684.6759217708226
3,1130,682.5707775790961
3,1131,689.644003439201
3,1132,684.6104701339343
3,1133,679.5755432052357
3,1134,685.1214013115026
3,1135,685.8641361205174
3,1136,678.4825015934243
3,1137,686.2153884620072
3,1138,693.3153167791376
3,1139,683.9008211881539
3,1140,683.7282002584645
3,1141,685.7400830612448
3,1142,679.0209560869954
3,1143,677.040475748834
3,1144,684.3336920716846
3,1145,679.0326322160554
3,1146,678.419338329924
3,1147,682.9878318327094
3,1148,677.4315073945935
3,1149,677.0601751775426
3,1150,683.3627679024753
3,1151,689.2739469467431
3,1152,688.7300829247855
3,1153,687.4191348143588
3,1154,696.4959833275177
3,1155,698.0573397128287
3,1156,704.1433568805459
3,1157,698.7591116086007
3,1158,694.5948534178966
3,1159,691.6530219216537
3,1160,687.0736694099286
3,1161,693.326737681137
3,1162,688.2487219551784
3,1163,685.618289658433
3,1164,685.9142634961783
3,1165,695.3499042884491
3,1166,685.8622386089352
3,1167,691.6398690495274
3,1168,682.4349252468201
3,1169,679.8351655095482
3,1170,681.3346899301305
3,1171,679.5711103919757
3,1172,684.93059648212
3,1173,681.4952411374693
3,1174,681.7828232486379
3,1175,679.52800565997
3,1176,679.5456794052142
3,1177,683.0730860083146
3,1178,685.0632532850933
3,1179,680.8708695303723
3,1180,679.3116459074545
3,1181,677.7613238781821
3,1182,679.6175420925152
3,1183,686.8529973742209
3,1184,681.1552979007677
3,1185,676.7708649026246
3,1186,679.5069154236799
3,1187,684.0644811189635
3,1188,682.356762157327
3,1189,683.8447309994278
3,1190,684.8273846394376
3,1191,685.1330587840782
3,1192,688.0975470840013
3,1193,685.0325582791821
3,1194,678.3110120487792
3,1195,683.3039473255088
3,1196,684.0445490294342
3,1197,683.4358958943585
3,1198,682.0598275643778
3,1199,684.1994975230351
3,1200,685.0739672968789
3,1201,683.4330876212049
3,1202,680.769518088909
3,1203,680.3957506676089
3,1204,676.9264495823032
3,1205,672.7676969430325
3,1206,685.8947921786333
3,1207,682.2991847782391
3,1208,691.1429942375854
3,1209,696.7167674906865
3,1210,693.8877750213794
3,1211,684.9701351073786
3,1212,689.0450698902866
3,1213,690.1893143146798
3,1214,684.4537917471285
3,1215,678.4239639073037
3,1216,686.1238814220179
3,1217,689.4513529912559
3,1218,679.4875596670664
3,1219,676.4039525046855
3,1220,675.9776460751804
3,1221,683.4683827083259
3,1222,680.8960345804823
3,1223,682.1647157808804
3,1224,680.0005547929553
3,1225,682.2228862729977
3,1226,692.4351534790036
3,1227,693.1657683986334
3,1228,691.6220124685804
3,1229,694.9368841708101
3,1230,679.9422632501314
3,1231,679.5900153493895
3,1232,681.5187325152996
3,1233,687.0007615655667
3,1234,679.8695463831032
3,1235,685.6318673528585
3,1236,682.555906399739
3,1237,684.4972440004598
3,1238,684.5337285721823
3,1239,684.5372908201357
3,1240,683.6528478967119
3,1241,677.5369708060773
3,1242,684.8968226060455
3,1243,682.1291038410839
3,1244,681.1366747186588
3,1245,678.3597786209017
3,1246,678.0458538507071
3,1247,672.9418939855633
3,1248,679.5879978017134
3,1249,676.3293734576761
3,1250,674.8429913988812
3,1251,683.4413578686778
3,1252,682.9966976568718
3,1253,689.1844445739946
3,1254,677.6548057032783
3,1255,679.9135694131244
3,1256,680.3861481043069
3,1257,682.4608152214862
3,1258,681.3550762595959
3,1259,677.2968867795729
3,1260,678.1593977468073
3,1261,685.2843445258337
3,1262,690.1536446091569
3,1263,700.0773805170023
3,1264,689.0300677616949
3,1265,679.067614178809
3,1266,677.1909023484382
3,1267,674.5868487225375
3,1268,675.2806234174251
3,1269,680.511348601454
3,1270,679.5056054019086
3,1271,688.7475746599933
3,1272,684.8484615307935
3,1273,687.0799179732531
3,1274,678.5569115227582
3,1275,679.7283738279058
3,1276,678.3972815860615
3,1277,675.3998898640076
3,1278,680.3387973968263
3,1279,680.7314234555347
3,1280,683.6464114653816
3,1281,684.1195296399173
3,1282,679.2807876710253
3,1283,680.1311660212967
3,1284,681.8839099736093
3,1285,675.0030523802747
3,1286,678.2048576915627
3,1287,677.8094029008795
3,1288,679.647963947346
3,1289,683.248372450856
3,1290,683.6175043213179
3,1291,684.2175026416342
3,1292,679.0337531919001
3,1293,676.013777746143
3,1294,681.4669272310015
3,1295,681.9794978396493
3,1296,679.6936793868459
3,1297,679.2616459968068
3,1298,670.3336401847778
3,1299,672.3012080962777
3,1300,679.2134494947503
3,1301,681.6264851871939
3,1302,680.3192725293725
3,1303,681.4036850273792
3,1304,686.6566500128894
3,1305,687.047357255339
3,1306,689.8669724471845
3,1307,686.5735507733236
3,1308,681.6257139373561
3,1309,683.6573590948981
3,1310,683.0674827758596
3,1311,685.0034867318179
3,1312,687.6576621291349
3,1313,692.6726327834356
3,1314,683.0343775433171
3,1315,690.1354728919922
3,1316,690.527298093734
3,1317,685.1331106115545
3,1318,677.4782925622516
3,1319,678.0964846807201
3,1320,681.9798057102944
3,1321,674.9639370226872
3,1322,675.0698867718795
3,1323,680.8508644817313
3,1324,680.3798867948489
3,1325,679.2541960223632
3,1326,679.0806710636433
3,1327,681.2047788810867
3,1328,677.0280317773763
3,1329,677.1722081673056
3,1330,679.4897620844373
3,1331,674.8764551182777
3,1332,684.7125464745444
3,1333,687.5169487916299
3,1334,689.3946319221683
3,1335,685.3558965276027
3,1336,686.5233834658154
3,1337,683.6959105988005
3,1338,678.5406308889974
3,1339,686.0762773384199
3,1340,686.6898355463454
3,1341,683.8571137210756
3,1342,686.2482205658624
3,1343,684.7000043109349
3,1344,682.5399511954291
3,1345,684.9363209775803
3,1346,673.7055581101591
3,1347,679.6401943036172
3,1348,680.4174316855956
3,1349,675.2125270815742
3,1350,675.8298239327651
3,1351,677.2754529505559
3,1352,689.012461522673
3,1353,686.550531260313
3,1354,678.0601404626668
3,1355,678.1736726123529
3,1356,682.2405622780135
3,1357,680.6515859105533
3,1358,680.0225813779344
3,1359,672.8678362291696
3,1360,678.7230266761085
3,1361,678.0269747277309
3,1362,676.4901353787548
3,1363,679.4015932370763
3,1364,679.1912795946778
3,1365,684.7087240673009
3,1366,685.7153308669402
3,1367,683.0209821225818
3,1368,682.8384630908391
3,1369,687.587315306845
3,1370,694.849438341188
3,1371,692.2955858054436
3,1372,684.6449378748625
3,1373,678.8816316571251
3,1374,683.1909486008839
3,1375,680.9695101577499
3,1376,678.698705754513
3,1377,680.2342976137178
3,1378,680.9696666673593
3,1379,681.7902546979445
3,1380,680.5421514054452
3,1381,679.7575240837881
3,1382,684.6158532950227
3,1383,690.5152828656294
3,1384,692.5775839974699
3,1385,677.9163377591927
3,1386,680.2311690317788
3,1387,692.8872084104775
3,1388,687.3557250711042
3,1389,681.7111479002295
3,1390,683.745662798044
3,1391,687.022665426856
3,1392,686.1509767389932
3,1393,685.5098858921781
3,1394,689.1138298652775
3,1395,688.4826348795849
3,1396,690.0833588008559
3,1397,683.3876411033827
3,1398,691.3032207252677
3,1399,687.3067395052636
3,1400,692.6065136699054
3,1401,688.7176479399018
3,1402,683.4273192494647
3,1403,679.5111896169602
3,1404,678.2659589603653
3,1405,690.3311015792528
3,1406,681.9912772574804
3,1407,684.9133664291047
3,1408,680.8769376031714
3,1409,686.4755892377459
3,1410,690.2500981718304
3,1411,689.725043186637
3,1412,689.6716628720238
3,1413,681.6311354404213
3,1414,685.360746429524
3,1415,686.7606472351366
3,1416,685.8441808950462
3,1417,685.7291843651705
3,1418,686.500783796277
3,1419,687.429278662143
3,1420,677.7066058891412
3,1421,678.9955884265056
3,1422,681.0669755996012
3,1423,682.2589729214552
3,1424,685.2353170971976
3,1425,683.4753838565101
3,1426,687.346442988519
3,1427,688.9491139363437
3,1428,690.618259870982
3,1429,688.9448062114346
3,1430,687.7570570920731
3,1431,681.8675975487952
3,1432,677.8570000933281
3,1433,677.8195107193958
3,1434,677.6781910482447
3,1435,684.6322388377531
3,1436,679.3483723079122
3,1437,680.3601633550029
3,1438,681.2265807870585
3,1439,677.3742624702104
3,1440,673.5948405426329
3,1441,674.3910488183122
3,1442,687.6271329582513
3,1443,688.5762192783385
3,1444,675.4498881897048
3,1445,680.0013420548
3,1446,687.1092606240074
3,1447,686.8175599606953
3,1448,684.6290752787045
3,1449,683.2624041423497
3,1450,674.892522854539
3,1451,676.1636218772998
3,1452,675.913709253322
3,1453,684.2208756200556
3,1454,688.9361262826523
3,1455,686.0048475179462
3,1456,682.001034065244
3,1457,689.1466855773912
3,1458,690.8625834215248
3,1459,694.0930537341944
3,1460,687.976738605916
3,1461,676.7097345396122
3,1462,681.2815457922411
3,1463,682.3702382989819
3,1464,683.1928580674398
3,1465,684.4322574390809
3,1466,682.8362615757246
3,1467,678.8671878669522
3,1468,678.9890870113816
3,1469,678.9211314994195
3,1470,680.2376422881689
3,1471,677.8679761538654
3,1472,682.0337781980018
3,1473,683.7835077666848
3,1474,688.3794757676662
3,1475,688.2760673764874
3,1476,683.0198459250669
3,1477,682.2208040325851
3,1478,682.4873518904654
3,1479,678.1709130465424
3,1480,677.9428276878102
3,1481,681.0289951625488
3,1482,684.8202040822335
3,1483,681.3796744565885
3,1484,687.0492834220797
3,1485,685.9838675679819
3,1486,682.8459096051939
3,1487,682.6956094338105
3,1488,674.2058335403285
3,1489,685.655826042068
3,1490,687.746500691481
3,1491,685.2283671144718
3,1492,678.3063150633479
3,1493,678.3164903779224
3,1494,683.7056124556024
3,1495,677.3828801169981
3,1496,674.722509093512
3,1497,680.6686216304113
3,1498,681.4574327338453
3,1499,684.1242769704082
3,1500,682.2411645115785
3,1501,680.5128843468743
3,1502,677.8117907660654
3,1503,680.781770566697
3,1504,683.4125176784419
3,1505,681.7618475816413
3,1506,676.3077594425572
3,1507,679.7197699437594
3,1508,689.4071804242785
3,1509,686.9773864706606
3,1510,688.2116813996506
3,1511,688.7277800727284
3,1512,682.0740455755526
3,1513,675.8332711204094
3,1514,682.4209685281634
3,1515,692.1834977838331
3,1516,687.7834747853691
3,1517,681.427163398662
3,1518,681.8348484444311
3,1519,679.5442386059084
3,1520,684.2954958898711
3,1521,682.2118692907835
3,1522,695.6537463086183
3,1523,690.1392471409462
3,1524,684.8466856212119
3,1525,690.065912525327
3,1526,686.4050737617595
3,1527,688.3168102575537
3,1528,690.9212088141587
3,1529,684.5878718605587
3,1530,686.141433288771
3,1531,685.0943583779555
3,1532,684.0520038033646
3,1533,680.7527641033292
3,1534,677.3597815622963
3,1535,678.580313388543
3,1536,680.5383457679347
3,1537,677.925315768535
3,1538,682.2460119738466
3,1539,689.5900814389103
3,1540,683.5840441299557
3,1541,671.1736326558217
3,1542,669.8798948631351
3,1543,676.914460183084
3,1544,684.6172090352313
3,1545,682.7613194228859
3,1546,683.4857647008216
3,1547,684.401238390254
3,1548,681.8488583692433
3,1549,684.9626505849498
3,1550,688.3959370201567
3,1551,685.0257900738553
3,1552,697.9702077914666
3,1553,691.3397567230023
3,1554,682.0986121397541
3,1555,684.2324854811555
3,1556,681.7102249008498
3,1557,685.5414405491977
3,1558,686.1711306641433
3,1559,683.8171049325084
3,1560,687.7686419897373
3,1561,688.6299290009142
3,1562,690.1938050923859
3,1563,691.5175043164879
3,1564,693.7051630207177
3,1565,689.5207421449007
3,1566,681.6043811930897
3,1567,678.3081369626501
3,1568,676.4412846706371
3,1569,672.5407970585519
3,1570,678.0059519795633
3,1571,674.893086256152
3,1572,684.7860358189065
3,1573,683.8154340537842
3,1574,678.5309995063891
3,1575,686.656819429364
3,1576,684.438252338146
3,1577,678.9963913927152
3,1578,683.8521683514589
3,1579,687.51894960395
3,1580,685.6863100654413
3,1581,682.0799569652538
3,1582,684.6804900650334
3,1583,677.4839916415702
3,1584,680.0077975395935
3,1585,682.3005985471593
3,1586,679.2072380097811
3,1587,673.7798719370932
3,1588,671.3442731950827
3,1589,675.0500801290946
3,1590,675.4683261924968
3,1591,679.8974302314087
3,1592,673.2982023224466
3,1593,667.7856256212158
3,1594,673.8970332079563
3,1595,672.8579616316416
3,1596,676.5780934568546
3,1597,684.0524724446688
3,1598,679.0597610085524
3,1599,678.4275529052643
3,1600,682.2358110881064
3,1601,688.3402400671578
3,1602,687.7296168421237
3,1603,692.119507137636
3,1604,688.6744520616289
3,1605,681.4006099185153
3,1606,680.7309618948935
3,1607,680.1009971154978
3,1608,676.4043010366372
3,1609,681.5245420175156
3,1610,684.1917576407291
3,1611,677.5389290788514
3,1612,674.7564200283163
3,1613,684.6154615374995
3,1614,675.733002137154
3,1615,672.5640575586007
3,1616,675.1560264557238
3,1617,679.2778006521265
3,1618,685.6358465318793
3,1619,682.8156299723258
3,1620,681.9391204369039
3,1621,692.021861945941
3,1622,687.7403625919418
3,1623,687.5145051475613
3,1624,678.15880323232
3,1625,679.14840762387
3,1626,680.8309738319274
3,1627,679.4438252214593
3,1628,687.1285912097006
3,1629,680.4463267789704
3,1630,677.7978674087763
3,1631,678.8455236844393
3,1632,687.5715831201139
3,1633,687.6574910442591
3,1634,686.0354168206716
3,1635,692.0524467094409
3,1636,690.8583250701752
3,1637,685.5391095969355
3,1638,680.7356335997999
3,1639,682.3512186805004
3,1640,687.6253014121446
3,1641,692.3786435631074
3,1642,694.772817633359
3,1643,689.7364995233927
3,1644,690.7000068506028
3,1645,681.0182009075253
3,1646,680.0254443190505
3,1647,685.7365457648431
3,1648,678.1281602364845
3,1649,680.0961205410473
3,1650,684.3458809003838
3,1651,681.4812286600329
3,1652,685.2828073625062
3,1653,686.5360452420281
3,1654,681.0932329717366
3,1655,676.221855783351
3,1656,684.2928276335415
3,1657,690.2868151323125
3,1658,697.2080382550158
3,1659,694.4925179353294
3,1660,694.1774445049429
3,1661,687.1016869140667
3,1662,683.3668321547516
3,1663,674.24227962238
3,1664,674.1274898610218
3,1665,673.7842140171474
3,1666,675.9009699805183
3,1667,675.5559746779757
3,1668,673.0915460116344
3,1669,680.8031803836559
3,1670,683.5329218219523
3,1671,685.7506077677
3,1672,685.2158725292401
3,1673,691.7173840971659
3,1674,686.1410031959847
3,1675,690.4327810878457
3,1676,686.9522553028775
3,1677,684.5460979680599
3,1678,685.2412468123438
3,1679,683.020257039191
3,1680,681.4527369687416
3,1681,682.3906515892659
3,1682,688.3500319622108
3,1683,679.5928217866582
3,1684,684.7126652305575
3,1685,690.6188744860917
3,1686,687.2951963430623
3,1687,691.2175553762323
3,1688,685.8426832980466
3,1689,680.0959476184664
3,1690,681.3292877276624
3,1691,685.2100153476312
3,1692,688.5812192607441
3,1693,681.1074374932284
3,1694,675.1237610455404
3,1695,683.0551870076204
3,1696,690.1965661348331
3,1697,691.0928252048515
3,1698,685.6754433578969
3,1699,684.9135492164745
3,1700,688.3741940980293
3,1701,677.9848453020483
3,1702,681.1576567876915
3,1703,687.8636023422085
3,1704,682.5866139565292
3,1705,686.3568782229657
3,1706,686.956103279332
3,1707,679.7662336741245
3,1708,688.3310414979959
3,1709,688.1701424119661
3,1710,689.3075764964439
3,1711,686.8124643130524
3,1712,687.7591258694302
3,1713,685.607781925791
3,1714,682.4933191583325
3,1715,683.7693140673814
3,1716,685.44411292261
3,1717,682.4858749292512
3,1718,686.5239346729298
3,1719,684.1539810894858
3,1720,679.8535723425728
3,1721,673.3673746867815
3,1722,681.2806611828784
3,1723,674.9148517154022
3,1724,682.6350000378052
3,1725,681.4095917200631
3,1726,681.0964601759937
3,1727,682.5573722757958
3,1728,688.8279474559481
3,1729,689.1642925665468
3,1730,683.2967293972953
3,1731,679.6662303651638
3,1732,677.5265503434458
3,1733,677.4969449578975
3,1734,679.6114776564262
3,1735,679.4429141991731
3,1736,678.6863890480035
3,1737,676.3313525431306
3,1738,676.6484527539529
3,1739,671.0900779287242
3,1740,674.4071646874477
3,1741,679.4086507596412
3,1742,682.3023114977326
3,1743,675.8630411084189
3,1744,680.3580268800752
3,1745,676.7052787519361
3,1746,680.3625527291082
3,1747,678.3066449619638
3,1748,681.5903366860088
3,1749,681.114917436771
3,1750,672.1877439688226
3,1751,673.7842306196396
3,1752,679.9027043027747
3,1753,680.9307828750979
3,1754,679.4351145420483
3,1755,675.5130028415333
3,1756,685.3907037377264
3,1757,681.933611095065
3,1758,687.2419669766279
3,1759,680.1359830226891
3,1760,679.4961839361883
3,1761,685.437200860059
3,1762,679.1495057376388
3,1763,674.6213701371511
3,1764,673.2454565046903
3,1765,682.8965996681004
3,1766,676.5332074962488
3,1767,678.6820259958922
3,1768,689.5380532994286
3,1769,687.6796512456326
3,1770,680.4913806885788
3,1771,679.9715016070382
3,1772,681.8787823459703
3,1773,685.8875466659149
3,1774,682.1811060925802
3,1775,675.5083897719195
3,1776,681.0414177951561
3,1777,674.3835532258493
3,1778,677.4855550594558
3,1779,679.5051438381707
3,1780,686.2074684448824
3,1781,684.2798253796312
3,1782,686.9676511247633
3,1783,683.2556746381972
3,1784,685.3607056470852
3,1785,678.7401516081742
3,1786,679.2554271895978
3,1787,682.0501600765685
3,1788,678.2487370535196
3,1789,687.1086793349876
3,1790,695.4194412487366
3,1791,695.7019381569132
3,1792,689.8587644224392
3,1793,682.7742583781336
3,1794,676.689134539135
3,1795,675.6105512783654
3,1796,674.9246933265824
3,1797,676.4414467181923
3,1798,672.6563001222037
3,1799,675.0538280501629
3,1800,679.7557706548424
3,1801,682.9529713443192
3,1802,683.5159345525494
3,1803,688.2000007281556
3,1804,689.2383539382951
3,1805,680.4243421226037
3,1806,675.7706100544577
3,1807,675.2923283474533
3,1808,684.8742814566631
3,1809,685.0681724994794
3,1810,685.3200338977344
3,1811,682.7222582401388
3,1812,694.7113839444515
3,1813,694.8389548332627
3,1814,685.4441150790643
3,1815,677.2216166095062
3,1816,676.7553614852347
3,1817,677.5198243180733
3,1818,684.2297730106513
3,1819,683.606754205261
3,1820,678.9774111516234
3,1821,677.2555087447402
3,1822,674.9714503916117
3,1823,675.7642478393723
3,1824,676.4178167969197
3,1825,674.5196339332415
3,1826,676.8836473769669
3,1827,681.6289145667447
3,1828,678.7274394408666
3,1829,680.9340526304806
3,1830,678.3396808640882
3,1831,673.6620565648972
3,1832,679.1343160178835
3,1833,681.5795617216228
3,1834,686.362382412909
3,1835,680.4572552043784
3,1836,680.1810237442112
3,1837,679.3449469616512
3,1838,669.7820952951566
3,1839,672.949818710449
3,1840,682.5548144188884
3,1841,682.7675993305859
3,1842,684.294890116163
3,1843,689.557969484574
3,1844,687.0465410898256
3,1845,679.854715177661
3,1846,679.5901768066643
3,1847,680.7223858109736
3,1848,676.8142268835015
3,1849,675.8931439380598
3,1850,676.5008275848293
3,1851,674.9332547010905
3,1852,679.1175245700147
3,1853,677.1806743964096
3,1854,676.7410429361851
3,1855,679.272464370736
3,1856,679.6134794710754
3,1857,674.2870602916704
3,1858,677.4074961707765
3,1859,675.8009851651572
3,1860,680.4941142896317
3,1861,681.4224322290304
3,1862,680.1742629470888
3,1863,684.1413725295223
3,1864,683.2405374580571
3,1865,682.6126879839802
3,1866,684.278396139548
3,1867,687.9988881182534
3,1868,680.7006995645962
3,1869,687.4473589538329
3,1870,683.1818899523578
3,1871,684.3258612011144
3,1872,680.7390077126929
3,1873,680.8112494411549
3,1874,681.7944133944651
3,1875,685.0997870653459
3,1876,682.4809954428613
3,1877,682.0199566559982
3,1878,682.5539441285152
3,1879,683.0936900361037
3,1880,685.1505232688858
3,1881,681.4519043333969
3,1882,690.7208715601317
3,1883,690.3058287491469
3,1884,695.2754201894354
3,1885,695.4065410965649
3,1886,688.256652299755
3,1887,684.297831487401
3,1888,682.9867162652918
3,1889,680.1334124258979
3,1890,681.1615650233051
3,1891,685.4677305900665
3,1892,689.0490824976007
3,1893,685.8003491369599
3,1894,684.0323395680269
3,1895,681.7539427516476
3,1896,679.0068696529311
3,1897,683.5651930365556
3,1898,675.9977718590907
3,1899,679.8976262028996
3,1900,683.4142216218454
3,1901,689.0072336780773
3,1902,678.7560180806588
3,1903,679.8401320761501
3,1904,677.0531997602816
3,1905,680.2704372200118
3,1906,687.5019661757077
3,1907,683.5928045790852
3,1908,690.4544384868443
3,1909,683.8519580288117
3,1910,686.2614309330205
3,1911,687.6710893925417
3,1912,684.0119842593084
3,1913,680.1368426826815
3,1914,677.1705221461627
3,1915,672.4562374017912
3,1916,674.6704056343699
3,1917,681.3578843185838
3,1918,692.4145655464621
3,1919,693.5979435502556
3,1920,685.5510965677273
3,1921,681.5945048908823
3,1922,694.576833123299
3,1923,684.0995274021714
3,1924,682.1912781055547
3,1925,687.6648987829817
3,1926,689.1328342553103
3,1927,689.8064786921068
3,1928,686.1623250518792
3,1929,684.3573739025505
3,1930,684.7363006836185
3,1931,685.4100310853735
3,1932,683.8039919120251
3,1933,681.3890961869572
3,1934,682.4117726408814
3,1935,685.2280638263943
3,1936,686.8495737371982
3,1937,683.3060583456369
3,1938,681.1141747643502
3,1939,683.8268271382053
3,1940,680.0281064310796
3,1941,685.184124778929
3,1942,677.998366978448
3,1943,674.0400539291065
3,1944,680.2254223341064
3,1945,690.8188593113213
3,1946,680.9168138018742
3,1947,676.1224119102758
3,1948,681.8473571589104
3,1949,677.2689361976139
3,1950,681.0098393744659
3,1951,689.4809278930915
3,1952,687.8876779608086
3,1953,682.4940929693363
3,1954,679.3877489397287
3,1955,675.7251860287298
3,1956,675.5613845843077
3,1957,679.1651379265314
3,1958,686.6902282888065
3,1959,682.2270634829569
3,1960,679.4007508794027
3,1961,679.0876765174752
3,1962,671.9349629040987
3,1963,679.4159526238475
3,1964,682.4675669038861
3,1965,679.4648685214648
3,1966,677.0589723086014
3,1967,683.0596837360076
3,1968,681.4001364126943
3,1969,684.788552655095
3,1970,681.6222809197384
3,1971,678.1261236407
3,1972,686.1759621763423
3,1973,685.5090904593309
3,1974,679.1729083151987
3,1975,682.1104438316161
3,1976,680.4473611092718
3,1977,679.9314572440105
3,1978,686.2569474155284
3,1979,694.3140205883852
3,1980,697.5598770288477
3,1981,697.8071143663745
3,1982,695.9598523235042
3,1983,690.9427249659652
3,1984,681.6954386991008
3,1985,674.8764680999653
3,1986,677.5500258875836
3,1987,682.4034736441795
3,1988,676.7449166131767
3,1989,678.5308506787259
3,1990,670.9135742793063
3,1991,669.380302922361
3,1992,673.6171085546684
3,1993,684.7503823823492
3,1994,683.1266382426795
3,1995,678.6959868861744
3,1996,691.003183042258
3,1997,696.7464881595895
3,1998,680.8323497566092
3,1999,679.3759650200441
