chain,draw,log_posterior
0,0,-670.4987480749014
0,1,-666.1178682743082
0,2,-668.2254953118187
0,3,-669.3018576405603
0,4,-666.994892507163
0,5,-669.8112329518469
0,6,-669.3564525497221
0,7,-668.9068629138894
0,8,-665.6005970354018
0,9,-669.6327046115771
0,10,-664.3006875511131
0,11,-665.9729854330717
0,12,-663.3266802496694
0,13,-667.7860157435473
0,14,-670.2719965137968
0,15,-667.0006303812416
0,16,-670.0870994568652
0,17,-669.004264550009
0,18,-671.1681306251801
0,19,-671.336661241057
0,20,-663.860136988467
0,21,-663.4384501441181
0,22,-663.5371797908377
0,23,-664.7343484670977
0,24,-664.4270867944563
0,25,-667.140528099408
0,26,-664.422580516028
0,27,-663.9687370833614
0,28,-661.4686724135206
0,29,-665.1477206382045
0,30,-669.0435405898979
0,31,-663.2040186807902
0,32,-661.4158482845097
0,33,-663.2247743032387
0,34,-669.4286448914659
0,35,-668.7568420605975
0,36,-667.3036419441073
0,37,-665.2796645771207
0,38,-666.6115728808919
0,39,-668.1668729126735
0,40,-666.5790501142145
0,41,-670.9173524995447
0,42,-666.9700385579539
0,43,-671.2526978490297
0,44,-666.7008888100967
0,45,-667.6483372115856
0,46,-663.7319982243821
0,47,-665.077346798582
0,48,-670.8178679023998
0,49,-670.5927405183204
0,50,-675.3124691570679
0,51,-676.066140197149
0,52,-670.6906424244573
0,53,-667.5582810797905
0,54,-668.5753218520523
0,55,-669.1029446098231
0,56,-670.2611606497514
0,57,-672.7290313652767
0,58,-669.2020178717828
0,59,-670.3408315578847
0,60,-662.0971498182083
0,61,-661.0006075984674
0,62,-666.640130010641
0,63,-667.8349286557279
0,64,-669.324051149926
0,65,-668.1279976802381
0,66,-670.3836254443534
0,67,-666.9770946977337
0,68,-661.5941281139751
0,69,-661.9047287399035
0,70,-663.987240799767
0,71,-665.4296517085078
0,72,-663.0376072455861
0,73,-672.4064943954518
0,74,-669.930596358551
0,75,-664.5601568736844
0,76,-664.6670827406639
0,77,-666.0566422921726
0,78,-661.4503628085528
0,79,-671.3345755939841
0,80,-674.4036770567765
0,81,-670.9562668368153
0,82,-665.2777611592821
0,83,-660.7917921507727
0,84,-666.2709831008364
0,85,-667.0306341915426
0,86,-665.6821716984568
0,87,-665.353749721105
0,88,-663.9895147538923
0,89,-669.7611248169679
0,90,-672.6099949775125
0,91,-666.6023885224781
0,92,-665.7021502759266
0,93,-667.2543752809445
0,94,-670.1587431863101
0,95,-669.9864687127555
0,96,-673.5045756375722
0,97,-675.3929306232021
0,98,-685.5487570667278
0,99,-685.4533001484749
0,100,-667.1241103485122
0,101,-666.0422114734645
0,102,-664.5522828854096
0,103,-670.1479468345893
0,104,-673.5869782046725
0,105,-673.6669580459823
0,106,-670.8001345599198
0,107,-675.3105328713646
0,108,-668.8636994612942
0,109,-675.6445629328376
0,110,-674.5925807543392
0,111,-670.8168115375696
0,112,-671.7415886001438
0,113,-670.2240672170138
0,114,-671.0968878423029
0,115,-670.5492737560373
0,116,-675.0575388043145
0,117,-674.3693778129409
0,118,-676.1588150115747
0,119,-680.0147846906881
0,120,-681.085288887319
0,121,-680.0563644970306
0,122,-672.1737912290074
0,123,-673.6919920666408
0,124,-677.0610101651368
0,125,-670.5171372217404
0,126,-665.7027880794212
0,127,-666.3633780178407
0,128,-662.8345192721496
0,129,-667.8412466400245
0,130,-671.1882573339726
0,131,-674.7841797793845
0,132,-672.9286411412866
0,133,-674.619376739142
0,134,-669.8780296390099
0,135,-666.8722939051438
0,136,-667.7060835839732
0,137,-670.65266913067
0,138,-674.9723850290785
0,139,-676.5527554776104
0,140,-674.0282990169247
0,141,-669.1541632269218
0,142,-668.2863467033224
0,143,-669.5984328984524
0,144,-670.7639526195065
0,145,-675.2182016037194
0,146,-671.2324619801964
0,147,-676.4059971741726
0,148,-676.232733705051
0,149,-681.98066027047
0,150,-674.977291054132
0,151,-675.3812458311548
0,152,-665.8642701880357
0,153,-664.9631725423053
0,154,-672.3458179154499
0,155,-672.9546598366019
0,156,-673.342515856944
0,157,-661.8541423728494
0,158,-660.1124769015523
0,159,-665.2182918004016
0,160,-663.1378875403332
0,161,-664.3323600402176
0,162,-665.2421938027585
0,163,-666.6327768969488
0,164,-674.1359196369472
0,165,-665.1462003363602
0,166,-667.3452479419758
0,167,-678.2188451632464
0,168,-673.3361909373488
0,169,-668.8483207224938
0,170,-671.2251139229328
0,171,-668.6910604954469
0,172,-665.4858889613766
0,173,-663.1870779745433
0,174,-667.7870156068615
0,175,-669.638851700389
0,176,-671.1898553097636
0,177,-667.4019909709011
0,178,-677.8107192739219
0,179,-669.884467799119
0,180,-666.401406612538
0,181,-667.5953848454571
0,182,-671.2905106355478
0,183,-672.4111574765263
0,184,-669.184873112198
0,185,-669.6286291113913
0,186,-664.9544176934246
0,187,-665.3770337279467
0,188,-672.1485146671491
0,189,-671.9289499763588
0,190,-676.1911260596181
0,191,-672.9264643867733
0,192,-670.871502913607
0,193,-674.7084754036221
0,194,-675.1529448481598
0,195,-672.3093105733088
0,196,-671.3750935747397
0,197,-672.0143716909648
0,198,-677.9368360197171
0,199,-671.8979326876589
0,200,-676.4235904116505
0,201,-671.7020261333334
0,202,-665.8603149972796
0,203,-662.7406179055464
0,204,-663.7172808099849
0,205,-660.1942364443981
0,206,-666.3035822598316
0,207,-668.6153168284031
0,208,-667.5466853884813
0,209,-665.4218165551276
0,210,-662.1899577189213
0,211,-664.3568818219438
0,212,-665.1378682025768
0,213,-670.425915466513
0,214,-667.9284398094284
0,215,-667.7917883711256
0,216,-665.2093765253761
0,217,-668.6872818789279
0,218,-672.4975028484124
0,219,-668.229586396954
0,220,-668.3955910081829
0,221,-668.7291539133385
0,222,-666.7751733913864
0,223,-665.627771843623
0,224,-663.9731061518969
0,225,-668.7549425218492
0,226,-668.7951118194928
0,227,-667.9582529531566
0,228,-671.7127776267206
0,229,-666.2406957269304
0,230,-672.9996850229821
0,231,-674.6248802394966
0,232,-672.2351410679368
0,233,-675.3751316056104
0,234,-668.8476895239825
0,235,-668.5206555995525
0,236,-664.7448983202863
0,237,-669.39510494342
0,238,-668.6638885403237
0,239,-668.2605768328277
0,240,-668.2308733491739
0,241,-670.3548047529584
0,242,-672.6577494105255
0,243,-676.6324754503114
0,244,-671.1422919839647
0,245,-675.105630730784
0,246,-676.8980831238024
0,247,-675.6564559221915
0,248,-676.849754389208
0,249,-675.0740487342423
0,250,-669.1429583422223
0,251,-676.6484875018874
0,252,-672.9757881153412
0,253,-670.9101921992318
0,254,-669.4693303209907
0,255,-669.4374930214243
0,256,-672.9150296132626
0,257,-668.674751605101
0,258,-668.0903164588302
0,259,-667.3306370561081
0,260,-665.9926649646558
0,261,-665.8725713271714
0,262,-669.8092360383059
0,263,-667.9149624134594
0,264,-670.8750834642517
0,265,-674.904028229725
0,266,-672.3686179140276
0,267,-669.9814492173101
0,268,-670.3834812937604
0,269,-670.2092951298287
0,270,-673.8322912384349
0,271,-669.7138049670218
0,272,-671.1467790153392
0,273,-666.0213276840898
0,274,-670.4036889509639
0,275,-666.5361496350171
0,276,-663.703023439746
0,277,-669.7941292442256
0,278,-664.6763442218471
0,279,-669.1338154791919
0,280,-673.5082930976055
0,281,-674.5577146575574
0,282,-677.1897777159118
0,283,-671.3938102609957
0,284,-678.0468838539334
0,285,-673.9938521521244
0,286,-665.2614364477085
0,287,-665.4567904350181
0,288,-673.0195249577225
0,289,-670.182034702141
0,290,-673.8155785330522
0,291,-670.2030543440333
0,292,-664.6032872497397
0,293,-663.8776358141012
0,294,-664.5574481180881
0,295,-661.8101414867239
0,296,-662.1740742440634
0,297,-665.2183481133524
0,298,-670.4852126844833
0,299,-665.449196751288
0,300,-677.1485262140261
0,301,-678.2057667554236
0,302,-680.607513964917
0,303,-669.5385512605112
0,304,-670.4420988067824
0,305,-673.3062025720509
0,306,-672.0295719788338
0,307,-670.2489210196136
0,308,-666.3918217378065
0,309,-668.6821107162863
0,310,-666.4716774820561
0,311,-667.0273437962884
0,312,-671.9296869875578
0,313,-673.121970599036
0,314,-671.9856680012741
0,315,-667.0877548798544
0,316,-667.3165312046358
0,317,-663.1778980006349
0,318,-666.286780205591
0,319,-664.6820124308796
0,320,-676.3240118665622
0,321,-669.023721278985
0,322,-666.4907577795137
0,323,-667.2191315316594
0,324,-666.4357213178355
0,325,-668.1403142009575
0,326,-668.4832768792614
0,327,-672.1599961818291
0,328,-674.2374138162205
0,329,-675.141627948094
0,330,-671.0433287292373
0,331,-670.7045995259983
0,332,-666.188677862472
0,333,-670.639928039892
0,334,-662.0293627315657
0,335,-663.5034570971229
0,336,-671.6563141030267
0,337,-678.0511590036301
0,338,-677.1171269987423
0,339,-667.3534399142312
0,340,-669.3283088646517
0,341,-669.7898122558846
0,342,-678.2500211543775
0,343,-676.7195743800485
0,344,-664.7920418640001
0,345,-671.2235829729938
0,346,-664.3367605860228
0,347,-671.950501063891
0,348,-665.4620691682144
0,349,-670.2214741113603
0,350,-670.115364371606
0,351,-671.660582951684
0,352,-678.0779215655692
0,353,-673.0481441858942
0,354,-682.4524845169643
0,355,-674.516306320714
0,356,-673.3310089012233
0,357,-678.0510108253166
0,358,-676.2558076676887
0,359,-676.8009432039278
0,360,-676.2066150325355
0,361,-676.2313761660668
0,362,-670.8970059045548
0,363,-668.961409171674
0,364,-667.8357286864359
0,365,-671.6217713456782
0,366,-672.6792998385714
0,367,-669.8962715145158
0,368,-671.2288743853553
0,369,-663.5119866567578
0,370,-663.6725935031518
0,371,-673.5611167978519
0,372,-678.1511953676398
0,373,-674.2935105381287
0,374,-673.6434884216238
0,375,-670.1546390372043
0,376,-670.3745025021076
0,377,-670.2449410496527
0,378,-666.9609253991349
0,379,-665.8454659576909
0,380,-664.1142424698643
0,381,-664.8072913655312
0,382,-666.8516987382583
0,383,-665.7673275271557
0,384,-668.250321053938
0,385,-666.1045414013541
0,386,-673.200594971407
0,387,-667.4027431180549
0,388,-664.7224371019504
0,389,-663.6114018915474
0,390,-664.3575306908632
0,391,-669.2604657464464
0,392,-669.6449758929133
0,393,-664.6055556481479
0,394,-671.7176678766093
0,395,-669.2856573792031
0,396,-666.7309296920884
0,397,-673.3873638025746
0,398,-674.8052558134734
0,399,-672.5535383233297
0,400,-665.248360974048
0,401,-674.1389964251799
0,402,-672.3605114255244
0,403,-672.6829284929864
0,404,-664.3332685371273
0,405,-670.5817943307334
0,406,-662.9842194713605
0,407,-668.4750532023266
0,408,-667.3904465054829
0,409,-672.4790685554664
0,410,-670.108282411606
0,411,-673.0838510161423
0,412,-672.3126778709044
0,413,-668.3371938505711
0,414,-670.1078307820261
0,415,-668.1794197226008
0,416,-666.5324422012184
0,417,-668.3960653407695
0,418,-669.0312363289158
0,419,-666.8780084842342
0,420,-668.9531301564707
0,421,-668.3389850296625
0,422,-666.6573728995928
0,423,-671.2722915959955
0,424,-668.5160670046678
0,425,-671.0408572677197
0,426,-678.6487839779911
0,427,-678.9200420624345
0,428,-673.0883380866178
0,429,-671.0107860142543
0,430,-663.8506172310473
0,431,-670.9802498089522
0,432,-663.0373347291279
0,433,-670.4007560650069
0,434,-672.7920186549526
0,435,-677.4780861279406
0,436,-672.00190917179
0,437,-667.9292282052569
0,438,-674.8768770637258
0,439,-666.1049527465888
0,440,-663.7380313547762
0,441,-663.8944655983144
0,442,-665.7473049614763
0,443,-668.2854674274654
0,444,-667.5880768024914
0,445,-668.3156610702544
0,446,-664.4319451120627
0,447,-667.0568979169979
0,448,-673.8333743262062
0,449,-668.8215985759076
0,450,-664.0948620139865
0,451,-666.1303387862755
0,452,-667.5365062791445
0,453,-668.536478096327
0,454,-666.5039454149814
0,455,-669.75845365903
0,456,-667.5804627131821
0,457,-668.7071285429522
0,458,-677.9493288598252
0,459,-676.598370829794
0,460,-673.0995712258762
0,461,-671.432531754988
0,462,-674.9283399229845
0,463,-672.5514713571824
0,464,-673.1826349832464
0,465,-670.7108112612871
0,466,-670.9420686057364
0,467,-670.250418285878
0,468,-665.8077725455181
0,469,-665.7213047836399
0,470,-663.2619673007122
0,471,-666.5530657800348
0,472,-674.2623022531355
0,473,-667.9125959658614
0,474,-669.6317144450762
0,475,-663.8025031400583
0,476,-668.9299069254206
0,477,-668.6932410727057
0,478,-668.320480614632
0,479,-674.618986966559
0,480,-669.8254380928579
0,481,-672.0997568829899
0,482,-672.2261640585014
0,483,-671.2305122605864
0,484,-668.9496974411599
0,485,-670.7406133753983
0,486,-674.8941729022656
0,487,-672.3070190385259
0,488,-671.2661677290329
0,489,-667.360828987314
0,490,-677.2134576155381
0,491,-672.2014321985665
0,492,-668.0410990986231
0,493,-667.1931042056979
0,494,-672.2355087283019
0,495,-667.1463856036421
0,496,-665.1586491506808
0,497,-665.9694372177679
0,498,-660.8172358793065
0,499,-665.2854414950467
0,500,-666.2908379657736
0,501,-667.5927566227855
0,502,-667.2366927250949
0,503,-670.4750861369856
0,504,-670.0757494076386
0,505,-673.6500938018452
0,506,-672.3370500372284
0,507,-669.907395959545
0,508,-670.6419076626859
0,509,-665.8031016320311
0,510,-670.377226739437
0,511,-669.923172040168
0,512,-664.0744971154993
0,513,-666.0360828861517
0,514,-664.0754573741997
0,515,-679.7144775150701
0,516,-669.6418459375228
0,517,-670.0411435408694
0,518,-665.1570938297286
0,519,-665.3434505298521
0,520,-670.8898552782225
0,521,-668.029995200123
0,522,-668.8395961025753
0,523,-669.5880133529021
0,524,-663.9762911893393
0,525,-667.0097649674553
0,526,-664.7622814348795
0,527,-666.093992900818
0,528,-668.5303760048005
0,529,-665.6554647148374
0,530,-665.7631654193152
0,531,-667.5380547971432
0,532,-668.8548275177993
0,533,-666.7411953826635
0,534,-668.2183734256079
0,535,-669.1423202631414
0,536,-669.1083650857207
0,537,-674.5539091941673
0,538,-667.8964911299406
0,539,-665.06009319
0,540,-676.3385610910052
0,541,-679.24342517294
0,542,-673.3373296383853
0,543,-669.6833340393591
0,544,-670.5471977184809
0,545,-664.2086306289717
0,546,-668.633589944983
0,547,-667.2426444173369
0,548,-667.3059127172446
0,549,-666.5261465443854
0,550,-667.1992208448006
0,551,-671.3139251914428
0,552,-670.3169455674542
0,553,-666.6001413759255
0,554,-671.0874915258618
0,555,-666.6626198502748
0,556,-673.4826017015057
0,557,-666.8052897090739
0,558,-663.8722503697687
0,559,-669.3869311521977
0,560,-662.2343539952462
0,561,-663.975729556573
0,562,-666.5973831795595
0,563,-672.2500781167435
0,564,-665.7276239984488
0,565,-672.2493129788336
0,566,-673.6610712729357
0,567,-667.099016513226
0,568,-667.619931105213
0,569,-675.8574699047244
0,570,-672.26433136315
0,571,-662.2061794226852
0,572,-665.2116225335767
0,573,-665.2941859549868
0,574,-666.4550234189959
0,575,-673.0475689516262
0,576,-671.9231640002502
0,577,-665.4671683608306
0,578,-669.1679738316753
0,579,-670.7889866332246
0,580,-671.0264685866164
0,581,-671.2117783470773
0,582,-663.1721981513475
0,583,-666.3861977660433
0,584,-668.4851041398769
0,585,-661.7552515060737
0,586,-666.2974001051343
0,587,-665.248948023519
0,588,-662.3720772708089
0,589,-661.5423858551084
0,590,-666.0842978175631
0,591,-666.4187385768901
0,592,-668.1994390901359
0,593,-666.1314834299046
0,594,-671.0644212816135
0,595,-662.4447827214102
0,596,-669.8081788913313
0,597,-672.1204461982259
0,598,-667.3806893879131
0,599,-669.8002706629371
0,600,-666.5490919778462
0,601,-675.2343276724125
0,602,-676.2005047893308
0,603,-682.6541321091888
0,604,-679.7506600286753
0,605,-679.816987984912
0,606,-672.0160576976717
0,607,-674.107262407474
0,608,-671.9223159358114
0,609,-667.7078195525589
0,610,-667.7982460970165
0,611,-665.8727640078979
0,612,-666.8904099055051
0,613,-672.7527898340625
0,614,-671.5637445103256
0,615,-672.4847567383296
0,616,-675.2184649553966
0,617,-680.8813519373514
0,618,-672.6079451664768
0,619,-668.0583185341733
0,620,-662.9839099074725
0,621,-668.4027660026745
0,622,-667.143937724804
0,623,-666.9138242563367
0,624,-669.4476271253225
0,625,-671.4590589379469
0,626,-670.9339594827624
0,627,-667.539291552698
0,628,-668.4535041055736
0,629,-666.4550484378783
0,630,-668.6965448597222
0,631,-672.0367727928015
0,632,-671.3192534209592
0,633,-679.1381352537562
0,634,-674.5577480777524
0,635,-675.9265539108109
0,636,-673.225856895052
0,637,-667.0625313658028
0,638,-671.0362844523056
0,639,-664.960206886026
0,640,-665.2713933742548
0,641,-678.8694191192272
0,642,-677.4090591352854
0,643,-672.2953862598761
0,644,-679.8165971376906
0,645,-681.239326118769
0,646,-674.0154646064365
0,647,-677.7275822052557
0,648,-676.5277563028327
0,649,-672.4120734210619
0,650,-672.8890463061938
0,651,-669.123570695526
0,652,-668.5411085816315
0,653,-666.055983317505
0,654,-670.0367645017594
0,655,-668.3539990550603
0,656,-668.8306322608958
0,657,-673.9846741323
0,658,-670.1310568608853
0,659,-663.2360933371484
0,660,-665.0499450606904
0,661,-663.293853559278
0,662,-666.5934553275673
0,663,-674.7589774561369
0,664,-671.3283915770319
0,665,-670.5527665263974
0,666,-671.4040195199203
0,667,-665.9027651196243
0,668,-667.9123974709726
0,669,-667.3486300116288
0,670,-664.5353237964639
0,671,-666.5443337678457
0,672,-670.5840837818087
0,673,-669.0686462517416
0,674,-668.9524065791426
0,675,-671.2702603386772
0,676,-669.4743753046979
0,677,-667.0087325963855
0,678,-672.0593459367225
0,679,-670.3842015100205
0,680,-671.4156694462251
0,681,-673.3238903313999
0,682,-670.1477163317867
0,683,-667.6463846167675
0,684,-668.4030510359394
0,685,-670.4025733526692
0,686,-669.5492160206014
0,687,-665.02084681021
0,688,-671.2152253950595
0,689,-669.5342527711095
0,690,-671.0142490212172
0,691,-669.3749579577149
0,692,-665.1471076250583
0,693,-664.6382567639695
0,694,-665.7698562040006
0,695,-670.9387744456418
0,696,-666.6723127038144
0,697,-667.9000461115293
0,698,-668.0741745064652
0,699,-664.7518408281196
0,700,-666.3267347008247
0,701,-666.1853382273899
0,702,-664.2999368690713
0,703,-669.7675874720974
0,704,-670.9575924244
0,705,-667.7192053732355
0,706,-668.2357669174172
0,707,-662.2536682818542
0,708,-663.7051505459808
0,709,-672.5734733342243
0,710,-671.0857945810737
0,711,-661.9710039098852
0,712,-668.658426503507
0,713,-667.9318076505998
0,714,-671.8629799266864
0,715,-667.9555195272568
0,716,-668.6708455011028
0,717,-670.7810318957933
0,718,-660.1843979118063
0,719,-660.7059643118769
0,720,-669.0079252864771
0,721,-664.8505504196106
0,722,-664.7475578382098
0,723,-667.3477454513486
0,724,-671.0166361312606
0,725,-677.3718373630231
0,726,-672.7391962337119
0,727,-673.5081412905821
0,728,-676.4698477605366
0,729,-680.4973069774675
0,730,-673.6080812726045
0,731,-672.4740898400775
0,732,-665.7143685830448
0,733,-665.8694537553953
0,734,-667.967287151843
0,735,-667.9754717853529
0,736,-669.4916967245323
0,737,-666.8602189684473
0,738,-668.5357782830138
0,739,-665.7825474022075
0,740,-662.3889164962426
0,741,-665.8859506005035
0,742,-667.5764893752824
0,743,-666.8198970103318
0,744,-668.0398577575108
0,745,-665.6852439996763
0,746,-664.1757260754506
0,747,-667.5960991538357
0,748,-670.624132005144
0,749,-671.3750325501252
0,750,-675.4745626155454
0,751,-671.5289289183627
0,752,-666.1341596989138
0,753,-671.833235265983
0,754,-670.0574443440407
0,755,-673.341612873641
0,756,-674.193035198369
0,757,-670.6040985315587
0,758,-683.8782985604706
0,759,-680.8035091097377
0,760,-678.0675405066911
0,761,-669.4409010256777
0,762,-676.1051877714284
0,763,-674.2541995451546
0,764,-670.4792758932009
0,765,-664.182705831196
0,766,-665.4819116885617
0,767,-667.7192998103995
0,768,-668.7242064856188
0,769,-678.2020496839696
0,770,-678.7747456656574
0,771,-676.8716325111884
0,772,-674.3125205351012
0,773,-678.6200501754566
0,774,-674.0047337567024
0,775,-670.3817234609272
0,776,-673.5760126768746
0,777,-665.5872355783631
0,778,-665.714906983694
0,779,-674.6926770426181
0,780,-669.7269660258097
0,781,-671.3104393850634
0,782,-671.2688445209112
0,783,-666.5253333011243
0,784,-666.5591763357608
0,785,-662.4152408086879
0,786,-667.0911913993781
0,787,-665.8074148712409
0,788,-665.1382909348179
0,789,-664.7385205431939
0,790,-671.0426565404609
0,791,-671.2885763427252
0,792,-668.7006807328717
0,793,-675.3872930046133
0,794,-672.9435946057072
0,795,-671.305715208218
0,796,-664.4631195554284
0,797,-662.0987960159673
0,798,-663.6725403445862
0,799,-668.3681475465821
0,800,-669.9106199958263
0,801,-676.7086252290975
0,802,-671.3886283599911
0,803,-673.3450677053614
0,804,-673.0762749922638
0,805,-671.7475253412357
0,806,-661.9238194257891
0,807,-665.1532399507782
0,808,-663.2363134431897
0,809,-665.425707766825
0,810,-665.0860828984265
0,811,-667.7674934276531
0,812,-673.5345355677705
0,813,-671.17922567837
0,814,-669.7850676980456
0,815,-671.3215597986234
0,816,-676.5037167137459
0,817,-673.5966420768631
0,818,-670.4250965729493
0,819,-675.170120429952
0,820,-670.156771413005
0,821,-667.201736992089
0,822,-664.563313731245
0,823,-666.0095190303063
0,824,-666.1034792229717
0,825,-663.9538118894377
0,826,-664.4997838450739
0,827,-666.8024809632554
0,828,-670.8596334976313
0,829,-663.3584102929937
0,830,-669.9229099278389
0,831,-668.183495508652
0,832,-666.8988636916431
0,833,-675.5819809430989
0,834,-674.8943172540885
0,835,-674.8871024853668
0,836,-666.1453064548755
0,837,-668.0270776431103
0,838,-671.1749445722842
0,839,-671.9910721589761
0,840,-670.6146434615831
0,841,-679.9745572354107
0,842,-670.671892270765
0,843,-666.4396296556758
0,844,-671.2475239053933
0,845,-666.0449088266431
0,846,-673.1890976926486
0,847,-665.435139963002
0,848,-664.7578858358972
0,849,-670.9877992935484
0,850,-668.0852143743039
0,851,-674.5525956489831
0,852,-670.562332386053
0,853,-669.413084754948
0,854,-670.3296695040082
0,855,-669.7949834689956
0,856,-672.6179495956602
0,857,-671.8514104586795
0,858,-675.7819249677596
0,859,-670.8855689876793
0,860,-670.4823277793294
0,861,-668.5786331735605
0,862,-672.1741223221652
0,863,-672.3757372076473
0,864,-674.4866294207949
0,865,-670.9551780190072
0,866,-669.0863218545046
0,867,-667.8043876769494
0,868,-667.2250992805214
0,869,-675.871313357802
0,870,-676.2354955400485
0,871,-669.7207499970375
0,872,-666.9156748507462
0,873,-671.0710470245342
0,874,-665.6556228306622
0,875,-667.9874824262967
0,876,-669.173760907727
0,877,-666.2077863975417
0,878,-675.7339395825925
0,879,-679.3331106754293
0,880,-671.0846819746735
0,881,-676.0221944665271
0,882,-668.6582302536004
0,883,-663.3179669437683
0,884,-662.6435230007021
0,885,-673.5743709732179
0,886,-664.6018960134581
0,887,-671.1759515391956
0,888,-671.0037916447031
0,889,-672.3444179169614
0,890,-674.6793964427112
0,891,-667.5066222057939
0,892,-668.4933693809169
0,893,-677.7270328771768
0,894,-674.5173033258015
0,895,-674.1038260443323
0,896,-670.9870077318151
0,897,-672.0178552612698
0,898,-668.0586788391911
0,899,-666.4834704607131
0,900,-673.33263941584
0,901,-671.2740469978033
0,902,-664.6483934383306
0,903,-667.6023243819046
0,904,-666.2942498866221
0,905,-668.8914959868588
0,906,-669.547890623894
0,907,-675.9598457846583
0,908,-676.4070417386673
0,909,-670.021742470484
0,910,-679.1994621010667
0,911,-675.0051137806763
0,912,-670.4678287092265
0,913,-671.5645757203633
0,914,-680.8696284552422
0,915,-676.4461362046336
0,916,-667.4631833334611
0,917,-666.2128966726292
0,918,-669.5112206488539
0,919,-669.6618107342204
0,920,-669.7938239702289
0,921,-668.6988604224468
0,922,-666.7174686567956
0,923,-665.4405722843715
0,924,-664.1074147249321
0,925,-671.4542300464362
0,926,-669.1835935606185
0,927,-667.9760986399531
0,928,-673.5004743878324
0,929,-672.9626209793552
0,930,-672.7789178313419
0,931,-668.054906702333
0,932,-667.3571348496939
0,933,-666.9750680142902
0,934,-665.3984873950071
0,935,-669.1242639338765
0,936,-667.702830141388
0,937,-672.0533721777965
0,938,-672.8842563971497
0,939,-673.3362218779222
0,940,-673.9127954118437
0,941,-669.9292947532763
0,942,-673.9770307264747
0,943,-671.6307668639156
0,944,-667.590923234248
0,945,-674.2630390770773
0,946,-677.6604646396614
0,947,-671.581901870675
0,948,-679.9159207980803
0,949,-675.5101882725477
0,950,-672.7804309916646
0,951,-673.4303920333518
0,952,-669.4561863122993
0,953,-666.2444175557874
0,954,-670.3626067638227
0,955,-668.5490470224892
0,956,-669.7863510884833
0,957,-666.9128454430704
0,958,-666.3025884130758
0,959,-669.2649043420062
0,960,-675.304874995336
0,961,-676.6876811089226
0,962,-669.5723716257368
0,963,-669.2286217671608
0,964,-675.6124336910747
0,965,-674.0592762469117
0,966,-679.2617397131597
0,967,-675.2625449678695
0,968,-679.802346671012
0,969,-673.9433268391994
0,970,-666.1898655605393
0,971,-664.9044308496249
0,972,-661.6370749326705
0,973,-663.9893484660365
0,974,-667.5520543618412
0,975,-669.3425972144408
0,976,-673.8418104368375
0,977,-670.5855889471242
0,978,-667.7188869111153
0,979,-664.8775082428608
0,980,-664.933818169696
0,981,-680.0211792089341
0,982,-681.9611864111323
0,983,-685.8303504743401
0,984,-684.6610585941546
0,985,-690.6042401451718
0,986,-683.9348199028526
0,987,-674.0152382030136
0,988,-674.7519023918081
0,989,-672.1587228841976
0,990,-672.1852582105244
0,991,-663.6324939957332
0,992,-664.7186728528826
0,993,-665.6884994567754
0,994,-666.9292538599644
0,995,-667.7160595838631
0,996,-667.9639465480533
0,997,-668.4432640385578
0,998,-672.8133483876093
0,999,-674.6543785128545
0,1000,-670.2648439384135
0,1001,-670.10037904344
0,1002,-666.5646885463149
0,1003,-666.0148112443114
0,1004,-666.9160949175939
0,1005,-672.1046689275025
0,1006,-673.0038483500854
0,1007,-665.7326686108464
0,1008,-671.730841459715
0,1009,-675.085203360381
0,1010,-665.0887731178478
0,1011,-672.1793553126257
0,1012,-673.2511825678617
0,1013,-673.8324584984097
0,1014,-673.0859174193843
0,1015,-675.8005030272426
0,1016,-679.6016061909158
0,1017,-677.0264139735141
0,1018,-674.3464756414061
0,1019,-672.2187115661193
0,1020,-666.4971303422622
0,1021,-677.0975204018797
0,1022,-673.5148962595222
0,1023,-681.652942648271
0,1024,-680.3167426477189
0,1025,-674.667333921039
0,1026,-673.5815722739483
0,1027,-669.0438209410177
0,1028,-670.6707633593657
0,1029,-676.1700123796003
0,1030,-667.8847622350008
0,1031,-671.5995310659335
0,1032,-680.6785139813937
0,1033,-678.627602190588
0,1034,-678.618922117488
0,1035,-679.4027706527868
0,1036,-671.7777586695794
0,1037,-668.6453956774943
0,1038,-668.8085681348143
0,1039,-666.7738303727865
0,1040,-673.5512154515715
0,1041,-673.6041617407025
0,1042,-670.8573588510814
0,1043,-666.9952897142218
0,1044,-672.98607865562
0,1045,-675.7802378605606
0,1046,-670.087493597294
0,1047,-667.8300839710776
0,1048,-662.4147577094369
0,1049,-673.5786781571859
0,1050,-673.7592981658703
0,1051,-674.2440576456778
0,1052,-673.5289679607926
0,1053,-678.7810606094099
0,1054,-678.9921853457845
0,1055,-673.7354751192477
0,1056,-673.4548835702235
0,1057,-675.1403257063196
0,1058,-671.3384662982546
0,1059,-673.2676463083745
0,1060,-667.9237367851747
0,1061,-672.9238957832946
0,1062,-673.5408863448017
0,1063,-673.5590865251195
0,1064,-672.3798605185074
0,1065,-673.5453637976715
0,1066,-673.8418263651306
0,1067,-678.9418064973084
0,1068,-676.9594750950865
0,1069,-673.7636482812186
0,1070,-673.6087870661519
0,1071,-672.8129636271924
0,1072,-673.212184694725
0,1073,-674.3414167397217
0,1074,-676.6590046225183
0,1075,-679.2086854811868
0,1076,-670.9008705542636
0,1077,-671.0978707520039
0,1078,-674.3134534616453
0,1079,-670.4486029985525
0,1080,-669.6098989230999
0,1081,-670.639228492071
0,1082,-664.1205622698384
0,1083,-664.0481211538039
0,1084,-666.0892877663621
0,1085,-666.3786361200504
0,1086,-669.0138034723393
0,1087,-667.3822405469692
0,1088,-668.9578142511523
0,1089,-667.6211375220724
0,1090,-663.0299533857846
0,1091,-667.2439482776587
0,1092,-667.7508604217362
0,1093,-666.7116198981538
0,1094,-663.2299155007654
0,1095,-669.0478504615111
0,1096,-666.4214436848255
0,1097,-677.3955868715315
0,1098,-674.7675931773477
0,1099,-671.0956542039876
0,1100,-667.9992394983673
0,1101,-670.5954917773079
0,1102,-664.4631367049651
0,1103,-667.9595440258397
0,1104,-671.718672709085
0,1105,-671.4016330221202
0,1106,-669.1470538169677
0,1107,-668.651100285322
0,1108,-669.1072321509467
0,1109,-670.5263218898557
0,1110,-669.0374700187562
0,1111,-666.174836424158
0,1112,-665.086986446332
0,1113,-669.8601680263384
0,1114,-664.5816532087221
0,1115,-664.8490243384826
0,1116,-665.0700735686439
0,1117,-666.9806795888619
0,1118,-667.305173468249
0,1119,-665.3701607990257
0,1120,-668.6364255319279
0,1121,-670.517477135242
0,1122,-671.1144104894462
0,1123,-665.5047090837801
0,1124,-670.5172760268307
0,1125,-664.7493914114456
0,1126,-668.1598696719975
0,1127,-670.21610918383
0,1128,-676.5580933955276
0,1129,-669.6298201108182
0,1130,-668.3507914130768
0,1131,-670.179548700995
0,1132,-672.754607373061
0,1133,-670.4875870444918
0,1134,-666.3922492466835
0,1135,-667.4237255279644
0,1136,-664.7066996281278
0,1137,-664.7927378199313
0,1138,-671.2911798823276
0,1139,-667.972523050682
0,1140,-664.7032870759318
0,1141,-663.5868170731823
0,1142,-669.0552395503828
0,1143,-673.7573145043118
0,1144,-669.4873463965029
0,1145,-666.5944266488983
0,1146,-667.9205588283921
0,1147,-664.9598701822041
0,1148,-664.7298346545905
0,1149,-670.0437301396859
0,1150,-671.4994121082082
0,1151,-671.5839143457689
0,1152,-673.3667759000087
0,1153,-679.2150932359292
0,1154,-679.2337195870407
0,1155,-670.5077087542962
0,1156,-665.7843247302303
0,1157,-668.2250280451015
0,1158,-664.0889203310002
0,1159,-666.4357398177797
0,1160,-664.5410383757339
0,1161,-674.0059186655028
0,1162,-674.1042476647222
0,1163,-671.2071010546587
0,1164,-671.402047411083
0,1165,-673.7189915255008
0,1166,-670.767718773298
0,1167,-665.1394142493572
0,1168,-662.5716533980822
0,1169,-663.6977448014962
0,1170,-669.5716283507682
0,1171,-670.2090011050717
0,1172,-665.0585585936093
0,1173,-662.5136468076197
0,1174,-664.477802304964
0,1175,-664.8540366946008
0,1176,-665.0478712473654
0,1177,-665.9769414591543
0,1178,-665.0434796781045
0,1179,-667.221510883878
0,1180,-663.8470013764801
0,1181,-664.866011511307
0,1182,-670.5084797711179
0,1183,-672.3188738223758
0,1184,-668.0715650901061
0,1185,-664.6671158110341
0,1186,-663.5146251263903
0,1187,-668.1267954142785
0,1188,-669.3686022217184
0,1189,-665.8801174498554
0,1190,-666.7114644897604
0,1191,-666.7109291118941
0,1192,-666.6069393759058
0,1193,-662.8822241096093
0,1194,-666.6585474518644
0,1195,-665.8299205776497
0,1196,-666.1116503997513
0,1197,-663.8613804293847
0,1198,-664.7154702749227
0,1199,-665.8911246376908
0,1200,-662.0316463404284
0,1201,-662.3658740884533
0,1202,-663.1337787793668
0,1203,-666.003332110615
0,1204,-668.0183412201449
0,1205,-670.2020644483554
0,1206,-669.9579947632509
0,1207,-669.8157846430705
0,1208,-674.1214556555365
0,1209,-667.6263907099302
0,1210,-664.5808699384938
0,1211,-672.1813305029541
0,1212,-676.7066690074623
0,1213,-678.1716973344796
0,1214,-667.9200498166782
0,1215,-670.0442007466768
0,1216,-671.4333235746226
0,1217,-673.9852614017311
0,1218,-676.8025669971422
0,1219,-677.4571476057732
0,1220,-676.6891711764979
0,1221,-672.1425110687388
0,1222,-666.0824899016916
0,1223,-667.5510012099371
0,1224,-671.9467631839043
0,1225,-677.9686242728163
0,1226,-673.3141224278867
0,1227,-667.1857234835692
0,1228,-666.6024177416189
0,1229,-675.4199258789331
0,1230,-670.8807082093845
0,1231,-670.9989234699672
0,1232,-663.8674798023361
0,1233,-668.0969055712955
0,1234,-667.7694660344517
0,1235,-670.4875721547647
0,1236,-666.6408460654407
0,1237,-672.9057521006033
0,1238,-667.7209971814092
0,1239,-670.1225251426852
0,1240,-664.1042753056325
0,1241,-671.4080785409473
0,1242,-670.736633035817
0,1243,-669.1251020419526
0,1244,-666.894585463532
0,1245,-667.9060806902945
0,1246,-669.2334322558506
0,1247,-671.312495712878
0,1248,-676.5784625397264
0,1249,-668.6860935922227
0,1250,-661.9888401939022
0,1251,-666.7627609467756
0,1252,-663.7752550402241
0,1253,-668.1817780498644
0,1254,-668.8612270844286
0,1255,-668.2815809702889
0,1256,-669.1197367248092
0,1257,-661.7028939197427
0,1258,-671.2099885438265
0,1259,-670.0456320221659
0,1260,-666.8651224796886
0,1261,-665.1510225511346
0,1262,-674.6057260497181
0,1263,-666.486619153192
0,1264,-664.097494092064
0,1265,-666.0232005961509
0,1266,-667.8189453623916
0,1267,-664.7947982817689
0,1268,-663.2238106202442
0,1269,-666.3933795560572
0,1270,-666.7683832915196
0,1271,-667.1553724809112
0,1272,-665.7190328967225
0,1273,-677.6546799633483
0,1274,-670.1600574618545
0,1275,-667.475977363685
0,1276,-660.4145189601195
0,1277,-660.063627128922
0,1278,-660.4366584315783
0,1279,-664.0458852548574
0,1280,-669.9067967672581
0,1281,-663.1920247699106
0,1282,-663.7209432108303
0,1283,-663.9066565937403
0,1284,-667.9048466736131
0,1285,-666.9483945165543
0,1286,-668.1503607864371
0,1287,-665.1596228682128
0,1288,-664.7547965758396
0,1289,-664.2083310216283
0,1290,-659.8370163534302
0,1291,-663.3466031436885
0,1292,-665.001311706251
0,1293,-666.4553345858149
0,1294,-667.3339371048968
0,1295,-670.6722261522443
0,1296,-667.730225345772
0,1297,-670.4374150737167
0,1298,-668.8087325527471
0,1299,-672.6215663792877
0,1300,-672.6026975319643
0,1301,-669.3717136960478
0,1302,-670.6618464769215
0,1303,-672.8646804227551
0,1304,-668.0447552940275
0,1305,-670.0825543059781
0,1306,-667.1797479069129
0,1307,-669.1396067744217
0,1308,-670.5747169841619
0,1309,-667.500786351584
0,1310,-669.0506875227255
0,1311,-664.3929327148418
0,1312,-663.558427933805
0,1313,-668.9356862199543
0,1314,-663.1195191881988
0,1315,-658.5309318760949
0,1316,-661.5124343152834
0,1317,-662.2996211974677
0,1318,-665.0176794672772
0,1319,-668.9213878019063
0,1320,-665.0173538242942
0,1321,-664.6616407099165
0,1322,-663.4104867117258
0,1323,-666.3393107135789
0,1324,-664.2764373519915
0,1325,-666.0296367587673
0,1326,-668.2948367645242
0,1327,-667.4941858123117
0,1328,-669.9169122602663
0,1329,-665.5153481463528
0,1330,-678.7973651624212
0,1331,-675.6461162490918
0,1332,-675.7466613088518
0,1333,-672.1966462237443
0,1334,-672.3760848263711
0,1335,-677.1084142739535
0,1336,-673.0591332987375
0,1337,-677.2003579513085
0,1338,-675.85409355064
0,1339,-676.6502344301877
0,1340,-677.1132367722815
0,1341,-675.6097840216928
0,1342,-675.0922269393529
0,1343,-684.3215740373159
0,1344,-672.2111994265783
0,1345,-674.0010285682383
0,1346,-672.8931823291907
0,1347,-672.0397886959125
0,1348,-676.1344857754664
0,1349,-676.0662617980022
0,1350,-674.3901638895925
0,1351,-668.220259198505
0,1352,-669.1966057286971
0,1353,-666.7937500602386
0,1354,-665.8762650109896
0,1355,-674.47224962393
0,1356,-671.1057394606403
0,1357,-666.643039867982
0,1358,-667.1500958789926
0,1359,-664.6162147179475
0,1360,-662.9928276464163
0,1361,-667.2882636412658
0,1362,-669.7692839893333
0,1363,-669.5667896408453
0,1364,-668.4774681088084
0,1365,-669.0182544052498
0,1366,-670.2180147314622
0,1367,-674.4894553093665
0,1368,-673.8312574307467
0,1369,-671.5278377639245
0,1370,-668.220762967388
0,1371,-663.7462637731527
0,1372,-663.3034289948463
0,1373,-666.9238314943414
0,1374,-666.4381061034039
0,1375,-670.894200931081
0,1376,-672.2787229616677
0,1377,-672.7900739612702
0,1378,-671.2821698031283
0,1379,-666.6118274035622
0,1380,-665.7546381619718
0,1381,-664.261303157009
0,1382,-664.2821558356649
0,1383,-666.236575816373
0,1384,-673.7513665860681
0,1385,-675.0786151563009
0,1386,-674.1262671199881
0,1387,-669.4638168957122
0,1388,-672.1879936399991
0,1389,-669.5751984621234
0,1390,-666.4039232634444
0,1391,-671.566650278122
0,1392,-673.1713782174744
0,1393,-664.5866777061087
0,1394,-665.0890670593494
0,1395,-664.8998185167867
0,1396,-669.0998999696384
0,1397,-668.6968586998485
0,1398,-666.4677059950893
0,1399,-661.5080193575598
0,1400,-665.2817984125625
0,1401,-668.0021770363883
0,1402,-671.0704120201387
0,1403,-671.1971411484379
0,1404,-668.9684859599298
0,1405,-667.0137251522372
0,1406,-665.46618689643
0,1407,-664.8810800634344
0,1408,-662.9359868902544
0,1409,-662.4919824905195
0,1410,-664.3574251126378
0,1411,-667.2445132393876
0,1412,-672.1106215557784
0,1413,-666.7538654361383
0,1414,-673.6917027267356
0,1415,-667.9277048963316
0,1416,-664.3414789871928
0,1417,-667.1956897060667
0,1418,-670.7425667666238
0,1419,-673.6812412924847
0,1420,-672.139627051052
0,1421,-668.9111776281453
0,1422,-673.9699185549365
0,1423,-673.2449749803161
0,1424,-676.4401589703339
0,1425,-667.6918872769472
0,1426,-670.1615594186767
0,1427,-668.4030697522372
0,1428,-676.7996380422301
0,1429,-670.3556777969171
0,1430,-667.6943278257268
0,1431,-665.4660371098377
0,1432,-665.8849852528255
0,1433,-671.3568871869497
0,1434,-664.9742842957218
0,1435,-666.2539421059402
0,1436,-666.3785337760767
0,1437,-663.6846624092321
0,1438,-664.4046868702704
0,1439,-667.8767523790153
0,1440,-674.4375270232872
0,1441,-675.6255649617198
0,1442,-668.0017434436954
0,1443,-669.568047825355
0,1444,-669.3318016320081
0,1445,-670.5029123839595
0,1446,-661.7466300666947
0,1447,-663.2856370914351
0,1448,-664.4829992979164
0,1449,-664.0032341710012
0,1450,-665.6584761111862
0,1451,-666.8940486401458
0,1452,-668.3776252908447
0,1453,-673.9481532003199
0,1454,-670.3006724687853
0,1455,-666.3680581838173
0,1456,-673.0350308728487
0,1457,-680.1818512219903
0,1458,-681.8457894423537
0,1459,-671.090144245122
0,1460,-669.4087000365441
0,1461,-675.402474808405
0,1462,-668.8149023681411
0,1463,-668.7169886534218
0,1464,-668.2083163418764
0,1465,-665.8660003925498
0,1466,-668.2008672160287
0,1467,-664.5598825460762
0,1468,-665.5897004880574
0,1469,-669.587924703835
0,1470,-662.9925409228284
0,1471,-664.6508190003285
0,1472,-667.4945106807868
0,1473,-664.1216842187291
0,1474,-663.5434144442876
0,1475,-666.0417455803354
0,1476,-664.3424019557575
0,1477,-669.1773492251297
0,1478,-666.1207536409721
0,1479,-664.5118455140167
0,1480,-665.6434564025374
0,1481,-667.1868986023874
0,1482,-665.6361958244761
0,1483,-666.7932499869573
0,1484,-665.1288274993387
0,1485,-667.750733279525
0,1486,-672.3609336838992
0,1487,-673.7683303721665
0,1488,-671.107746839127
0,1489,-676.2338587762475
0,1490,-681.2611171247532
0,1491,-672.0621451585357
0,1492,-673.7217715999592
0,1493,-671.7422714022981
0,1494,-668.1695564896326
0,1495,-663.8169431558855
0,1496,-664.2629666139833
0,1497,-672.9032991848565
0,1498,-673.9228893093991
0,1499,-668.3569024843966
0,1500,-667.5606744583512
0,1501,-668.7687344594974
0,1502,-668.7325619879704
0,1503,-668.1075642537968
0,1504,-662.2002768669096
0,1505,-667.0368532828603
0,1506,-671.8390847747996
0,1507,-681.5148746077354
0,1508,-671.7720195829794
0,1509,-674.1392767533257
0,1510,-672.9210521949942
0,1511,-679.7268051375471
0,1512,-674.4488905968225
0,1513,-666.7619264678463
0,1514,-668.6166499775906
0,1515,-673.0991093792277
0,1516,-669.8367168224361
0,1517,-674.9377681017689
0,1518,-667.5790547705509
0,1519,-665.1473788498234
0,1520,-668.3159275745763
0,1521,-668.7419742966664
0,1522,-669.5101393113541
0,1523,-665.8371429730181
0,1524,-665.022093971271
0,1525,-667.2810576692716
0,1526,-666.1226898913147
0,1527,-666.3362540553429
0,1528,-669.292101095219
0,1529,-671.6346444794991
0,1530,-680.3958129524724
0,1531,-675.984963173146
0,1532,-675.4939033476153
0,1533,-673.4362214136685
0,1534,-678.5333559984624
0,1535,-681.7732942889936
0,1536,-675.2754640639304
0,1537,-678.2037337635808
0,1538,-674.7679272269521
0,1539,-673.6636366469047
0,1540,-670.9935249271646
0,1541,-670.0452865540904
0,1542,-673.103547127103
0,1543,-673.8924482175702
0,1544,-672.3050638570157
0,1545,-671.5690558216563
0,1546,-671.7634270869753
0,1547,-669.871338999321
0,1548,-669.7178707597242
0,1549,-669.0456758514442
0,1550,-666.3546269992156
0,1551,-664.0497417841119
0,1552,-665.2194564496118
0,1553,-667.0396842991134
0,1554,-671.2936509627555
0,1555,-665.2050620536247
0,1556,-662.0304031167373
0,1557,-660.9339881741661
0,1558,-661.1560483762855
0,1559,-659.9404436792539
0,1560,-661.7638559863889
0,1561,-661.8787346725609
0,1562,-666.1475111938832
0,1563,-674.15475575814
0,1564,-671.2519238053953
0,1565,-671.0042767225104
0,1566,-670.9645090495944
0,1567,-672.6911627046778
0,1568,-668.1552719603302
0,1569,-668.463776742912
0,1570,-667.8112405802418
0,1571,-665.7212129008981
0,1572,-664.7125747049494
0,1573,-665.8030321661535
0,1574,-665.2123984978756
0,1575,-663.686010200457
0,1576,-665.2331697987535
0,1577,-668.249960335964
0,1578,-663.2716332137661
0,1579,-672.4469532023269
0,1580,-669.0999061771593
0,1581,-668.6829489388854
0,1582,-667.3074937407972
0,1583,-665.7205679618719
0,1584,-668.7016124430359
0,1585,-666.8826818656811
0,1586,-669.6603286141637
0,1587,-665.5661512994127
0,1588,-667.8043644277021
0,1589,-664.6909304303816
0,1590,-666.8379503296638
0,1591,-670.5578725934521
0,1592,-667.995403532048
0,1593,-665.8108638850633
0,1594,-667.9786117171235
0,1595,-672.0326635638908
0,1596,-671.5236510256877
0,1597,-672.0539389114224
0,1598,-668.7378441779659
0,1599,-671.1337413409595
0,1600,-667.4034861449938
0,1601,-663.2593317987154
0,1602,-664.9194146897904
0,1603,-668.834688956634
0,1604,-669.4800664255275
0,1605,-667.1394745862481
0,1606,-668.9768961953483
0,1607,-670.3831553336696
0,1608,-668.9635075046376
0,1609,-668.2258748976714
0,1610,-666.6398326310775
0,1611,-663.8496965124658
0,1612,-671.9905444205932
0,1613,-673.0524511719289
0,1614,-674.2280534696658
0,1615,-674.4864008619312
0,1616,-670.5546400016458
0,1617,-666.5434453846802
0,1618,-675.4358362018472
0,1619,-676.4343377444815
0,1620,-674.3218603661276
0,1621,-672.6700017779037
0,1622,-677.4441179967548
0,1623,-675.8075851714988
0,1624,-676.3516503784705
0,1625,-674.1604761144181
0,1626,-674.359718736729
0,1627,-675.3569747214578
0,1628,-673.9561674237949
0,1629,-675.3272389712467
0,1630,-664.3198675281535
0,1631,-667.9326161971063
0,1632,-667.6336020416315
0,1633,-671.5672380787726
0,1634,-671.230088446444
0,1635,-668.6870808270788
0,1636,-664.2316756205493
0,1637,-666.9849806080142
0,1638,-665.1989037764597
0,1639,-665.5100769143785
0,1640,-670.3174954304164
0,1641,-666.8920009108369
0,1642,-665.839754020683
0,1643,-673.4531754402127
0,1644,-672.8435908207731
0,1645,-668.0257522625436
0,1646,-668.9148060071353
0,1647,-671.9188944580965
0,1648,-676.5935914095702
0,1649,-671.1897920495122
0,1650,-674.6126343449291
0,1651,-677.2072979195462
0,1652,-669.6432609363161
0,1653,-671.4790729005317
0,1654,-673.9722974768929
0,1655,-675.5073211863732
0,1656,-668.9929816582295
0,1657,-669.9625946578167
0,1658,-665.3021937603393
0,1659,-668.6912828143552
0,1660,-663.1251361941487
0,1661,-672.4719530988057
0,1662,-663.8901054892889
0,1663,-665.7483159522727
0,1664,-665.1599942484166
0,1665,-666.8562393570639
0,1666,-664.6477004347324
0,1667,-675.7827306982684
0,1668,-676.8352778281637
0,1669,-679.5096538695316
0,1670,-679.8271465632537
0,1671,-669.1931799480975
0,1672,-668.5998655536524
0,1673,-667.1378851742056
0,1674,-667.8764232875074
0,1675,-669.1140453898736
0,1676,-673.6224239497546
0,1677,-671.8065150171506
0,1678,-672.5868518178823
0,1679,-670.7386290235883
0,1680,-667.5801630906352
0,1681,-666.4139725181723
0,1682,-664.3389609310311
0,1683,-669.7806055201843
0,1684,-671.6574117769741
0,1685,-666.0003998258521
0,1686,-666.9726539384037
0,1687,-669.3762220874136
0,1688,-675.885614807701
0,1689,-672.6837028087853
0,1690,-671.233168589781
0,1691,-669.9574068602739
0,1692,-674.1698489716017
0,1693,-673.7719583593869
0,1694,-666.2632477337715
0,1695,-662.797315509155
0,1696,-667.1731322724565
0,1697,-667.4135635555446
0,1698,-664.6206422532888
0,1699,-673.4577150441326
0,1700,-671.9001847647653
0,1701,-666.4684954856974
0,1702,-671.5819901723364
0,1703,-677.1059651562445
0,1704,-668.415702676388
0,1705,-671.3233517698543
0,1706,-663.9806168117541
0,1707,-665.7624431682573
0,1708,-668.9548592381669
0,1709,-673.4263367726994
0,1710,-666.2307649747866
0,1711,-661.5477523294238
0,1712,-664.3770148640763
0,1713,-668.9790279907502
0,1714,-666.8394085519219
0,1715,-666.7304564998616
0,1716,-665.2337841036862
0,1717,-666.7249193326226
0,1718,-671.3848231404621
0,1719,-673.8171831535481
0,1720,-669.9562808716383
0,1721,-670.136947630221
0,1722,-673.1693494325269
0,1723,-664.0851168048782
0,1724,-665.7389646006078
0,1725,-671.0466871313812
0,1726,-668.6267642360133
0,1727,-670.2505714004061
0,1728,-675.3238659411373
0,1729,-670.0252894980124
0,1730,-669.4261025361332
0,1731,-668.9725417647104
0,1732,-668.0874681821298
0,1733,-666.8265921299867
0,1734,-665.3543354872297
0,1735,-670.6028338860124
0,1736,-669.0345288919249
0,1737,-669.0948572611128
0,1738,-665.7151693132831
0,1739,-665.6181322111107
0,1740,-668.223824336805
0,1741,-672.8059234914094
0,1742,-673.0117974508958
0,1743,-667.9085227663278
0,1744,-667.4577426407125
0,1745,-673.8606217496399
0,1746,-675.0777128575421
0,1747,-675.6815694931041
0,1748,-664.5394294924706
0,1749,-665.2582073365082
0,1750,-667.6929651703172
0,1751,-669.3779153532356
0,1752,-665.2744134107598
0,1753,-663.764659166918
0,1754,-670.5815388012778
0,1755,-666.8372597415998
0,1756,-668.314751984841
0,1757,-666.5136717325654
0,1758,-667.2305640394547
0,1759,-669.881619990094
0,1760,-673.1818773799786
0,1761,-674.2561823209841
0,1762,-673.6067224470262
0,1763,-671.328960373981
0,1764,-673.9949762241567
0,1765,-675.9505327299069
0,1766,-674.189787035859
0,1767,-671.3583644632196
0,1768,-669.9430230598128
0,1769,-671.6697179118256
0,1770,-668.2213464960912
0,1771,-670.2138822174475
0,1772,-668.2277993693132
0,1773,-670.2218428589235
0,1774,-674.2902833327632
0,1775,-670.4402763057269
0,1776,-671.2126426362149
0,1777,-668.3984559701024
0,1778,-670.460712361176
0,1779,-672.9839439767217
0,1780,-672.6452455883801
0,1781,-674.9680647782781
0,1782,-673.5797365909317
0,1783,-666.8721098476462
0,1784,-666.2110278831417
0,1785,-668.1178883265113
0,1786,-668.0204712548137
0,1787,-672.683672970145
0,1788,-671.3562947575974
0,1789,-667.161259680514
0,1790,-664.751570741609
0,1791,-669.625593837351
0,1792,-668.7710637429611
0,1793,-669.8759998057438
0,1794,-668.414108061706
0,1795,-671.4948858569852
0,1796,-674.6525158402432
0,1797,-667.7949818913553
0,1798,-665.8027759653563
0,1799,-668.078866725779
0,1800,-664.2115928871528
0,1801,-668.2919765410477
0,1802,-663.9124938377927
0,1803,-669.6883736564988
0,1804,-666.6645198753037
0,1805,-662.6876429990771
0,1806,-662.7859921965138
0,1807,-667.9707223030988
0,1808,-669.958319929418
0,1809,-675.3882553918045
0,1810,-670.9986568346798
0,1811,-673.315640782842
0,1812,-674.103579570892
0,1813,-669.5633695142856
0,1814,-664.7855716835837
0,1815,-664.4599032869673
0,1816,-666.957132807878
0,1817,-665.823217138082
0,1818,-671.3228421584066
0,1819,-670.685156122047
0,1820,-664.179641157768
0,1821,-669.7515233778216
0,1822,-672.3964184530122
0,1823,-667.7996694286641
0,1824,-668.1848747368072
0,1825,-672.7005867893348
0,1826,-667.9131622076249
0,1827,-666.0873171672158
0,1828,-668.3817025633688
0,1829,-666.8856104148233
0,1830,-665.1751750567956
0,1831,-673.2543692344184
0,1832,-670.9831379781548
0,1833,-669.5641332588337
0,1834,-668.8388580530664
0,1835,-673.739530209365
0,1836,-672.3227481433502
0,1837,-671.7535144127048
0,1838,-671.576428132665
0,1839,-670.5078711933008
0,1840,-673.0567044062287
0,1841,-670.0886474408359
0,1842,-674.7990515490654
0,1843,-677.0214345866941
0,1844,-668.8858877412073
0,1845,-673.7731901408542
0,1846,-669.4128888615766
0,1847,-672.3716675600775
0,1848,-683.6980270403305
0,1849,-682.5555419148202
0,1850,-673.9289512789001
0,1851,-675.6222340683219
0,1852,-672.3699589831923
0,1853,-668.7402147452694
0,1854,-671.8775454798104
0,1855,-675.5251941555216
0,1856,-677.5520662848832
0,1857,-670.4917101371392
0,1858,-672.1432866982179
0,1859,-669.9850812719335
0,1860,-671.3709460592379
0,1861,-663.4535047655098
0,1862,-668.1905369759425
0,1863,-668.127695669198
0,1864,-674.0375622732196
0,1865,-667.0566237211656
0,1866,-669.7205628900758
0,1867,-666.7236193660771
0,1868,-679.545877422094
0,1869,-672.0254385577316
0,1870,-668.9699835763756
0,1871,-670.4481645463569
0,1872,-669.4766502663339
0,1873,-668.529433569596
0,1874,-663.5649612502226
0,1875,-664.0270473249109
0,1876,-665.8409399071377
0,1877,-666.3970403935581
0,1878,-668.3340995902857
0,1879,-671.7741485588708
0,1880,-677.7520306849133
0,1881,-668.8188627290663
0,1882,-671.4572478935404
0,1883,-674.6306274413064
0,1884,-675.3879054196012
0,1885,-675.233883026443
0,1886,-673.3251697683597
0,1887,-673.9894492333544
0,1888,-671.4634608599899
0,1889,-668.1134392483492
0,1890,-667.2476942063884
0,1891,-668.768455673888
0,1892,-666.98962212284
0,1893,-668.1118965011785
0,1894,-666.67003503152
0,1895,-669.8234815875281
0,1896,-667.674897442979
0,1897,-665.9176617821208
0,1898,-666.1954818524174
0,1899,-669.617454477683
0,1900,-670.0427179229148
0,1901,-665.0279601060759
0,1902,-668.3465257665816
0,1903,-669.0301374426518
0,1904,-666.1888108521787
0,1905,-664.353139873206
0,1906,-665.0627459968841
0,1907,-667.6414240254132
0,1908,-671.5457192641185
0,1909,-670.3441787563272
0,1910,-667.4437907738898
0,1911,-669.0582498972716
0,1912,-671.7476805361814
0,1913,-666.0943662559927
0,1914,-671.0421882229111
0,1915,-675.0166135760209
0,1916,-671.2881404722395
0,1917,-679.0458847371009
0,1918,-680.4310095999608
0,1919,-678.8766078949517
0,1920,-678.60733511977
0,1921,-674.786830722217
0,1922,-674.1212680357702
0,1923,-665.625113488174
0,1924,-665.1950940074657
0,1925,-667.9898375442729
0,1926,-668.6787031494547
0,1927,-669.7713328400774
0,1928,-667.3725558755646
0,1929,-667.856552058231
0,1930,-669.8184119052493
0,1931,-678.6490188177987
0,1932,-677.51304425635
0,1933,-672.8317213678203
0,1934,-663.7395410067016
0,1935,-660.6619901176512
0,1936,-664.6069924476395
0,1937,-666.6953474201545
0,1938,-665.7424090793488
0,1939,-665.388112205422
0,1940,-669.1327583694591
0,1941,-669.9032631689364
0,1942,-674.5776158350096
0,1943,-672.0911475257143
0,1944,-663.8562797416274
0,1945,-669.7343626413001
0,1946,-665.1905487027614
0,1947,-671.5176827944766
0,1948,-669.0034126498405
0,1949,-665.0760263789568
0,1950,-665.1445091919932
0,1951,-669.6616687599578
0,1952,-663.4582613120515
0,1953,-663.526458005102
0,1954,-667.533798002478
0,1955,-672.5922477366045
0,1956,-670.6448153408403
0,1957,-672.9006309449564
0,1958,-668.6164023224877
0,1959,-666.0438088693328
0,1960,-673.2019445144392
0,1961,-673.1075726335833
0,1962,-668.5909809751257
0,1963,-670.7966244808805
0,1964,-672.6007090663151
0,1965,-669.649277209714
0,1966,-668.4848300641306
0,1967,-668.8033588387128
0,1968,-673.9305345599822
0,1969,-666.0641257587052
0,1970,-665.7765044475908
0,1971,-664.8614501723212
0,1972,-667.6632599048783
0,1973,-664.9089620089521
0,1974,-666.6913424646708
0,1975,-666.9537889131368
0,1976,-666.6075251119594
0,1977,-668.3814821032722
0,1978,-665.4835263040922
0,1979,-669.3632601468094
0,1980,-666.8650129254391
0,1981,-671.9915636871567
0,1982,-672.4637610695003
0,1983,-672.6435862133193
0,1984,-667.5329022616793
0,1985,-670.5143474778279
0,1986,-670.3703049258883
0,1987,-674.5465142016976
0,1988,-673.1171541192992
0,1989,-672.7272437930928
0,1990,-668.349184975458
0,1991,-669.0969918117221
0,1992,-668.5701172894337
0,1993,-665.8665880322689
0,1994,-663.3798647916766
0,1995,-670.4487237774856
0,1996,-668.907874535138
0,1997,-667.2755415870323
0,1998,-665.3359491220907
0,1999,-669.1124758960826
1,0,-673.562642507331
1,1,-667.0932931294517
1,2,-675.34357651465
1,3,-667.0200015852047
1,4,-662.9949966537116
1,5,-668.0564414714462
1,6,-669.5348742829186
1,7,-672.0562307786932
1,8,-671.1907579159094
1,9,-667.0524341359502
1,10,-667.098795992048
1,11,-666.1094760509393
1,12,-670.238255577769
1,13,-673.9084860874398
1,14,-676.0819245260874
1,15,-671.4995965668795
1,16,-672.849957358653
1,17,-669.8292874333612
1,18,-676.0147259072397
1,19,-675.5294946378374
1,20,-673.4234450454272
1,21,-672.9885976513737
1,22,-664.9578360465276
1,23,-667.4410396635518
1,24,-666.939420167678
1,25,-671.3435613218755
1,26,-674.6863776187564
1,27,-670.2709002426328
1,28,-672.8191445768763
1,29,-673.3973549629386
1,30,-681.2449519518482
1,31,-676.0994013312197
1,32,-675.9580963971782
1,33,-675.4755973262252
1,34,-674.2960723027041
1,35,-674.6291578639649
1,36,-670.1900256987437
1,37,-670.059660338412
1,38,-668.1929347141612
1,39,-670.7462514864632
1,40,-673.3367694487557
1,41,-676.2279073250629
1,42,-672.2854514381586
1,43,-671.1187333243507
1,44,-670.3935102377798
1,45,-666.3360361345501
1,46,-673.6188413497332
1,47,-668.2683803201869
1,48,-667.0991106389383
1,49,-665.2922017871756
1,50,-673.110448278515
1,51,-667.857967108156
1,52,-672.5683048227846
1,53,-670.8628107006517
1,54,-667.7652595506684
1,55,-666.0492280208947
1,56,-663.3628450171557
1,57,-665.8108034933593
1,58,-662.3421170585501
1,59,-671.2052006130498
1,60,-666.5596182383414
1,61,-670.0773061935108
1,62,-671.3189389541154
1,63,-671.9366595714849
1,64,-668.2121121728253
1,65,-668.4213493607737
1,66,-671.8642221359314
1,67,-668.1777813275459
1,68,-668.3352242009624
1,69,-672.7436478788395
1,70,-670.1257970415468
1,71,-672.8971758584781
1,72,-672.3896095665621
1,73,-678.3175817327791
1,74,-673.7388968762676
1,75,-674.2928257930828
1,76,-675.6713754194767
1,77,-669.4677116572615
1,78,-670.5414022201252
1,79,-666.8090460293859
1,80,-667.2009326918724
1,81,-670.1107682861925
1,82,-673.2330801721471
1,83,-676.4301870460228
1,84,-672.1850711009677
1,85,-670.55613692693
1,86,-671.7244637486215
1,87,-668.6816389051669
1,88,-662.4516338918729
1,89,-664.5437905877861
1,90,-674.225555064144
1,91,-663.9461540874678
1,92,-666.8628468141162
1,93,-664.7315977574455
1,94,-665.5837949046057
1,95,-665.3911905364636
1,96,-665.6914951185945
1,97,-663.5536195262805
1,98,-667.5625833739399
1,99,-675.8917630109951
1,100,-667.7819059600943
1,101,-677.1109803325355
1,102,-670.8567419250403
1,103,-671.8653080807874
1,104,-665.8144301046543
1,105,-667.948307046514
1,106,-666.3852614618729
1,107,-663.5491051131459
1,108,-668.6998033635331
1,109,-671.9140244043208
1,110,-672.1328387838704
1,111,-668.7324071358189
1,112,-665.6844038292659
1,113,-665.1264083960124
1,114,-677.0072259081411
1,115,-675.8283313513721
1,116,-678.1631532378454
1,117,-677.9084634786301
1,118,-670.1844099572991
1,119,-671.6392541174729
1,120,-669.3819499343381
1,121,-666.2458210768507
1,122,-670.4226453074715
1,123,-662.7839274789762
1,124,-671.9261353222541
1,125,-665.0546507391463
1,126,-663.5438572490806
1,127,-665.0245640172471
1,128,-667.2466474614333
1,129,-665.4501102904455
1,130,-667.6959763502921
1,131,-668.2103391491975
1,132,-675.9566795440145
1,133,-680.8644776103438
1,134,-681.0199642488
1,135,-679.2467602648265
1,136,-672.3916035641255
1,137,-669.9015476019298
1,138,-670.4929738996524
1,139,-672.1054763616528
1,140,-669.1289692856178
1,141,-667.4650247701352
1,142,-665.0811007548363
1,143,-673.3253137614463
1,144,-672.071010013896
1,145,-671.198091008775
1,146,-663.1688264817358
1,147,-666.051798602955
1,148,-669.6896175504497
1,149,-674.167128025136
1,150,-665.6179709939803
1,151,-660.4909214685338
1,152,-660.8535405776403
1,153,-667.4204641139893
1,154,-670.9454388270033
1,155,-670.3032475896562
1,156,-676.4222405593832
1,157,-669.1477094362987
1,158,-666.0451090082471
1,159,-666.5873445908086
1,160,-668.8901000185355
1,161,-674.3838224997079
1,162,-672.3372872912264
1,163,-672.1188813414576
1,164,-671.5289204054122
1,165,-667.4040599324788
1,166,-661.8052876110787
1,167,-667.1871290515936
1,168,-675.295504719526
1,169,-669.2399386519317
1,170,-668.4903386666538
1,171,-674.363695566523
1,172,-671.4601862407492
1,173,-672.6775406347982
1,174,-675.4693209083763
1,175,-667.1607924922944
1,176,-667.5107543551107
1,177,-675.6531416513266
1,178,-671.8268804235614
1,179,-670.9191725105098
1,180,-667.5502147059948
1,181,-669.874757077294
1,182,-669.9492994882704
1,183,-671.3904415977619
1,184,-665.6046449932217
1,185,-667.5745064291489
1,186,-675.9495588778854
1,187,-677.3341388263665
1,188,-673.5334676633144
1,189,-674.2592798452931
1,190,-673.1179780934914
1,191,-668.0210354760446
1,192,-669.2636782533921
1,193,-666.8447989710196
1,194,-670.0276174328502
1,195,-670.0451557348961
1,196,-664.1579129516454
1,197,-663.4622035574295
1,198,-664.889845442552
1,199,-667.9521448609937
1,200,-662.3554261564328
1,201,-666.6247836346589
1,202,-663.2352972452632
1,203,-673.5503264128353
1,204,-680.5999820512311
1,205,-672.9962197402763
1,206,-661.1659542173874
1,207,-661.2159041927868
1,208,-662.0723446496395
1,209,-669.7193300590211
1,210,-672.85338973917
1,211,-667.493888318015
1,212,-668.4894362560657
1,213,-665.1792309225356
1,214,-665.6788275161225
1,215,-664.0107905892007
1,216,-666.8107017368987
1,217,-667.4194325365055
1,218,-670.1904048999118
1,219,-669.261992543026
1,220,-667.4384474309085
1,221,-670.8161172605062
1,222,-673.5380441206974
1,223,-673.3590235961806
1,224,-669.7351011444861
1,225,-669.8281502306587
1,226,-667.5189761101228
1,227,-670.4336679231776
1,228,-669.5458125537265
1,229,-666.5857093049938
1,230,-671.9354571380007
1,231,-668.4289122866873
1,232,-669.5004167805341
1,233,-669.1813054970444
1,234,-668.371227063339
1,235,-670.1748846334968
1,236,-668.6602604687713
1,237,-665.2842943415422
1,238,-671.6744933585364
1,239,-665.2830140679114
1,240,-670.6601280768818
1,241,-670.2070082769023
1,242,-668.4307018059826
1,243,-670.2047603363781
1,244,-672.0284015345009
1,245,-672.3857756297567
1,246,-673.470102716157
1,247,-674.2650676886916
1,248,-665.3772620718718
1,249,-668.0109740451206
1,250,-667.0245268684812
1,251,-668.92839224785
1,252,-671.9253583151271
1,253,-672.7425438596661
1,254,-667.9742078530383
1,255,-672.9293141685808
1,256,-665.925580293265
1,257,-663.8841705458875
1,258,-666.1141368032369
1,259,-662.9064264427138
1,260,-661.3383074474278
1,261,-665.0905141711822
1,262,-667.6701681736182
1,263,-664.6606633874693
1,264,-664.6348870400445
1,265,-662.7968965111775
1,266,-669.3759264083494
1,267,-670.8734251336286
1,268,-674.3792397449613
1,269,-669.5587199050389
1,270,-668.6976655724527
1,271,-671.8315470978364
1,272,-664.7232008014754
1,273,-667.0515680436539
1,274,-672.8514002454971
1,275,-670.2172820442098
1,276,-669.9447234958544
1,277,-676.4912839589249
1,278,-677.6083469278744
1,279,-666.2485862970902
1,280,-667.7154632529229
1,281,-665.9285271363841
1,282,-665.9958280983428
1,283,-666.6243499990165
1,284,-665.9285866040462
1,285,-666.1897193597542
1,286,-664.2195152381358
1,287,-669.1524131503028
1,288,-661.5055641458073
1,289,-663.1657617910696
1,290,-667.3641780796853
1,291,-674.3572899159768
1,292,-670.1508207107581
1,293,-671.3721728958382
1,294,-667.865087089909
1,295,-665.718184188621
1,296,-666.1264035821179
1,297,-666.3919613781969
1,298,-668.4724840455962
1,299,-666.5791346018468
1,300,-674.8284019352802
1,301,-671.3787243819455
1,302,-669.7559914867727
1,303,-674.4410419887415
1,304,-674.8448973790175
1,305,-672.7459735986391
1,306,-678.8677887234741
1,307,-674.3671665946488
1,308,-670.4001332949341
1,309,-670.1980558367454
1,310,-664.122822340547
1,311,-667.2361180744947
1,312,-668.6126654721872
1,313,-670.005926231126
1,314,-676.0006588103904
1,315,-677.6300684635985
1,316,-668.939114362174
1,317,-669.787959256564
1,318,-672.6510628862293
1,319,-673.3276439033297
1,320,-672.6337090630626
1,321,-675.0058246260309
1,322,-676.6429783550835
1,323,-671.2854131440079
1,324,-671.71015219203
1,325,-673.441290278714
1,326,-677.1976157980413
1,327,-674.01048936412
1,328,-675.6683010011016
1,329,-684.0778110850083
1,330,-688.798939129434
1,331,-664.8981352530686
1,332,-662.9304472931224
1,333,-664.3736101599616
1,334,-671.6977496148529
1,335,-667.2175457313198
1,336,-665.5052161338917
1,337,-665.7104851549212
1,338,-665.1228434174883
1,339,-670.3162005686028
1,340,-668.3383152756251
1,341,-673.5878051104048
1,342,-673.191560569107
1,343,-670.9267961368463
1,344,-676.0659241477687
1,345,-668.9077661316232
1,346,-680.8861209270757
1,347,-677.0147567395927
1,348,-675.0176915463155
1,349,-672.9928562872262
1,350,-672.555611946814
1,351,-674.0693318168525
1,352,-673.657668927546
1,353,-672.3339336767444
1,354,-673.3031815901504
1,355,-666.1353544504434
1,356,-665.3538292229682
1,357,-666.6616999177188
1,358,-666.8782672561683
1,359,-667.9431944158347
1,360,-671.8415474035493
1,361,-667.779357338454
1,362,-675.4909610974203
1,363,-674.452409631573
1,364,-667.4296694975941
1,365,-665.5240163246402
1,366,-669.3846654707064
1,367,-671.6142313860539
1,368,-668.7504706337255
1,369,-670.0360951805131
1,370,-669.9071794467549
1,371,-665.024728709826
1,372,-670.6254790119582
1,373,-670.8055496563568
1,374,-669.3039161069958
1,375,-667.5489758608558
1,376,-665.7182367390254
1,377,-671.6619599564499
1,378,-670.1886907653097
1,379,-667.1583538512358
1,380,-667.0396637405731
1,381,-665.1370036358705
1,382,-662.6187903180804
1,383,-664.6312118015608
1,384,-664.6477047823249
1,385,-663.9717867403189
1,386,-673.7666542872381
1,387,-670.0169678215781
1,388,-665.9452570382243
1,389,-665.8255615235921
1,390,-670.3648653928387
1,391,-669.5926780644579
1,392,-666.8242207214507
1,393,-666.365536718556
1,394,-669.619209093834
1,395,-672.7722780945641
1,396,-667.340502983081
1,397,-668.0278708300052
1,398,-664.2577234169431
1,399,-665.083578851746
1,400,-663.507937189055
1,401,-665.7134417427587
1,402,-669.7860697005239
1,403,-675.3105380068857
1,404,-680.7239595455525
1,405,-680.8386134146955
1,406,-678.659516285087
1,407,-670.1030257710461
1,408,-661.7155105555303
1,409,-666.7282939585612
1,410,-669.7162307909956
1,411,-673.5203870920395
1,412,-672.8523824741488
1,413,-672.871824080344
1,414,-670.4407261386788
1,415,-680.8022722338762
1,416,-676.5454227120356
1,417,-674.8347114217657
1,418,-676.9378835775525
1,419,-669.1859925630721
1,420,-670.5692175698462
1,421,-673.7700496982386
1,422,-674.5043326989849
1,423,-670.7262431200738
1,424,-666.3217435794975
1,425,-665.7247320300174
1,426,-669.1195444266721
1,427,-669.9134265510326
1,428,-671.6031518614875
1,429,-670.8847890062702
1,430,-670.2697427633984
1,431,-672.1351620193003
1,432,-667.4230108501891
1,433,-668.3759426860929
1,434,-669.0033214134685
1,435,-667.490278284426
1,436,-667.8863149984952
1,437,-668.2149577961013
1,438,-664.5923759124576
1,439,-671.3509420282826
1,440,-664.2240680477122
1,441,-665.0384550280671
1,442,-668.968055533371
1,443,-670.995105803146
1,444,-671.7329766378413
1,445,-673.5313750361432
1,446,-669.3236000272806
1,447,-668.6242491607785
1,448,-670.7255275917641
1,449,-666.86284232271
1,450,-663.2533188105701
1,451,-661.9545914592038
1,452,-668.7693533311742
1,453,-669.1928181447824
1,454,-668.4482855520786
1,455,-670.3020104913006
1,456,-667.9486461274579
1,457,-666.9718698333984
1,458,-674.8874883611223
1,459,-670.376864611151
1,460,-667.6575168632845
1,461,-664.5978815533971
1,462,-665.5355571279791
1,463,-668.8568353626664
1,464,-669.8274072863825
1,465,-669.7630501212828
1,466,-671.6254553056871
1,467,-670.3986996101518
1,468,-675.8795166575679
1,469,-668.7911043196953
1,470,-673.3689922297434
1,471,-674.1038956125448
1,472,-670.8901954889444
1,473,-662.288925731133
1,474,-664.4118568461535
1,475,-666.8983025633181
1,476,-665.8852315988187
1,477,-664.7922361327845
1,478,-664.1428264412748
1,479,-665.7687554713831
1,480,-666.548735531583
1,481,-667.6336649930923
1,482,-666.6178825459572
1,483,-666.5027494027296
1,484,-668.0901009861975
1,485,-666.9765589407712
1,486,-665.5027590861763
1,487,-664.9702422797361
1,488,-666.4424592499321
1,489,-666.129198213785
1,490,-665.8466570001293
1,491,-667.0552605152474
1,492,-666.8090688500731
1,493,-670.7070005504701
1,494,-665.1883502908497
1,495,-668.5781936978979
1,496,-667.5236501187736
1,497,-668.2193304334168
1,498,-667.8744651390671
1,499,-664.0394221449322
1,500,-670.3771769298437
1,501,-667.7162573567159
1,502,-665.1026322627607
1,503,-665.9389556961529
1,504,-664.4060388479509
1,505,-666.13663548521
1,506,-667.9733641731302
1,507,-661.1925431616908
1,508,-666.0751128125944
1,509,-663.8298548010126
1,510,-661.9451180325246
1,511,-664.3672385523254
1,512,-664.3160246717335
1,513,-673.7224128104094
1,514,-667.2677992750914
1,515,-674.079674735922
1,516,-669.6275506206617
1,517,-666.4733405969588
1,518,-667.860071175723
1,519,-668.3112414823433
1,520,-669.7680796606232
1,521,-668.429187030821
1,522,-663.2059788204066
1,523,-673.3384977905685
1,524,-678.2903942373899
1,525,-675.5994255191006
1,526,-668.9480089054986
1,527,-671.8673934846935
1,528,-671.3295506520723
1,529,-671.4304468786542
1,530,-666.7391982801159
1,531,-667.8224367324055
1,532,-668.0889157193449
1,533,-669.4232039894919
1,534,-675.7422478418899
1,535,-668.8174715253476
1,536,-663.7680990577301
1,537,-669.3473989315073
1,538,-665.9436189946226
1,539,-672.6805666663196
1,540,-671.2804319947663
1,541,-669.8134118521299
1,542,-667.2283636146173
1,543,-665.3438316868051
1,544,-663.9304895640419
1,545,-672.210956468018
1,546,-670.7057348686459
1,547,-672.0990027862124
1,548,-671.9563190981645
1,549,-673.2812072586812
1,550,-678.5959596199568
1,551,-670.9859386705957
1,552,-669.5631083523302
1,553,-667.9563543523574
1,554,-664.2091521265875
1,555,-662.3673316602241
1,556,-668.9447371445568
1,557,-666.6390502707458
1,558,-664.1963222161088
1,559,-669.9055000874868
1,560,-666.442388083376
1,561,-669.9723080614739
1,562,-669.4135805514073
1,563,-673.2482381383217
1,564,-667.6949270110931
1,565,-665.0731839145353
1,566,-666.0445750653747
1,567,-668.2744804599929
1,568,-662.6552786691085
1,569,-672.296692787941
1,570,-673.8068962640181
1,571,-672.9760514360256
1,572,-669.4872627661001
1,573,-672.4317722149813
1,574,-672.8669436762697
1,575,-669.8514367870046
1,576,-667.2932240464322
1,577,-672.0935545737641
1,578,-668.0799832881198
1,579,-674.7991440181164
1,580,-673.4705300780432
1,581,-676.7259541207725
1,582,-672.7923175356185
1,583,-662.8222608676814
1,584,-670.5167470885252
1,585,-682.4469147657945
1,586,-673.8462934916631
1,587,-677.5239102628549
1,588,-677.4291177334227
1,589,-677.8079454541477
1,590,-673.8313968075068
1,591,-675.8998473678425
1,592,-678.3186200046928
1,593,-672.0282697835223
1,594,-674.445271961148
1,595,-671.2424852861803
1,596,-677.424815529412
1,597,-671.3200227266752
1,598,-679.1334905430613
1,599,-670.195236852476
1,600,-668.0109656851719
1,601,-677.4135703162797
1,602,-676.1600962960335
1,603,-664.4042736869974
1,604,-668.3292745379066
1,605,-669.1808715962245
1,606,-666.8166831814422
1,607,-668.4520951676559
1,608,-663.0370165518609
1,609,-662.483019747992
1,610,-669.8694935474266
1,611,-666.7916960405107
1,612,-667.9093216139946
1,613,-666.9493063660288
1,614,-662.7800860990952
1,615,-660.671755773306
1,616,-663.5452605497354
1,617,-666.8454349581714
1,618,-663.723471191199
1,619,-666.5212320825848
1,620,-662.113234847122
1,621,-669.1094461885341
1,622,-670.9064298214139
1,623,-672.6494848932069
1,624,-673.4404952217689
1,625,-665.8969984779352
1,626,-666.8202560670253
1,627,-675.6068737326216
1,628,-669.5179122329145
1,629,-673.8912306674324
1,630,-671.4923647982753
1,631,-668.3227868365528
1,632,-665.0022887846724
1,633,-666.274457954747
1,634,-666.2648639593168
1,635,-670.9641357825241
1,636,-673.8604523891383
1,637,-666.310307326482
1,638,-673.5107936089341
1,639,-670.3286717248479
1,640,-672.2502982122514
1,641,-667.8566584972122
1,642,-672.758818217164
1,643,-676.660811729318
1,644,-673.3977508975486
1,645,-674.0830305298348
1,646,-673.2712860690993
1,647,-667.9820349971031
1,648,-667.3806782737508
1,649,-678.4244171898848
1,650,-678.4026034805746
1,651,-677.0058301941737
1,652,-670.6461037917664
1,653,-668.3937852981235
1,654,-668.5744416996615
1,655,-675.4364161283928
1,656,-674.4857205248671
1,657,-670.663598008404
1,658,-665.5792584278397
1,659,-667.5643257173397
1,660,-665.4313183557113
1,661,-663.6778969752073
1,662,-669.8534709275345
1,663,-669.397957847
1,664,-671.034119898197
1,665,-677.5624309226562
1,666,-678.7494163927746
1,667,-675.989771529611
1,668,-676.4007592819908
1,669,-680.6350460894579
1,670,-673.9950447724977
1,671,-668.3738571962548
1,672,-672.7879078063318
1,673,-665.6927129863689
1,674,-665.7273840567103
1,675,-665.2954581743835
1,676,-667.5461795091392
1,677,-667.3476182575955
1,678,-670.3595132531352
1,679,-675.0656829626641
1,680,-668.375723836904
1,681,-664.5838374874862
1,682,-666.2570006532085
1,683,-667.7643774704608
1,684,-666.3307737297284
1,685,-671.9579977894286
1,686,-669.3410571153969
1,687,-686.6970495490964
1,688,-669.3532974308496
1,689,-662.9655729671227
1,690,-665.2847537909687
1,691,-669.450154831561
1,692,-670.9800552050198
1,693,-670.8595612238055
1,694,-674.0458181320663
1,695,-670.9664937101928
1,696,-669.7293152315859
1,697,-667.9316551699384
1,698,-670.6928576508385
1,699,-669.586502090874
1,700,-671.905432016185
1,701,-669.4588704310794
1,702,-672.0058347420098
1,703,-674.646393375931
1,704,-669.6144178892506
1,705,-671.1659461092692
1,706,-668.0867192687865
1,707,-667.0762527028602
1,708,-666.2486679767401
1,709,-665.8732951984813
1,710,-670.2193237195387
1,711,-667.3830384768668
1,712,-666.3556886660621
1,713,-673.9078348927328
1,714,-667.5703493674952
1,715,-672.0173677737577
1,716,-672.6441360913659
1,717,-667.1603539883384
1,718,-673.0724800275357
1,719,-669.204965803326
1,720,-672.4429361199805
1,721,-680.5588092160305
1,722,-673.9287914032462
1,723,-672.6461610691039
1,724,-673.3667888506616
1,725,-669.9982096903682
1,726,-673.7174546169302
1,727,-666.6242579899418
1,728,-666.0908171151912
1,729,-665.2716788119208
1,730,-664.6011695576079
1,731,-669.6897010344646
1,732,-674.8796183568132
1,733,-675.4101810868336
1,734,-672.9653364116115
1,735,-667.5152579325107
1,736,-670.4614527485552
1,737,-675.0992564837776
1,738,-673.2987114717212
1,739,-671.4970450712042
1,740,-666.6133952759021
1,741,-671.3598312583398
1,742,-680.2276074181791
1,743,-683.8043021659341
1,744,-673.3058106958055
1,745,-677.7341949935138
1,746,-668.9658191178567
1,747,-670.902642276488
1,748,-674.0955696759088
1,749,-667.0567652989342
1,750,-669.9298720710422
1,751,-676.4617689703417
1,752,-675.6215350583377
1,753,-670.2985403005698
1,754,-679.4252426672917
1,755,-677.8609520779338
1,756,-674.526016309797
1,757,-671.1798449902714
1,758,-672.26438003362
1,759,-665.1473552062695
1,760,-669.3561240413633
1,761,-668.3221463320457
1,762,-667.3280516778341
1,763,-671.8390613815513
1,764,-664.3658874706146
1,765,-666.6296783016921
1,766,-671.4069671591445
1,767,-663.4982692050795
1,768,-673.694897145948
1,769,-668.9828273669025
1,770,-675.2344826085737
1,771,-671.589791729054
1,772,-667.1236982177788
1,773,-667.6520834676205
1,774,-667.4544838396522
1,775,-671.7602080104281
1,776,-673.2772384896984
1,777,-670.0328034169953
1,778,-668.9736262544697
1,779,-665.0311441767532
1,780,-669.384989869436
1,781,-667.0345078883602
1,782,-664.9260128481694
1,783,-671.6692073908439
1,784,-663.9157616552004
1,785,-669.019135062764
1,786,-666.9428569300676
1,787,-663.467984336859
1,788,-669.256046995244
1,789,-672.6848907434405
1,790,-675.5450059638237
1,791,-676.2607904196991
1,792,-669.5285610066578
1,793,-678.5860867915125
1,794,-669.1453492040756
1,795,-666.7610583440502
1,796,-670.6501302498224
1,797,-670.5133067339342
1,798,-674.3970002244969
1,799,-673.6459437269127
1,800,-667.3871882811677
1,801,-666.834949602389
1,802,-671.2194419179532
1,803,-666.665593779336
1,804,-661.6542344888751
1,805,-669.103887041804
1,806,-675.81875578236
1,807,-669.991897971853
1,808,-669.0933997335546
1,809,-668.2118418568699
1,810,-664.986057988807
1,811,-669.007954546068
1,812,-671.3984949129692
1,813,-668.5416832148155
1,814,-669.600912088739
1,815,-673.448430298432
1,816,-672.091092551624
1,817,-669.1221412963466
1,818,-665.9710908153012
1,819,-663.3997083583206
1,820,-663.1603649690842
1,821,-667.1669896804535
1,822,-663.7279743320404
1,823,-670.8908766416483
1,824,-667.4567548582961
1,825,-667.9079353069144
1,826,-671.873983004036
1,827,-666.4257435579037
1,828,-666.7414083382656
1,829,-667.1477629149845
1,830,-670.1809029806367
1,831,-668.1544907426363
1,832,-661.58502643806
1,833,-661.8020595888387
1,834,-666.2147737760778
1,835,-671.4428745128481
1,836,-669.2022214561872
1,837,-671.5944979483282
1,838,-679.8680625770817
1,839,-670.3696421679031
1,840,-663.3177794885457
1,841,-663.5088374920036
1,842,-663.1117976429368
1,843,-663.3130092655249
1,844,-664.6189103961958
1,845,-671.7611496043326
1,846,-666.6470068147693
1,847,-666.320067465815
1,848,-668.1783977877071
1,849,-663.9817663852734
1,850,-668.6805767485838
1,851,-661.0779204868803
1,852,-663.489747210123
1,853,-670.2181436336132
1,854,-664.515661429982
1,855,-664.269815981079
1,856,-665.3400603868845
1,857,-669.9562272169593
1,858,-666.5706188109579
1,859,-666.8260811070354
1,860,-668.6648748569125
1,861,-668.973079059229
1,862,-665.6821278285387
1,863,-670.8060883792243
1,864,-673.110369410902
1,865,-673.4123741071882
1,866,-673.3891467822585
1,867,-670.9041218827954
1,868,-673.0061232685626
1,869,-673.666426579292
1,870,-673.5173982685982
1,871,-668.3801221037355
1,872,-669.7359932897397
1,873,-667.2951833251386
1,874,-672.1069777950926
1,875,-668.1247673669145
1,876,-668.679279449429
1,877,-671.4692356317446
1,878,-675.5998323449194
1,879,-673.8202832831485
1,880,-668.932150614878
1,881,-673.7787319212857
1,882,-674.7505266699634
1,883,-674.9199573851162
1,884,-666.5740105493261
1,885,-664.9599716665786
1,886,-666.6074340400083
1,887,-666.9648939809056
1,888,-665.0241288858202
1,889,-668.8545179653958
1,890,-666.1164876505999
1,891,-667.4925101012635
1,892,-667.8857413320957
1,893,-663.2966257668463
1,894,-662.9437659118814
1,895,-663.8983426433274
1,896,-670.8959481038835
1,897,-667.7626980804366
1,898,-664.5054030780507
1,899,-665.9000588690394
1,900,-668.077873397327
1,901,-666.2367822090634
1,902,-663.5564457376004
1,903,-664.4062505865738
1,904,-672.7042490929288
1,905,-666.7099918335688
1,906,-663.9297403567306
1,907,-664.3170524425738
1,908,-672.4636412583134
1,909,-662.6519561017269
1,910,-669.9919687125221
1,911,-670.2978911260935
1,912,-672.2218155543711
1,913,-670.0764324435013
1,914,-674.4863191761989
1,915,-669.3449913193041
1,916,-668.1256270310108
1,917,-672.8454497100374
1,918,-669.2781174644581
1,919,-672.6949292168098
1,920,-675.0615297542842
1,921,-666.3784631151033
1,922,-673.9974435497547
1,923,-673.0596188013996
1,924,-663.897228819222
1,925,-663.0617090368335
1,926,-669.9890558705646
1,927,-671.0637547828891
1,928,-663.9048853147619
1,929,-670.0616101600405
1,930,-673.1945352568977
1,931,-669.5654944505834
1,932,-671.4981518967112
1,933,-670.9040371234631
1,934,-664.908469234794
1,935,-665.3981604307504
1,936,-668.036292642451
1,937,-666.0921908654145
1,938,-665.8616836723876
1,939,-670.140628460384
1,940,-671.5611077289225
1,941,-664.5294422579111
1,942,-671.7788267720915
1,943,-665.8930481699405
1,944,-668.4914658580738
1,945,-674.8472150004259
1,946,-674.0305463865601
1,947,-670.4204139229627
1,948,-673.386059188184
1,949,-674.6576555373153
1,950,-674.2024616441781
1,951,-674.9225595849849
1,952,-672.8644002578394
1,953,-666.3092396627773
1,954,-667.6539854551838
1,955,-671.1080053101218
1,956,-672.2706173973859
1,957,-672.4540891261153
1,958,-675.3772902869673
1,959,-673.080867118676
1,960,-674.4636181058789
1,961,-673.8698717486934
1,962,-672.445979894335
1,963,-672.4169263004638
1,964,-672.8145651965342
1,965,-674.0663161908988
1,966,-671.8696866065218
1,967,-667.5795491620072
1,968,-663.6292842604498
1,969,-667.8441912000337
1,970,-669.206785653491
1,971,-668.1760394471556
1,972,-674.4387642473908
1,973,-667.5533742472975
1,974,-669.3069742454534
1,975,-667.4153328856246
1,976,-670.5401111191755
1,977,-666.3995651400288
1,978,-666.2020186717252
1,979,-670.4199379156661
1,980,-671.8249678796627
1,981,-669.5919373284668
1,982,-668.1024647382625
1,983,-663.4848809237311
1,984,-669.4687130148068
1,985,-673.74848526742
1,986,-669.8000934647167
1,987,-667.7667969730068
1,988,-667.5128992941862
1,989,-668.092336416116
1,990,-667.0102775361565
1,991,-667.4949628122675
1,992,-674.3055985020411
1,993,-676.8212651767217
1,994,-668.0438258068136
1,995,-669.3132793667136
1,996,-670.7390479079954
1,997,-666.6395503937316
1,998,-672.8089245105224
1,999,-673.1001678552464
1,1000,-671.791978832501
1,1001,-669.2843617581423
1,1002,-663.9510863954963
1,1003,-660.7099643085372
1,1004,-661.7071150566909
1,1005,-666.1480605838083
1,1006,-669.8374864729432
1,1007,-671.6576086867776
1,1008,-665.6892426745516
1,1009,-673.9885213079891
1,1010,-672.4319477859945
1,1011,-668.1580405963423
1,1012,-672.2649968340847
1,1013,-670.8403218418343
1,1014,-672.5480830602895
1,1015,-670.60616808086
1,1016,-662.7086846718179
1,1017,-665.785870544617
1,1018,-672.4164688898517
1,1019,-678.2361056083585
1,1020,-675.7466972788882
1,1021,-675.7710106934082
1,1022,-671.0907075455348
1,1023,-666.3032801786692
1,1024,-668.936956590707
1,1025,-671.3110685151048
1,1026,-672.6120646852054
1,1027,-666.7986445423704
1,1028,-667.7025936361142
1,1029,-663.9622802025975
1,1030,-664.1198619898541
1,1031,-666.8203303181426
1,1032,-664.816318921752
1,1033,-663.6187439896265
1,1034,-672.6421924625012
1,1035,-669.910924579805
1,1036,-667.1418666352774
1,1037,-662.5113604584784
1,1038,-667.0367144613161
1,1039,-665.7258498115161
1,1040,-670.3395708886117
1,1041,-671.6459380772726
1,1042,-668.9050331943893
1,1043,-671.491926465187
1,1044,-664.2954013024203
1,1045,-665.2029960899511
1,1046,-662.8615041569172
1,1047,-663.5959508488518
1,1048,-664.6348068708522
1,1049,-672.3986026611742
1,1050,-673.207221606825
1,1051,-668.2290526544491
1,1052,-661.1551638913062
1,1053,-662.2208443934612
1,1054,-664.3918331718671
1,1055,-666.5294826441032
1,1056,-668.5531282108777
1,1057,-669.7379796523265
1,1058,-668.3941315552705
1,1059,-668.4937862509029
1,1060,-664.6376323345092
1,1061,-665.2587465007845
1,1062,-672.6354200945078
1,1063,-674.0006600797552
1,1064,-669.8940043993413
1,1065,-665.035331249381
1,1066,-668.8915074469305
1,1067,-669.2804023063854
1,1068,-661.6329535469341
1,1069,-666.9503637971252
1,1070,-665.2078788949937
1,1071,-672.6077312264707
1,1072,-675.32024367471
1,1073,-674.349395505821
1,1074,-667.1759329338008
1,1075,-670.6997449713631
1,1076,-668.854561624398
1,1077,-672.8103567945918
1,1078,-671.8886254948712
1,1079,-671.1634096992298
1,1080,-669.1037819238226
1,1081,-671.0080524103229
1,1082,-665.5650129962081
1,1083,-673.492188187355
1,1084,-670.6880279096608
1,1085,-662.626268034601
1,1086,-664.1303244261776
1,1087,-667.0821394735347
1,1088,-666.161888367751
1,1089,-667.059674920698
1,1090,-674.1247025583438
1,1091,-675.7982273568315
1,1092,-673.0611824378452
1,1093,-670.2663426555293
1,1094,-666.1479145711356
1,1095,-673.9030067608417
1,1096,-676.4153619141805
1,1097,-673.94251487401
1,1098,-675.523584823353
1,1099,-669.2153009470842
1,1100,-673.1371381271741
1,1101,-669.7299274667665
1,1102,-672.5810405628822
1,1103,-676.9281940638933
1,1104,-671.7454814153881
1,1105,-672.6043927016473
1,1106,-667.8061432443699
1,1107,-674.3023664898799
1,1108,-676.2576405949159
1,1109,-675.3352098321383
1,1110,-678.7791560403498
1,1111,-674.4023013900838
1,1112,-667.308674653991
1,1113,-663.4760923509439
1,1114,-666.7988824529729
1,1115,-665.9669123981199
1,1116,-668.7528270982765
1,1117,-668.5249384060485
1,1118,-667.9652265202761
1,1119,-666.3468153346045
1,1120,-670.6396154487594
1,1121,-675.32546629543
1,1122,-669.5769807339383
1,1123,-666.1120238371942
1,1124,-675.7846248620401
1,1125,-670.3369104455945
1,1126,-669.3291314368338
1,1127,-668.5743441391618
1,1128,-666.9533522286569
1,1129,-666.6898201853583
1,1130,-664.6034012823999
1,1131,-668.3327201702061
1,1132,-668.1609310827064
1,1133,-670.2403730070243
1,1134,-673.1197072655351
1,1135,-680.2149758759896
1,1136,-667.3361376543211
1,1137,-672.7744023940018
1,1138,-668.092237601263
1,1139,-667.0172775330885
1,1140,-666.4451056161579
1,1141,-669.6513437010888
1,1142,-665.6970079866272
1,1143,-666.4223283236732
1,1144,-664.2129134528102
1,1145,-666.7430973284397
1,1146,-667.6502447443778
1,1147,-664.8848042583325
1,1148,-668.9848312884222
1,1149,-679.5174255665607
1,1150,-670.3524567113561
1,1151,-673.7828800025967
1,1152,-674.321743233416
1,1153,-675.7439686906347
1,1154,-675.5322571695241
1,1155,-672.9203059122333
1,1156,-669.9540319576952
1,1157,-672.33252985601
1,1158,-670.5878530624966
1,1159,-671.5063602529649
1,1160,-669.5719659108728
1,1161,-673.8033198722823
1,1162,-669.9426024360914
1,1163,-670.0876697175736
1,1164,-663.7093503751148
1,1165,-667.207386627393
1,1166,-664.8020292816827
1,1167,-669.424591072181
1,1168,-673.4315148487234
1,1169,-676.5554800537128
1,1170,-669.313759578953
1,1171,-671.8262672554108
1,1172,-667.4600513194138
1,1173,-667.9352651335931
1,1174,-669.9572159603259
1,1175,-670.4960669483269
1,1176,-671.2194414484328
1,1177,-674.623353654422
1,1178,-673.6487040309819
1,1179,-668.1257774020589
1,1180,-672.7806722098649
1,1181,-671.3168183739284
1,1182,-673.7131093081603
1,1183,-669.8670728195893
1,1184,-663.3005870709367
1,1185,-667.0009632824944
1,1186,-663.7330296496228
1,1187,-664.518693201774
1,1188,-663.637055771269
1,1189,-664.5877630017134
1,1190,-663.391193106829
1,1191,-666.1710355837922
1,1192,-668.7961137842019
1,1193,-667.2386208977495
1,1194,-673.1827614234862
1,1195,-667.4044968691178
1,1196,-669.9382435571559
1,1197,-667.6106159032609
1,1198,-667.7413023160512
1,1199,-667.3969214331354
1,1200,-669.993979965113
1,1201,-674.2650993706843
1,1202,-670.9561828629154
1,1203,-670.8038195865864
1,1204,-666.675279146713
1,1205,-670.6340681587192
1,1206,-671.957302207437
1,1207,-666.55644376109
1,1208,-669.0682019783886
1,1209,-668.6328044364403
1,1210,-669.1628863164543
1,1211,-670.9706320511141
1,1212,-672.288108767452
1,1213,-668.9828317450795
1,1214,-666.563199135091
1,1215,-665.8663520805272
1,1216,-665.6017063093053
1,1217,-667.9011241727352
1,1218,-661.9275894453394
1,1219,-667.6544416638453
1,1220,-664.8959896247037
1,1221,-667.6410029000793
1,1222,-663.4694079988036
1,1223,-662.7954362573795
1,1224,-664.126712091
1,1225,-663.2021695310834
1,1226,-666.1693709163574
1,1227,-665.3158275676054
1,1228,-665.9918766411619
1,1229,-673.6810012701931
1,1230,-665.4257083079802
1,1231,-662.7133288272915
1,1232,-669.2085442293323
1,1233,-666.9013544540586
1,1234,-673.5599234762213
1,1235,-666.397575398892
1,1236,-667.7176526697751
1,1237,-669.5906563741722
1,1238,-677.046284744903
1,1239,-680.5050761127006
1,1240,-676.933644196697
1,1241,-673.8975859629844
1,1242,-671.7622389231665
1,1243,-674.1978678625724
1,1244,-674.4540987935529
1,1245,-670.3360802541296
1,1246,-669.1702666094629
1,1247,-664.6898511070082
1,1248,-667.1861562370638
1,1249,-670.3105896135085
1,1250,-671.2539204930471
1,1251,-672.8060926550171
1,1252,-670.8036741362566
1,1253,-670.550733925683
1,1254,-672.5863191394056
1,1255,-669.0043765661138
1,1256,-666.8855340174687
1,1257,-667.3726540073731
1,1258,-671.6833649605992
1,1259,-673.9243953542423
1,1260,-669.1398942193782
1,1261,-662.5251550896256
1,1262,-662.3825882599698
1,1263,-666.0895875029225
1,1264,-665.8821263652401
1,1265,-669.2444860712909
1,1266,-664.7108742884184
1,1267,-669.5800208505468
1,1268,-669.6640513519167
1,1269,-669.1348761773037
1,1270,-672.6557846046901
1,1271,-664.3932911739969
1,1272,-666.2560793549046
1,1273,-667.7582818176503
1,1274,-665.9857423936994
1,1275,-669.0980247789896
1,1276,-667.3926254321775
1,1277,-666.1053140083259
1,1278,-665.7284405819823
1,1279,-668.8879554586612
1,1280,-675.5952989529711
1,1281,-675.8714707424394
1,1282,-669.2832116762905
1,1283,-671.871977892024
1,1284,-670.9332074605102
1,1285,-668.9384422489964
1,1286,-668.798369451444
1,1287,-666.7204570410123
1,1288,-667.696553789621
1,1289,-663.617801465808
1,1290,-667.8537073920753
1,1291,-668.9179499932496
1,1292,-669.9402446707052
1,1293,-668.6066623153761
1,1294,-666.8213945561881
1,1295,-666.9214633405933
1,1296,-667.542725142626
1,1297,-665.8582608496653
1,1298,-666.7831444118797
1,1299,-670.411679668176
1,1300,-666.9091880468515
1,1301,-663.8888399848784
1,1302,-669.8309338824583
1,1303,-672.7689207415181
1,1304,-670.3971842224543
1,1305,-673.3749378729975
1,1306,-676.6928794449672
1,1307,-675.7952885976366
1,1308,-668.8321838129523
1,1309,-670.4868206821328
1,1310,-675.4230207369349
1,1311,-675.98992657555
1,1312,-665.863249790485
1,1313,-663.986242532587
1,1314,-662.0807721615975
1,1315,-663.7550261424244
1,1316,-664.9546561151735
1,1317,-666.8988934815563
1,1318,-668.5260010625223
1,1319,-670.8736523633789
1,1320,-671.8708359997266
1,1321,-675.931106955472
1,1322,-675.1669114928135
1,1323,-670.9561690087044
1,1324,-667.0975555436864
1,1325,-667.61194207433
1,1326,-672.3089570593224
1,1327,-672.829137173203
1,1328,-666.8025182429266
1,1329,-666.3963194925208
1,1330,-669.0705864896609
1,1331,-672.653065530364
1,1332,-667.8317836996724
1,1333,-671.5613191528367
1,1334,-681.6016592282728
1,1335,-675.1169493828992
1,1336,-677.0741534556445
1,1337,-673.3349509765536
1,1338,-673.2981826802344
1,1339,-671.2169704954107
1,1340,-673.8100950742274
1,1341,-675.011495447807
1,1342,-673.4177218317622
1,1343,-673.7661802530529
1,1344,-668.9428663111607
1,1345,-665.2329517981469
1,1346,-660.9189674562438
1,1347,-663.1092990139264
1,1348,-664.7215062703411
1,1349,-662.9780711762626
1,1350,-665.1237373758465
1,1351,-664.9268774994815
1,1352,-663.7622886449007
1,1353,-669.0994829045924
1,1354,-672.1425865775079
1,1355,-668.1575017591001
1,1356,-664.499970141112
1,1357,-665.0140036963237
1,1358,-667.0962478981712
1,1359,-670.9256074657134
1,1360,-672.8398744691397
1,1361,-671.7900418742308
1,1362,-677.5122435867061
1,1363,-673.2896838535833
1,1364,-680.2661404222436
1,1365,-677.2600483699985
1,1366,-671.6117946899601
1,1367,-675.4568265528144
1,1368,-681.2905816816483
1,1369,-673.3881476286725
1,1370,-669.6804460017282
1,1371,-669.3012116553491
1,1372,-667.2359896430737
1,1373,-669.6484280821443
1,1374,-666.9791746121211
1,1375,-669.0427319406887
1,1376,-664.7559947090599
1,1377,-667.9596148696887
1,1378,-662.7730235985701
1,1379,-663.9434854338203
1,1380,-664.5723395195906
1,1381,-665.8150461628663
1,1382,-669.797586687725
1,1383,-671.9318226080558
1,1384,-667.821431332529
1,1385,-674.0823406309584
1,1386,-671.6121883134462
1,1387,-669.4370186612986
1,1388,-667.3324785765914
1,1389,-666.0740601461786
1,1390,-667.9487401286638
1,1391,-663.4911450056187
1,1392,-665.0590144212027
1,1393,-666.739179023174
1,1394,-675.2991459390349
1,1395,-670.0358051495994
1,1396,-669.1548779515864
1,1397,-671.4453761828076
1,1398,-668.3094221269021
1,1399,-669.5372129373748
1,1400,-667.1167068330666
1,1401,-665.8736829273162
1,1402,-664.2481155747457
1,1403,-666.9094925020966
1,1404,-669.0720662751844
1,1405,-665.6748297916738
1,1406,-668.0806769590826
1,1407,-664.9671061605889
1,1408,-661.1693251925024
1,1409,-662.5784176005026
1,1410,-674.9461952761409
1,1411,-666.954015417499
1,1412,-671.4864894932276
1,1413,-676.9535424064221
1,1414,-673.5433245320284
1,1415,-672.5956792248934
1,1416,-672.6761538913927
1,1417,-669.4282897100967
1,1418,-677.9091349874762
1,1419,-678.2367618293329
1,1420,-668.2759224984721
1,1421,-665.9605753995586
1,1422,-667.871875055347
1,1423,-665.1656536585274
1,1424,-667.8056388665028
1,1425,-665.0338654145322
1,1426,-664.3463616755331
1,1427,-666.7506797157589
1,1428,-667.9031170742869
1,1429,-671.0301450412857
1,1430,-670.5743974652675
1,1431,-665.1554181449806
1,1432,-663.1576261175758
1,1433,-665.7560291671765
1,1434,-668.5804175490983
1,1435,-666.7982391925793
1,1436,-662.7200184278829
1,1437,-660.6306023226406
1,1438,-670.5971075663078
1,1439,-666.6744053012494
1,1440,-665.2530805437383
1,1441,-670.4122301348459
1,1442,-671.7141153471149
1,1443,-671.2402603502813
1,1444,-670.242608681026
1,1445,-666.3180735568897
1,1446,-667.0426172081425
1,1447,-671.4811225139556
1,1448,-677.2848663934126
1,1449,-672.9237119320798
1,1450,-673.2715880150195
1,1451,-673.807166187782
1,1452,-669.4090572995264
1,1453,-675.0523263778496
1,1454,-669.590156547739
1,1455,-668.4105092782364
1,1456,-669.6882841203823
1,1457,-666.5235709546032
1,1458,-664.5369588627995
1,1459,-669.2889583636484
1,1460,-666.3666800255937
1,1461,-667.0913544154174
1,1462,-666.6531000972268
1,1463,-671.7000900369216
1,1464,-671.7117390144507
1,1465,-668.5411299263204
1,1466,-671.1410159136273
1,1467,-672.1413099547196
1,1468,-666.6762789130743
1,1469,-669.4167156307226
1,1470,-667.0102562163796
1,1471,-673.2023210770166
1,1472,-666.0500520371507
1,1473,-670.2262158233547
1,1474,-675.4337742125504
1,1475,-673.7303205575721
1,1476,-671.0343044228356
1,1477,-671.6840255396976
1,1478,-673.1122066525261
1,1479,-673.9299982980612
1,1480,-677.7625293758194
1,1481,-676.7393655137995
1,1482,-666.5473418502997
1,1483,-666.3522684582608
1,1484,-663.3205682173588
1,1485,-663.6892024175646
1,1486,-664.9245439321588
1,1487,-665.5614856871838
1,1488,-663.9648694155467
1,1489,-670.6360233305896
1,1490,-674.1262835991553
1,1491,-679.7677935824067
1,1492,-676.5873750947549
1,1493,-671.462238531068
1,1494,-666.6705891965873
1,1495,-671.9648622690371
1,1496,-667.7091092607689
1,1497,-666.9065982773149
1,1498,-671.344849773741
1,1499,-667.3411970990633
1,1500,-669.069739426798
1,1501,-671.4867298112775
1,1502,-665.4823348193646
1,1503,-675.4645249620702
1,1504,-671.7896644327802
1,1505,-671.6826201080883
1,1506,-673.0276971333134
1,1507,-667.3529187388648
1,1508,-667.2635051090782
1,1509,-667.8336961701455
1,1510,-667.5425379776163
1,1511,-671.7404656197103
1,1512,-671.0598428861347
1,1513,-676.1247107731039
1,1514,-668.6444509044943
1,1515,-671.5638720825195
1,1516,-669.2648476581193
1,1517,-674.0898091367841
1,1518,-671.9510788626262
1,1519,-674.2469485404584
1,1520,-669.383885329708
1,1521,-668.8345386411705
1,1522,-673.26682690778
1,1523,-666.070214427403
1,1524,-666.4903049462226
1,1525,-666.1892824886136
1,1526,-664.2920551835853
1,1527,-669.0045613824278
1,1528,-669.7943574141487
1,1529,-666.033186620798
1,1530,-664.2997855416461
1,1531,-669.5118813108749
1,1532,-669.1977494845025
1,1533,-665.5641012235795
1,1534,-662.0909302754759
1,1535,-662.1883466427374
1,1536,-667.3104582461865
1,1537,-663.800409978393
1,1538,-668.9164075834036
1,1539,-668.7990419703472
1,1540,-663.9157453981475
1,1541,-662.6125041305838
1,1542,-664.0245797606494
1,1543,-667.4294348479244
1,1544,-666.4943203123071
1,1545,-663.362174622933
1,1546,-665.4371509368234
1,1547,-675.818631984266
1,1548,-677.3585202084627
1,1549,-677.990171268823
1,1550,-679.6538876402286
1,1551,-673.7864077523435
1,1552,-667.3254876937532
1,1553,-670.2303662973669
1,1554,-675.8417845870762
1,1555,-667.9957514434674
1,1556,-669.7164263939858
1,1557,-670.9871327179222
1,1558,-666.4530610965421
1,1559,-665.4581977442151
1,1560,-664.4211013801397
1,1561,-666.1248142343669
1,1562,-670.0773102090894
1,1563,-666.4150845038897
1,1564,-666.1347275450345
1,1565,-666.7727148959907
1,1566,-670.3951581934663
1,1567,-671.9736544188212
1,1568,-666.2908164323381
1,1569,-670.9282661592863
1,1570,-662.2515221816919
1,1571,-663.8343417965506
1,1572,-664.7317657627754
1,1573,-663.0229836287026
1,1574,-672.4897823239369
1,1575,-670.254879812408
1,1576,-670.5055651457525
1,1577,-667.851058723571
1,1578,-670.5032763572314
1,1579,-669.819177527678
1,1580,-670.6279854733801
1,1581,-676.1553770021382
1,1582,-685.0483132341404
1,1583,-683.7911883452877
1,1584,-674.8205537867711
1,1585,-682.065037476948
1,1586,-674.981590391146
1,1587,-672.8634367566627
1,1588,-669.4889145979563
1,1589,-670.0440723122083
1,1590,-668.7119952880081
1,1591,-669.8475486243398
1,1592,-669.88698015686
1,1593,-672.8619231032998
1,1594,-674.3379823440205
1,1595,-669.7368054938083
1,1596,-669.452564112344
1,1597,-663.8196280231144
1,1598,-663.8861435862063
1,1599,-669.8529899447026
1,1600,-671.8469133924342
1,1601,-665.8508038500763
1,1602,-671.0417664468137
1,1603,-665.2709057223879
1,1604,-672.4715161903557
1,1605,-672.9036735220304
1,1606,-668.4037286984577
1,1607,-672.6187270841621
1,1608,-674.4242726381476
1,1609,-669.2577630091627
1,1610,-671.4047619265657
1,1611,-670.2481367064022
1,1612,-676.6337839712104
1,1613,-669.471255465575
1,1614,-664.3876082628929
1,1615,-669.3848990701906
1,1616,-665.0152860504814
1,1617,-663.6056564144272
1,1618,-669.5976688311131
1,1619,-671.623768157179
1,1620,-677.2347413604488
1,1621,-681.8289972761215
1,1622,-678.2352428182776
1,1623,-666.2179377847928
1,1624,-670.6564243768764
1,1625,-667.5376832208976
1,1626,-670.5135513289049
1,1627,-666.8776251335593
1,1628,-669.6202478202943
1,1629,-668.1434863081291
1,1630,-670.0259299573682
1,1631,-667.8899093854301
1,1632,-678.3643962504084
1,1633,-680.204902492506
1,1634,-681.5000178348936
1,1635,-674.3608901776911
1,1636,-673.199383490542
1,1637,-672.5076565982588
1,1638,-672.1970598009265
1,1639,-666.8817204874433
1,1640,-669.2813614151578
1,1641,-671.293199681056
1,1642,-675.6517088385992
1,1643,-673.2953690461724
1,1644,-667.9116951564607
1,1645,-678.3925872391657
1,1646,-671.6804305355716
1,1647,-672.9999549901314
1,1648,-672.6869419653785
1,1649,-675.4375927052528
1,1650,-678.4708917950549
1,1651,-674.8774215355443
1,1652,-666.3394885104418
1,1653,-667.5991763696434
1,1654,-668.8514335472112
1,1655,-670.2655379324735
1,1656,-673.5224937877929
1,1657,-673.3328528193948
1,1658,-674.900955814352
1,1659,-669.2041125428182
1,1660,-665.7700512603744
1,1661,-674.9811722374175
1,1662,-670.1152305628292
1,1663,-668.6881134275031
1,1664,-672.9276594636244
1,1665,-668.9101186201914
1,1666,-673.2058947935993
1,1667,-670.5388188126767
1,1668,-675.8409079207604
1,1669,-670.2237595504345
1,1670,-671.316570476424
1,1671,-669.628532954857
1,1672,-671.1481175765796
1,1673,-667.4999016769636
1,1674,-669.0006576225618
1,1675,-676.5048342032023
1,1676,-666.540917829425
1,1677,-670.9217344299968
1,1678,-666.3815662610415
1,1679,-672.9284975154535
1,1680,-675.8286403831726
1,1681,-673.8310429209829
1,1682,-667.3256776014276
1,1683,-676.6374308788155
1,1684,-673.713649359921
1,1685,-670.452946005542
1,1686,-673.3046170320954
1,1687,-677.1116977696778
1,1688,-672.151080010935
1,1689,-672.5162536203597
1,1690,-673.5899088226637
1,1691,-672.2319938298606
1,1692,-673.1596702679332
1,1693,-672.4716053599996
1,1694,-665.5697590086747
1,1695,-663.4205436198051
1,1696,-664.5864490749337
1,1697,-667.8506492898254
1,1698,-670.4779646637274
1,1699,-669.0650316118181
1,1700,-671.1481502492708
1,1701,-669.1486672298943
1,1702,-674.9554079313233
1,1703,-668.8926352177596
1,1704,-674.8475614093636
1,1705,-674.7013179860802
1,1706,-674.1943373894037
1,1707,-672.4544466282935
1,1708,-666.3645005270756
1,1709,-663.2733470208486
1,1710,-667.9954496890837
1,1711,-667.7731622366176
1,1712,-675.9094769289244
1,1713,-678.3619923502297
1,1714,-680.067417650306
1,1715,-674.170255530566
1,1716,-672.4256938279538
1,1717,-668.9407550935334
1,1718,-667.3567019058479
1,1719,-671.1257181727053
1,1720,-664.8516851222971
1,1721,-665.4860258518147
1,1722,-675.486716345762
1,1723,-671.2057042573252
1,1724,-667.6932407679957
1,1725,-668.9576088836404
1,1726,-667.110758856344
1,1727,-670.8365226503549
1,1728,-665.1891999580085
1,1729,-670.4965183280793
1,1730,-669.7574411146041
1,1731,-671.5907261844472
1,1732,-665.3611556070282
1,1733,-662.6677575873113
1,1734,-661.9283395967087
1,1735,-662.9526842696405
1,1736,-665.4791826502985
1,1737,-671.7565959872122
1,1738,-671.4432121985494
1,1739,-673.3199661128053
1,1740,-666.9340674540014
1,1741,-669.1346691838485
1,1742,-665.7100014089873
1,1743,-671.536011891795
1,1744,-665.2418201631618
1,1745,-664.4908751630263
1,1746,-666.7406120751499
1,1747,-667.7852025266633
1,1748,-671.1863717193359
1,1749,-673.1664188755612
1,1750,-667.6187951432745
1,1751,-668.6547554976128
1,1752,-668.4430932433419
1,1753,-666.5090192158982
1,1754,-671.5389687195568
1,1755,-677.3769048940221
1,1756,-677.6915768266246
1,1757,-675.7706133411959
1,1758,-669.9531386626086
1,1759,-666.4269258629218
1,1760,-669.7722239464885
1,1761,-673.2121166066029
1,1762,-679.6880807924515
1,1763,-677.1605904513483
1,1764,-675.7418855086524
1,1765,-672.6157450414797
1,1766,-671.4522845928162
1,1767,-667.6181822560296
1,1768,-667.2322167946942
1,1769,-668.5440074597396
1,1770,-664.5776824206255
1,1771,-666.7571803324296
1,1772,-671.1964531360644
1,1773,-670.252439364752
1,1774,-670.1921987454544
1,1775,-670.9528064686402
1,1776,-670.1217796774404
1,1777,-674.3763985642744
1,1778,-678.5217301980778
1,1779,-670.5576963797732
1,1780,-666.1930036818399
1,1781,-668.8963507887764
1,1782,-667.8128376432952
1,1783,-674.0324766303617
1,1784,-668.6461363361442
1,1785,-662.3959440071662
1,1786,-664.2892105643941
1,1787,-661.3719600580318
1,1788,-668.9055395710711
1,1789,-671.362794298912
1,1790,-666.5170710461213
1,1791,-673.2492476426543
1,1792,-674.0741599606798
1,1793,-672.0578093506851
1,1794,-669.6088491015073
1,1795,-672.5623588490231
1,1796,-669.7182952519796
1,1797,-671.7696886851436
1,1798,-673.0547908194474
1,1799,-669.417226222228
1,1800,-670.6096160681983
1,1801,-671.8016150284656
1,1802,-667.7884474532798
1,1803,-662.1885292521753
1,1804,-660.2025538619807
1,1805,-663.4605667047804
1,1806,-667.3557241936481
1,1807,-664.4026155438249
1,1808,-667.7122297735195
1,1809,-664.1254564597521
1,1810,-670.2532699094312
1,1811,-667.4523822151215
1,1812,-669.0855292446535
1,1813,-674.1262392784789
1,1814,-672.1330434308999
1,1815,-675.7967469176457
1,1816,-668.7580167327284
1,1817,-670.4157186442523
1,1818,-667.6335620454513
1,1819,-670.8536817597163
1,1820,-675.9206050117981
1,1821,-672.3934937408883
1,1822,-672.0183799975297
1,1823,-666.0105315734116
1,1824,-676.7988196729196
1,1825,-672.6578002540575
1,1826,-671.1792868517424
1,1827,-674.5001894958509
1,1828,-670.125854354312
1,1829,-674.8377165256436
1,1830,-677.6217250784522
1,1831,-667.7390000259138
1,1832,-665.751238218012
1,1833,-664.7493526060322
1,1834,-667.1822341854466
1,1835,-664.2605707646226
1,1836,-663.9284964834619
1,1837,-667.4328760004961
1,1838,-671.7205651145691
1,1839,-677.7227142334751
1,1840,-672.9320552893028
1,1841,-670.6497036161591
1,1842,-668.043301706461
1,1843,-669.6259200810566
1,1844,-675.135749326282
1,1845,-669.9122207136121
1,1846,-666.7137877716032
1,1847,-666.9101179375438
1,1848,-668.4380597663784
1,1849,-666.3158583313344
1,1850,-663.9190544892577
1,1851,-665.6365452335456
1,1852,-670.2526086115556
1,1853,-666.801652069047
1,1854,-665.7916455207541
1,1855,-670.7985409657872
1,1856,-671.6950070332695
1,1857,-667.3885678294249
1,1858,-665.1940398125428
1,1859,-674.4424781258109
1,1860,-668.7893261844794
1,1861,-675.5438362942259
1,1862,-669.786909483722
1,1863,-674.3011418404174
1,1864,-671.1021175708793
1,1865,-669.7169282543877
1,1866,-670.8520403461424
1,1867,-667.3380623926458
1,1868,-664.7790390065617
1,1869,-661.2043312051081
1,1870,-661.1066925114459
1,1871,-666.218674193811
1,1872,-668.2116054446263
1,1873,-671.2847117413412
1,1874,-669.9366865726126
1,1875,-668.4196648363053
1,1876,-665.0678478125193
1,1877,-666.7770621512237
1,1878,-668.4052998465263
1,1879,-666.4048499721329
1,1880,-666.1287243805409
1,1881,-672.2066081015827
1,1882,-677.5067268619055
1,1883,-669.8728522610107
1,1884,-665.5246974747791
1,1885,-666.2648825862093
1,1886,-666.9622413711261
1,1887,-665.4691575848349
1,1888,-662.5876446760034
1,1889,-664.901933338089
1,1890,-668.9402541028339
1,1891,-668.4084157917315
1,1892,-665.0505803054176
1,1893,-665.8167069337512
1,1894,-670.8127673752153
1,1895,-667.9302554332112
1,1896,-667.5579522274701
1,1897,-666.8146614877423
1,1898,-667.7907454192617
1,1899,-665.5077025038522
1,1900,-664.1993826699186
1,1901,-662.5827918528266
1,1902,-663.6764415061097
1,1903,-665.0313277137807
1,1904,-666.8247317714511
1,1905,-668.1662123047943
1,1906,-666.6620576861093
1,1907,-666.0005754390232
1,1908,-665.9505526953947
1,1909,-668.2487275145079
1,1910,-668.9643222604981
1,1911,-667.3995975992775
1,1912,-673.2332479937089
1,1913,-674.8907218418256
1,1914,-674.6866737645008
1,1915,-676.2771617383042
1,1916,-671.8725278437884
1,1917,-671.7230415533455
1,1918,-668.8505722617399
1,1919,-667.4030117897222
1,1920,-672.7181353360598
1,1921,-672.1419405741592
1,1922,-666.5468457391696
1,1923,-671.1961370097157
1,1924,-667.1350328496793
1,1925,-670.8209226979263
1,1926,-671.0096002954069
1,1927,-672.8742659531927
1,1928,-670.447612011536
1,1929,-670.509498524386
1,1930,-670.4216795643532
1,1931,-665.532249682772
1,1932,-669.400948438283
1,1933,-670.3340984835271
1,1934,-675.8858893594493
1,1935,-666.1976960975
1,1936,-670.0072421704897
1,1937,-661.1826535272606
1,1938,-662.1903813700426
1,1939,-670.1250480866652
1,1940,-673.9819734648272
1,1941,-668.9819736654806
1,1942,-667.8008118367767
1,1943,-661.2329843737563
1,1944,-666.9665312637712
1,1945,-666.4352694232421
1,1946,-674.948412909183
1,1947,-666.0388565236242
1,1948,-668.3500944983276
1,1949,-668.6056881338112
1,1950,-668.7819493987371
1,1951,-669.7252934005926
1,1952,-669.3799507198424
1,1953,-668.7407160681018
1,1954,-662.9053086374375
1,1955,-666.2063218051694
1,1956,-670.023769267811
1,1957,-671.8333460784959
1,1958,-662.7265980196433
1,1959,-672.9975387446171
1,1960,-669.1932846283405
1,1961,-665.3166338787636
1,1962,-664.682827910282
1,1963,-665.7878518746877
1,1964,-670.7141130823362
1,1965,-667.6739944331958
1,1966,-666.3851097386281
1,1967,-664.4723807899522
1,1968,-662.6764001592015
1,1969,-665.5035048287457
1,1970,-667.3829866970518
1,1971,-669.2648174694715
1,1972,-666.696948219839
1,1973,-669.5766143038138
1,1974,-670.0301392933771
1,1975,-674.2236135593687
1,1976,-670.540352112815
1,1977,-667.8484982673551
1,1978,-666.6852180426389
1,1979,-668.5021791272823
1,1980,-672.4330999474015
1,1981,-673.2320420583142
1,1982,-673.1528510731034
1,1983,-667.4314691155064
1,1984,-667.6149274321896
1,1985,-671.4743855138012
1,1986,-673.7305851461283
1,1987,-673.0091331581779
1,1988,-665.5017300651332
1,1989,-663.6403859483843
1,1990,-668.7224701726691
1,1991,-666.7721389569044
1,1992,-663.5523718072752
1,1993,-667.4888951996365
1,1994,-665.2401673409158
1,1995,-667.245956785744
1,1996,-671.3283194894548
1,1997,-674.2002256358734
1,1998,-673.8349594435405
1,1999,-663.8533795018154
2,0,-667.8235641687697
2,1,-667.829737698546
2,2,-663.8742071669758
2,3,-664.7421687179414
2,4,-668.9556880137027
2,5,-667.272593617144
2,6,-666.6490632622418
2,7,-672.603866182162
2,8,-676.480128533602
2,9,-672.8818135568412
2,10,-669.4398362542469
2,11,-672.7805944231044
2,12,-669.9257683106841
2,13,-665.7758112838627
2,14,-663.7903612420641
2,15,-664.6888846004489
2,16,-662.4710986088643
2,17,-667.4413466153907
2,18,-668.7772664712325
2,19,-671.7332676226355
2,20,-671.6017695064378
2,21,-668.8922912032751
2,22,-663.011692259679
2,23,-666.3439642955312
2,24,-664.4547384420623
2,25,-666.1862270653911
2,26,-666.1447709449611
2,27,-667.7345056369089
2,28,-664.9839608452289
2,29,-669.8943934863074
2,30,-668.9511271688403
2,31,-672.9919294988701
2,32,-668.5646152347441
2,33,-665.4621790571077
2,34,-674.1107149819363
2,35,-668.9970864191997
2,36,-667.2827353466679
2,37,-675.6569855557209
2,38,-674.1566193813421
2,39,-673.7747795576337
2,40,-670.9085631740876
2,41,-668.8162313448744
2,42,-668.3988699531952
2,43,-671.6794925268862
2,44,-668.3360684835172
2,45,-665.8230635327599
2,46,-663.2047512818827
2,47,-667.0741441004029
2,48,-670.3765344788407
2,49,-664.6700667664334
2,50,-665.8776202115362
2,51,-667.2301427911921
2,52,-671.6347469526941
2,53,-673.2191588313095
2,54,-670.7901881544165
2,55,-672.6701799413261
2,56,-678.1397116391298
2,57,-681.3210966333502
2,58,-672.4979738995294
2,59,-671.9702896785938
2,60,-670.3846183811161
2,61,-667.906190804295
2,62,-666.7365389400807
2,63,-669.4715815293752
2,64,-668.3835702785555
2,65,-667.3022067704638
2,66,-668.898498807319
2,67,-668.6492876712188
2,68,-665.4468881984473
2,69,-666.922846097528
2,70,-674.2603511871334
2,71,-671.9380925697694
2,72,-668.2116021152053
2,73,-670.8049776634718
2,74,-672.2803822795148
2,75,-664.846666088134
2,76,-664.772165741545
2,77,-668.15468849623
2,78,-674.0065490510691
2,79,-672.0075455249997
2,80,-671.5164425831664
2,81,-671.5363915068683
2,82,-669.4522110080841
2,83,-668.7141230013078
2,84,-676.49366081066
2,85,-670.73442190948
2,86,-669.1575342619591
2,87,-663.870546219769
2,88,-669.3481653945403
2,89,-668.6159839090079
2,90,-667.8547400266925
2,91,-670.5653641261268
2,92,-671.7313695769914
2,93,-675.2491179540744
2,94,-671.4748563911949
2,95,-669.7827207324355
2,96,-667.383876689274
2,97,-663.6962095077849
2,98,-664.7156938102372
2,99,-667.3873282541668
2,100,-664.8236462374508
2,101,-668.7739828578788
2,102,-664.2677221010705
2,103,-670.697176906364
2,104,-665.2352729837754
2,105,-668.684349895801
2,106,-663.0640325067584
2,107,-664.2634298423689
2,108,-665.6866110115255
2,109,-674.3575835154098
2,110,-669.3541978205855
2,111,-672.9401247462752
2,112,-667.413848389176
2,113,-664.0806758468583
2,114,-667.9537523630992
2,115,-671.294666489582
2,116,-673.6560774994264
2,117,-669.0203593092089
2,118,-669.7029326910842
2,119,-673.1714085598327
2,120,-672.8484244062577
2,121,-673.0700286540281
2,122,-671.0627061387047
2,123,-667.4926202055651
2,124,-668.054834177752
2,125,-663.1156287293293
2,126,-673.1443321206672
2,127,-669.6580436390199
2,128,-667.628600828211
2,129,-668.0545058992698
2,130,-667.8093845916803
2,131,-672.3600491886214
2,132,-670.3699232067404
2,133,-668.1562702948843
2,134,-670.6265673815764
2,135,-672.0439182628863
2,136,-671.8868545950922
2,137,-672.6684996382911
2,138,-670.9740211753876
2,139,-665.3399334063674
2,140,-673.5192155214476
2,141,-673.2015023102769
2,142,-665.7162254252148
2,143,-662.5767055166463
2,144,-663.5290176122992
2,145,-665.5707510723145
2,146,-671.2676016127501
2,147,-674.7489650281525
2,148,-672.4276406968891
2,149,-675.0632759634323
2,150,-677.8095883518079
2,151,-677.0454089791691
2,152,-676.8746510615919
2,153,-674.953939040237
2,154,-674.1999654605738
2,155,-680.0405018135947
2,156,-676.6201525195846
2,157,-672.209857580239
2,158,-669.3202550627825
2,159,-673.3913467811863
2,160,-671.4083388405104
2,161,-676.2787876987511
2,162,-674.0940530325523
2,163,-677.0963683080261
2,164,-671.7411806269723
2,165,-668.2187581156029
2,166,-667.5238710308428
2,167,-666.4955056918166
2,168,-669.0164998622098
2,169,-669.8952984148804
2,170,-668.8135532950186
2,171,-677.6073264286478
2,172,-680.3659008305546
2,173,-671.9457870494892
2,174,-669.0326645122648
2,175,-665.2001313551597
2,176,-665.5824948540807
2,177,-666.6055630065432
2,178,-670.152173278929
2,179,-680.9326682336249
2,180,-672.7794800020422
2,181,-680.7917467335355
2,182,-677.8140215667453
2,183,-675.2000260700822
2,184,-680.7628562735964
2,185,-677.4824693191812
2,186,-678.2475922366833
2,187,-678.2773312725758
2,188,-667.2094209628668
2,189,-670.994296965849
2,190,-680.6632339232675
2,191,-674.37153144281
2,192,-669.7980077440502
2,193,-668.2667540266452
2,194,-667.3459668499929
2,195,-665.5621673479528
2,196,-665.9741041442813
2,197,-667.0712153106397
2,198,-670.6266631351999
2,199,-668.5886410202302
2,200,-664.9410339605706
2,201,-669.2858000723385
2,202,-671.1126238079703
2,203,-665.4734300549121
2,204,-668.0410750984623
2,205,-666.3314774366158
2,206,-672.963444380165
2,207,-670.6712458622221
2,208,-664.0554188026049
2,209,-671.7762243246634
2,210,-667.5691700102532
2,211,-664.3174726185757
2,212,-674.7181913543706
2,213,-669.8119015263276
2,214,-666.9939347070933
2,215,-670.9047635382084
2,216,-667.9333980867539
2,217,-669.966261422081
2,218,-674.1540407646776
2,219,-672.8193511595268
2,220,-667.6626010542084
2,221,-667.4428009588045
2,222,-666.4273824799136
2,223,-665.6830578740048
2,224,-670.0652548882059
2,225,-668.0194937710243
2,226,-669.380448248105
2,227,-666.9635495273321
2,228,-665.6847216277904
2,229,-668.7147840801505
2,230,-666.8521905694347
2,231,-666.6926505675661
2,232,-660.6726932394806
2,233,-667.6769572443503
2,234,-668.9325901855397
2,235,-665.7870849961218
2,236,-665.4273941864186
2,237,-671.1509582488765
2,238,-674.4540222305726
2,239,-673.4899930877004
2,240,-677.4915333669214
2,241,-683.9377145037662
2,242,-677.642861591236
2,243,-675.4692600050581
2,244,-675.741686036849
2,245,-674.7125327863182
2,246,-673.1941424532376
2,247,-672.1185865329712
2,248,-670.6469591395404
2,249,-677.4304151410676
2,250,-670.5829221918664
2,251,-669.3894199630715
2,252,-674.5215475793442
2,253,-676.824670676487
2,254,-674.1902925859957
2,255,-675.3540107539716
2,256,-668.6984838167274
2,257,-674.4408081496838
2,258,-668.2144344028238
2,259,-666.6534046039454
2,260,-667.9457617219102
2,261,-666.0796712774483
2,262,-670.093332153812
2,263,-673.5534736339158
2,264,-671.4894250376154
2,265,-668.3137606230844
2,266,-668.9075684389
2,267,-665.0167472369467
2,268,-667.1686423740048
2,269,-663.6074676275065
2,270,-669.0334638149437
2,271,-672.0688388581524
2,272,-665.4329111710409
2,273,-671.661604981155
2,274,-665.8349188016435
2,275,-669.501920913071
2,276,-674.8053834541876
2,277,-677.7841205575606
2,278,-666.2997081076936
2,279,-669.365447468379
2,280,-668.4572865013492
2,281,-675.251574904203
2,282,-674.5605594823744
2,283,-670.3148792143937
2,284,-671.0134645586588
2,285,-670.1348280131133
2,286,-670.2728501089301
2,287,-671.8035863785082
2,288,-664.9792119660551
2,289,-665.7131421833967
2,290,-663.6692961329262
2,291,-666.2850993678308
2,292,-668.5551575648806
2,293,-666.8366332676204
2,294,-670.1232854425351
2,295,-671.6472950860896
2,296,-670.822966705054
2,297,-666.3485119467717
2,298,-664.8109653659949
2,299,-665.9632015074224
2,300,-666.813864404417
2,301,-671.7502102962271
2,302,-670.7033228667904
2,303,-675.4840628040522
2,304,-678.4152141382978
2,305,-684.9137079576525
2,306,-674.1123725765319
2,307,-680.1838328422197
2,308,-669.5059396747315
2,309,-668.1141241344999
2,310,-669.840747451517
2,311,-670.6863365854607
2,312,-670.9483467846497
2,313,-671.9760633933234
2,314,-673.2559224103976
2,315,-669.6757430743409
2,316,-672.5287196413178
2,317,-668.5924050879663
2,318,-670.6420030465222
2,319,-669.8903244175482
2,320,-669.3999044843406
2,321,-678.9365848581085
2,322,-669.5603503572188
2,323,-665.9104106582355
2,324,-669.008550266313
2,325,-664.9086282042441
2,326,-669.739027385858
2,327,-668.3184660633691
2,328,-668.712218069396
2,329,-673.7289928788887
2,330,-670.3609342473538
2,331,-672.2243270975763
2,332,-669.9051214967943
2,333,-672.5204132662548
2,334,-666.841056446807
2,335,-663.8719967469001
2,336,-665.7730819173689
2,337,-669.1916921987726
2,338,-665.8619426919636
2,339,-667.0409196942567
2,340,-664.7917753555475
2,341,-666.1158068192709
2,342,-663.8341383495765
2,343,-673.6904014224955
2,344,-666.9379021082225
2,345,-671.1617136799364
2,346,-665.2253847113615
2,347,-665.3719080017026
2,348,-673.2358737399511
2,349,-670.8180970868167
2,350,-687.2833452401379
2,351,-669.6611618509513
2,352,-668.4804859681925
2,353,-672.4047495501903
2,354,-672.3678833821847
2,355,-673.3092211114612
2,356,-671.7339014066029
2,357,-672.112975571911
2,358,-671.394266361999
2,359,-662.6749495071161
2,360,-665.7841901240984
2,361,-677.0944947241901
2,362,-675.6988839277593
2,363,-673.0726283856932
2,364,-670.9629881611005
2,365,-677.6771599055818
2,366,-675.1187125482345
2,367,-678.8204137913218
2,368,-669.2438754381262
2,369,-670.9896337622828
2,370,-669.6227458661868
2,371,-667.3212771949868
2,372,-665.5051928621249
2,373,-672.0194363314132
2,374,-668.4566472383764
2,375,-665.879570600335
2,376,-669.1145123368706
2,377,-664.802060586975
2,378,-671.4227140462893
2,379,-672.1218633129183
2,380,-670.2468161909069
2,381,-670.9679231121485
2,382,-665.4100849885209
2,383,-666.4972915042329
2,384,-672.8892297459296
2,385,-668.7769772114721
2,386,-664.5462076557365
2,387,-672.8693228163941
2,388,-668.082471175427
2,389,-668.1410128420182
2,390,-671.802510317245
2,391,-667.3664917852503
2,392,-674.6913102213872
2,393,-674.0796250966183
2,394,-673.5779476867957
2,395,-667.1863619764567
2,396,-666.1282126607463
2,397,-666.0139772275531
2,398,-666.3399334903021
2,399,-666.1543469641801
2,400,-666.1027833766942
2,401,-671.4311975295309
2,402,-672.3674853928139
2,403,-671.5704176316569
2,404,-664.6240267442888
2,405,-668.5611969162883
2,406,-672.2672276720698
2,407,-678.736247512515
2,408,-671.4976324590924
2,409,-666.3719977619337
2,410,-663.2203487173143
2,411,-669.5703675845106
2,412,-667.3009712648606
2,413,-665.7465491748884
2,414,-670.0130958871015
2,415,-673.2926289567374
2,416,-678.956516614725
2,417,-667.0062880509341
2,418,-662.5348580085838
2,419,-672.4493672138635
2,420,-663.8439739962297
2,421,-663.662389738906
2,422,-671.3889380719471
2,423,-673.1506100986971
2,424,-669.7589110229495
2,425,-671.6649313841446
2,426,-665.1920244644984
2,427,-667.1923806543502
2,428,-667.0785449225434
2,429,-663.2244581505429
2,430,-668.5693279859976
2,431,-665.1138916234768
2,432,-672.8738477944258
2,433,-674.223236511283
2,434,-674.337088301287
2,435,-674.2428903413497
2,436,-671.0992098858046
2,437,-673.032022761833
2,438,-675.7075511741278
2,439,-675.4153376715964
2,440,-671.9486964167469
2,441,-668.0689840018929
2,442,-667.5036788387805
2,443,-667.4679599826361
2,444,-667.9669710884175
2,445,-668.3626651527337
2,446,-668.5316904646645
2,447,-673.6506712644633
2,448,-671.8486894229953
2,449,-665.357097741355
2,450,-664.4819093514369
2,451,-665.6395383093079
2,452,-663.1775790606958
2,453,-666.4460540077619
2,454,-665.5976973289585
2,455,-665.2932800293194
2,456,-666.1406723836617
2,457,-673.3453259705277
2,458,-678.7178179369826
2,459,-671.8928390262722
2,460,-670.9140514729922
2,461,-669.9393347691959
2,462,-673.8088929196809
2,463,-674.5378934190165
2,464,-672.839210300366
2,465,-671.8226634972921
2,466,-677.2767139225891
2,467,-677.7773512489739
2,468,-677.7540991908363
2,469,-679.2723609591003
2,470,-672.7714942361935
2,471,-672.9239171255463
2,472,-666.8979757804003
2,473,-669.8142485393748
2,474,-666.4865338550725
2,475,-662.0924136483144
2,476,-665.2035119543505
2,477,-669.3821203009555
2,478,-669.9072228997276
2,479,-672.159243854295
2,480,-669.1386218599687
2,481,-670.5364662806637
2,482,-666.6335469427405
2,483,-664.7898097328863
2,484,-662.3917192173482
2,485,-674.6383862127634
2,486,-673.8327761450021
2,487,-673.0672252112473
2,488,-666.3805816771415
2,489,-667.6927995794823
2,490,-668.9939631078296
2,491,-673.3855690936925
2,492,-673.8367672215957
2,493,-669.2042860387375
2,494,-668.1708976891359
2,495,-666.1844207451335
2,496,-667.7548573537996
2,497,-666.6899519485551
2,498,-667.6437165152199
2,499,-675.5504843022987
2,500,-670.8725549994347
2,501,-674.670640565554
2,502,-675.5602149733556
2,503,-676.7460706757953
2,504,-674.1830694135938
2,505,-675.7622418335012
2,506,-675.6500068412581
2,507,-671.0443637218945
2,508,-666.0773072479719
2,509,-666.5514140952586
2,510,-670.562482873154
2,511,-666.466534749443
2,512,-664.2093245707339
2,513,-665.8502695689502
2,514,-662.1405972865617
2,515,-672.7166501215953
2,516,-668.955094905028
2,517,-668.7726115793222
2,518,-668.3444413525234
2,519,-670.3214182159921
2,520,-672.3331745028426
2,521,-667.0238318942165
2,522,-668.6825806622422
2,523,-664.0981902612349
2,524,-665.7565333078726
2,525,-666.8983138991608
2,526,-668.8895312852645
2,527,-663.7458062401183
2,528,-666.1432782277425
2,529,-667.0269929959449
2,530,-670.1460527883069
2,531,-668.010894162343
2,532,-669.2834091315153
2,533,-671.9949393543028
2,534,-675.124055138313
2,535,-671.2912781984983
2,536,-674.066288712145
2,537,-671.7797803492348
2,538,-668.1739669058396
2,539,-673.6872452240776
2,540,-675.5194368833122
2,541,-676.0654537254544
2,542,-669.5109983087273
2,543,-664.9229787259299
2,544,-665.8006933161076
2,545,-666.7093645356755
2,546,-668.9524735618209
2,547,-662.2802696787153
2,548,-662.7434019905563
2,549,-662.8471168879237
2,550,-666.053672253754
2,551,-668.8563294052182
2,552,-666.098499796669
2,553,-667.2213167883349
2,554,-670.6197305027591
2,555,-672.480014585202
2,556,-669.9970145153209
2,557,-667.4790245292251
2,558,-665.5810888161553
2,559,-673.4225060882316
2,560,-665.2281197609229
2,561,-664.4624550594497
2,562,-663.29196462306
2,563,-667.9557931621503
2,564,-666.7028649485181
2,565,-664.555232892126
2,566,-666.6220493214081
2,567,-663.488525951374
2,568,-668.7843344548504
2,569,-662.1639214920625
2,570,-666.1719940957215
2,571,-666.47037991152
2,572,-665.1458355290166
2,573,-669.7984046804979
2,574,-670.7540473430099
2,575,-675.1395457773501
2,576,-673.9400785390234
2,577,-668.7283004894812
2,578,-664.2769107205511
2,579,-666.6257736476267
2,580,-667.1324531326186
2,581,-669.1818279717003
2,582,-667.8847788091849
2,583,-672.8737734176249
2,584,-681.8212718807938
2,585,-676.7164308885627
2,586,-679.5319958637356
2,587,-681.6744800582627
2,588,-683.862282435468
2,589,-672.174289997736
2,590,-671.995783139273
2,591,-677.565470479987
2,592,-676.9548601956054
2,593,-670.4111874478754
2,594,-671.0871247389632
2,595,-667.4864112010542
2,596,-667.9971661600658
2,597,-665.8268424667066
2,598,-668.5367963514551
2,599,-675.206164255152
2,600,-675.9241322409566
2,601,-676.881254627153
2,602,-675.8708800548824
2,603,-674.844289454283
2,604,-672.9844813121402
2,605,-664.4211940171588
2,606,-670.0733839147737
2,607,-673.783242704372
2,608,-670.5976827079436
2,609,-668.0013310524998
2,610,-665.4104278300067
2,611,-668.8625093797216
2,612,-669.260505221947
2,613,-663.4565870108928
2,614,-664.9439879089022
2,615,-667.4957523340537
2,616,-666.5640357409937
2,617,-671.0689387746869
2,618,-671.3894292977715
2,619,-669.7303272070616
2,620,-672.3633352289967
2,621,-676.943251799978
2,622,-670.9427742655195
2,623,-668.1435575369394
2,624,-667.535388405539
2,625,-669.9204874145282
2,626,-668.9879796285524
2,627,-667.8525148125393
2,628,-663.9363795412644
2,629,-666.6984604760647
2,630,-670.9258731920496
2,631,-675.2045265953235
2,632,-673.6338652857075
2,633,-673.5309401405099
2,634,-668.4633412657993
2,635,-671.9865232764522
2,636,-668.7918664930465
2,637,-667.4207749492446
2,638,-667.3078556813222
2,639,-667.3912418042108
2,640,-663.6972615274462
2,641,-665.5894166702489
2,642,-665.891252777413
2,643,-665.8717835175191
2,644,-669.1957636090771
2,645,-670.9410270976086
2,646,-671.4407808944374
2,647,-666.9352701268832
2,648,-668.3937027499327
2,649,-669.310379471971
2,650,-676.4930746327444
2,651,-674.4803426428505
2,652,-665.9368493236664
2,653,-669.9373143464669
2,654,-676.2663145688489
2,655,-676.7235556872101
2,656,-674.687476219763
2,657,-678.9062425603587
2,658,-676.5188748541816
2,659,-676.939679609839
2,660,-676.8290103527905
2,661,-671.1139269742414
2,662,-669.4066659964316
2,663,-673.9994119140835
2,664,-670.8550293651522
2,665,-673.6092601125399
2,666,-673.9933982610312
2,667,-671.6099103224957
2,668,-672.0626681656624
2,669,-673.3918937778791
2,670,-673.5879400028573
2,671,-670.4971943731051
2,672,-673.5244931039913
2,673,-677.3497045840572
2,674,-676.4474011581858
2,675,-668.7122977466062
2,676,-667.0985695422805
2,677,-664.9600635326799
2,678,-671.7515165514884
2,679,-672.0598509139634
2,680,-670.2194689897468
2,681,-661.6704002390693
2,682,-666.0970889433526
2,683,-665.2302633474284
2,684,-664.8330168363134
2,685,-667.1210281120158
2,686,-674.9479827257514
2,687,-668.0208886735038
2,688,-670.0035876379151
2,689,-664.8679169568803
2,690,-667.5989619269311
2,691,-667.6263428629214
2,692,-672.2804749703051
2,693,-674.142940938419
2,694,-672.5132093112497
2,695,-673.5239592741815
2,696,-671.5397697697474
2,697,-671.0248729960205
2,698,-670.3386190692095
2,699,-670.570715530574
2,700,-669.6991606472349
2,701,-672.3032741217864
2,702,-667.4233812743182
2,703,-668.4880324384225
2,704,-675.0313390289521
2,705,-669.9015931583385
2,706,-673.9481963001202
2,707,-668.5081291984025
2,708,-670.9273715236528
2,709,-677.0825403708528
2,710,-676.0962560132182
2,711,-673.6699405316053
2,712,-674.0656942079379
2,713,-677.9921909300016
2,714,-680.0327697839205
2,715,-683.4736360443472
2,716,-673.5374089331083
2,717,-669.3167001802923
2,718,-669.5039119085015
2,719,-670.5277392133476
2,720,-670.6368273656697
2,721,-670.5773507757533
2,722,-671.9015379191445
2,723,-671.6143678851141
2,724,-668.2852216353947
2,725,-666.1604710118362
2,726,-669.7390798496034
2,727,-669.55669739367
2,728,-665.8547878300263
2,729,-664.0073206954434
2,730,-665.7223327694647
2,731,-667.0718171229921
2,732,-667.7606455871241
2,733,-671.556488649522
2,734,-676.6872361940844
2,735,-672.6014261365756
2,736,-672.5994900949403
2,737,-669.9083968043294
2,738,-664.9265941814948
2,739,-664.6776124923244
2,740,-668.622722671245
2,741,-664.8372132126266
2,742,-666.4707529402747
2,743,-666.340579082517
2,744,-664.8040852338551
2,745,-666.1400161707718
2,746,-664.7859857247955
2,747,-667.1653892044731
2,748,-671.387373956994
2,749,-668.7132898446058
2,750,-667.5306166204373
2,751,-670.6136406059165
2,752,-676.1380486416201
2,753,-671.1789746123943
2,754,-673.1051750071233
2,755,-667.8740445607052
2,756,-667.5957477622175
2,757,-666.0626233793336
2,758,-671.3457770746736
2,759,-670.4001969468877
2,760,-668.4619162133338
2,761,-669.4844312768009
2,762,-673.4536387838299
2,763,-674.767385505543
2,764,-673.3727304331344
2,765,-677.856590711572
2,766,-674.1755628655068
2,767,-673.8646406089936
2,768,-674.6944304711691
2,769,-670.4235171906081
2,770,-670.0841451528734
2,771,-674.1234457663043
2,772,-674.120891358618
2,773,-673.1913891850756
2,774,-669.832081393961
2,775,-671.19817831833
2,776,-665.6573416822006
2,777,-666.9830800613664
2,778,-673.6171666231575
2,779,-670.66510414997
2,780,-675.761940952234
2,781,-662.3725678964441
2,782,-665.7460113870811
2,783,-669.1369769307935
2,784,-670.1322283889995
2,785,-670.2935091579848
2,786,-665.1111360440218
2,787,-667.9216780081964
2,788,-664.293438232496
2,789,-670.2628171986646
2,790,-671.3281218347709
2,791,-674.2571811006837
2,792,-672.292887931025
2,793,-676.2461937363404
2,794,-672.304798118598
2,795,-667.6455302176918
2,796,-670.6586308104211
2,797,-669.4673364887669
2,798,-665.0418836517118
2,799,-667.8926096692703
2,800,-664.5507320816979
2,801,-664.7717343121066
2,802,-666.6262654026966
2,803,-667.2592676270284
2,804,-668.0073195534446
2,805,-668.5752330445994
2,806,-666.1943832295918
2,807,-666.9293516012046
2,808,-668.0193783399417
2,809,-672.2314706281466
2,810,-671.8014474861268
2,811,-669.2286558750942
2,812,-670.4523965413399
2,813,-665.6504369608404
2,814,-666.1429386642073
2,815,-660.9005981861961
2,816,-667.7190177306062
2,817,-675.2185026660259
2,818,-681.5022524127124
2,819,-677.2990509278299
2,820,-673.1362730667703
2,821,-662.7201090677479
2,822,-665.9257342729248
2,823,-668.7165308176352
2,824,-667.6529580843135
2,825,-662.9311579731267
2,826,-664.1032884702794
2,827,-665.7743726717623
2,828,-668.8812320033484
2,829,-668.5508949293146
2,830,-666.6812022020293
2,831,-663.4883707290282
2,832,-671.0012463667096
2,833,-666.9768882574119
2,834,-669.205188073623
2,835,-673.9777377322408
2,836,-668.2993519331906
2,837,-670.6464916109247
2,838,-669.8416789827779
2,839,-671.0862333959684
2,840,-673.7387811296513
2,841,-683.9581001882566
2,842,-680.448476719908
2,843,-679.4534977027515
2,844,-686.8709489934718
2,845,-682.1694139483146
2,846,-681.7919673577834
2,847,-680.2821753710726
2,848,-671.7234370010312
2,849,-671.5950704779112
2,850,-668.9264379953656
2,851,-671.1584974092696
2,852,-675.4956817574254
2,853,-671.9693677880856
2,854,-673.8701735025264
2,855,-670.7255029927325
2,856,-664.452636192124
2,857,-668.7277880745894
2,858,-668.5912574881609
2,859,-670.6697833395431
2,860,-666.991456640547
2,861,-669.5795848562152
2,862,-664.2325535101488
2,863,-666.1832034836605
2,864,-665.3640035728778
2,865,-664.2754616446549
2,866,-668.6741971241474
2,867,-667.4625807750913
2,868,-678.7387104521032
2,869,-681.0772197170166
2,870,-679.8654448308321
2,871,-683.4743447301563
2,872,-672.361551713113
2,873,-674.7645793134074
2,874,-672.9271948089093
2,875,-675.6837701955227
2,876,-677.6609094138829
2,877,-671.9594311473719
2,878,-665.1653491868893
2,879,-671.7241920914163
2,880,-673.4883667987945
2,881,-668.3814207691573
2,882,-672.7667372701791
2,883,-675.820509824112
2,884,-675.400322398169
2,885,-675.2759419917699
2,886,-670.7087276253886
2,887,-667.9092503263726
2,888,-665.6624059703261
2,889,-670.509722501132
2,890,-671.0587572143916
2,891,-665.0428087122416
2,892,-668.9014096805339
2,893,-666.7836885400868
2,894,-665.4447173973191
2,895,-670.93477599876
2,896,-671.294365162199
2,897,-671.1853888692274
2,898,-676.007095280977
2,899,-673.3371191898106
2,900,-674.8589954321719
2,901,-672.4464473570412
2,902,-672.7611692730494
2,903,-672.3019548382256
2,904,-674.5353178655264
2,905,-670.4834934209626
2,906,-671.8245520237509
2,907,-673.8485863472523
2,908,-668.7823394822606
2,909,-665.760415084505
2,910,-669.0902286763356
2,911,-663.9266809225915
2,912,-674.1905437472598
2,913,-663.6736299921006
2,914,-663.6691034051684
2,915,-669.793993787223
2,916,-671.8482738215181
2,917,-674.0643119080929
2,918,-672.2926617505128
2,919,-667.1969704957535
2,920,-672.4452526468536
2,921,-671.3245990117534
2,922,-669.423647441329
2,923,-671.8891105951853
2,924,-665.7961960149966
2,925,-665.390169792462
2,926,-661.9944802832916
2,927,-665.5113691498179
2,928,-663.8742419859864
2,929,-670.3614200687485
2,930,-665.1246203241268
2,931,-671.8101950134507
2,932,-661.1283090056484
2,933,-666.6484213064559
2,934,-667.0326878759607
2,935,-671.097772667836
2,936,-670.967652951393
2,937,-665.728806423634
2,938,-666.8304894993552
2,939,-665.8572604993026
2,940,-677.0517985241066
2,941,-670.4273736038531
2,942,-669.6395534850868
2,943,-670.0510545962818
2,944,-669.2262372582371
2,945,-665.5577313926261
2,946,-673.5738616362817
2,947,-664.5030940421593
2,948,-669.0313713581518
2,949,-668.192792222647
2,950,-669.5328882733498
2,951,-665.5662064036609
2,952,-668.4045177085025
2,953,-672.6001509790807
2,954,-676.2727401754155
2,955,-670.0052962235022
2,956,-672.5190210398744
2,957,-667.9501571779875
2,958,-665.1611816513057
2,959,-668.373753612721
2,960,-671.3063374925531
2,961,-669.7078854582447
2,962,-671.7962618830443
2,963,-668.9574080598519
2,964,-669.6523135965749
2,965,-666.8811476488057
2,966,-669.707310789678
2,967,-662.5154195876777
2,968,-665.76226458819
2,969,-664.0253319531168
2,970,-666.9283673443579
2,971,-662.9858186168767
2,972,-668.3094487490337
2,973,-669.1754481536033
2,974,-673.2020815103061
2,975,-669.3381744849862
2,976,-666.7309352315
2,977,-665.0869048578023
2,978,-669.6726181683956
2,979,-670.1784757173035
2,980,-672.4236883622717
2,981,-671.0954351880947
2,982,-670.2565215724718
2,983,-674.6312809632864
2,984,-675.5776662156401
2,985,-675.080480045399
2,986,-679.6683589408398
2,987,-671.2249249073897
2,988,-677.1293556193693
2,989,-668.3885207038034
2,990,-667.9221250312992
2,991,-668.9070704738633
2,992,-668.3213833168398
2,993,-667.4830978448442
2,994,-667.5609725424316
2,995,-670.7554554544648
2,996,-674.2158104179944
2,997,-668.7368055186514
2,998,-666.957871984522
2,999,-671.4899344485774
2,1000,-672.8360588253333
2,1001,-677.9806090176688
2,1002,-674.6151960433667
2,1003,-672.721161663444
2,1004,-669.5111618623499
2,1005,-668.0757581830869
2,1006,-665.6440236939801
2,1007,-666.0191674609853
2,1008,-669.0194513067222
2,1009,-669.7483224761065
2,1010,-669.6567597639429
2,1011,-663.3125363214826
2,1012,-667.1597383461433
2,1013,-666.2870890885738
2,1014,-665.7759575122471
2,1015,-668.7432781325284
2,1016,-664.2123543841749
2,1017,-664.9505210819897
2,1018,-666.0819779201122
2,1019,-665.8476904880748
2,1020,-674.0288878701052
2,1021,-672.4554598486292
2,1022,-669.4554322995231
2,1023,-668.7984456797516
2,1024,-671.9606152014728
2,1025,-669.8871615824598
2,1026,-666.3934207643221
2,1027,-665.6755901358798
2,1028,-664.9781836633344
2,1029,-666.2764581785787
2,1030,-666.0568089970101
2,1031,-667.2718519555323
2,1032,-668.7274505874374
2,1033,-666.9760510831176
2,1034,-670.184156909851
2,1035,-670.9595269077125
2,1036,-669.4863827517927
2,1037,-669.6176601825063
2,1038,-668.5845864912047
2,1039,-667.1773788011483
2,1040,-673.6801275231682
2,1041,-667.9803378577392
2,1042,-665.7861365273059
2,1043,-666.2211554513751
2,1044,-668.3765647405115
2,1045,-665.7437013350758
2,1046,-671.7445495668768
2,1047,-666.0206842787837
2,1048,-664.9888681784199
2,1049,-665.5157665074073
2,1050,-664.3313100833211
2,1051,-670.7916495897366
2,1052,-671.7179378994257
2,1053,-674.115918791378
2,1054,-675.311769257272
2,1055,-674.8837880002102
2,1056,-671.0055128914137
2,1057,-668.5093164056681
2,1058,-669.0603732398027
2,1059,-669.532697594584
2,1060,-670.9414483893952
2,1061,-669.1388574136142
2,1062,-669.4835382708623
2,1063,-670.8268419162815
2,1064,-665.2231064858133
2,1065,-666.76603548489
2,1066,-668.735216458038
2,1067,-667.654330553728
2,1068,-665.3941617534491
2,1069,-668.4508698710935
2,1070,-672.9694012642739
2,1071,-666.6274594181773
2,1072,-675.7385254289231
2,1073,-668.6439135325306
2,1074,-669.9902765813293
2,1075,-673.045730178463
2,1076,-673.3349454947399
2,1077,-669.4065919919383
2,1078,-670.1385062221287
2,1079,-672.0020931076222
2,1080,-671.7919833641251
2,1081,-679.1966739626821
2,1082,-675.632010266262
2,1083,-676.7658482775942
2,1084,-670.4596497969889
2,1085,-674.982712510461
2,1086,-677.379315412385
2,1087,-676.757052462452
2,1088,-674.0570817818084
2,1089,-668.196020065155
2,1090,-670.7501553590514
2,1091,-667.0879749127486
2,1092,-671.5637785714493
2,1093,-667.4945699576595
2,1094,-668.8211141496959
2,1095,-670.6329784432538
2,1096,-667.4476526012361
2,1097,-670.1579917497585
2,1098,-669.4118523304304
2,1099,-661.8691628578398
2,1100,-667.3992280992281
2,1101,-675.6608105182327
2,1102,-671.5500730026447
2,1103,-673.8873094951684
2,1104,-666.4151821548675
2,1105,-668.8240878110936
2,1106,-668.9198934595072
2,1107,-665.1611757975592
2,1108,-664.8719107121478
2,1109,-666.708363886899
2,1110,-668.7635503004316
2,1111,-667.9963598289311
2,1112,-672.2240425124035
2,1113,-672.4766271519777
2,1114,-670.0855217674616
2,1115,-677.6865759359505
2,1116,-674.1564011143817
2,1117,-671.0350628357479
2,1118,-669.9798127980495
2,1119,-664.689455687588
2,1120,-662.0733047785554
2,1121,-665.9043631000188
2,1122,-668.3806713950227
2,1123,-667.7702969070921
2,1124,-671.6918063713258
2,1125,-667.3698690942396
2,1126,-667.0906302652622
2,1127,-667.6058380223071
2,1128,-671.206091625121
2,1129,-672.250123880637
2,1130,-669.3534945632215
2,1131,-666.4405771009369
2,1132,-666.6925122185963
2,1133,-668.8439397415166
2,1134,-666.783708027493
2,1135,-667.5269609105001
2,1136,-669.7419342446751
2,1137,-668.383851836229
2,1138,-670.6393865258696
2,1139,-666.1645672862206
2,1140,-664.5131143590588
2,1141,-665.9820566895888
2,1142,-664.9790054365996
2,1143,-664.9002515064527
2,1144,-665.8518484740172
2,1145,-663.9953801089023
2,1146,-668.8133389010062
2,1147,-669.077530789555
2,1148,-672.6565653551235
2,1149,-669.9900934202027
2,1150,-668.8305633295803
2,1151,-669.9422518157427
2,1152,-671.060152273635
2,1153,-675.3042646201161
2,1154,-677.0973735541897
2,1155,-679.0808334712132
2,1156,-670.7919724874836
2,1157,-668.9410919130898
2,1158,-670.7167525692498
2,1159,-665.9423151570934
2,1160,-665.9003317104715
2,1161,-666.6573710532153
2,1162,-666.9366339765944
2,1163,-670.9202048801658
2,1164,-667.5667549346592
2,1165,-673.1715807630079
2,1166,-673.4223281846519
2,1167,-670.2751904634133
2,1168,-662.8062451881225
2,1169,-673.2532283361983
2,1170,-672.7575273763023
2,1171,-670.406252252775
2,1172,-665.97690163309
2,1173,-674.7187562017398
2,1174,-675.6033686264676
2,1175,-669.7082960660258
2,1176,-675.3226075255851
2,1177,-676.7138538950333
2,1178,-677.9473666218768
2,1179,-670.5912673557013
2,1180,-670.1963337581665
2,1181,-667.5134536913391
2,1182,-665.89763167286
2,1183,-673.9721826341637
2,1184,-675.9569169841953
2,1185,-671.9341999924543
2,1186,-666.8664322572266
2,1187,-668.2993537930123
2,1188,-668.6819891726553
2,1189,-668.180704992697
2,1190,-667.8698189651782
2,1191,-675.5167762090351
2,1192,-668.2273686343884
2,1193,-666.9063429838405
2,1194,-672.6065519027761
2,1195,-669.1847890991836
2,1196,-669.4573854421326
2,1197,-663.945215107315
2,1198,-664.7006324150592
2,1199,-666.7454066488906
2,1200,-662.8722071324294
2,1201,-667.5545738891193
2,1202,-665.177544748114
2,1203,-662.8170505266421
2,1204,-668.1477302703214
2,1205,-668.3013617385437
2,1206,-670.3447301513878
2,1207,-669.314349809033
2,1208,-669.973598573253
2,1209,-667.1508733644812
2,1210,-668.6037945706274
2,1211,-670.3879249458064
2,1212,-674.3055223220894
2,1213,-668.9577071839402
2,1214,-665.1607718033181
2,1215,-663.8633210469208
2,1216,-670.7633712602831
2,1217,-669.16986495998
2,1218,-670.396675952486
2,1219,-670.6376558531116
2,1220,-670.8318212156371
2,1221,-673.1513762072976
2,1222,-672.6313551287395
2,1223,-665.9949726235682
2,1224,-663.6876735599292
2,1225,-664.8437673513023
2,1226,-667.9180148992322
2,1227,-670.9224171822381
2,1228,-674.4921103051367
2,1229,-668.269774391293
2,1230,-675.0115684005034
2,1231,-675.3817944777527
2,1232,-673.566296377866
2,1233,-676.275811312324
2,1234,-675.7159538286455
2,1235,-679.6796814528427
2,1236,-677.0967015284978
2,1237,-671.4319170289976
2,1238,-670.8144202427729
2,1239,-678.1911428448999
2,1240,-676.3913475517527
2,1241,-674.004785258594
2,1242,-676.0241505557829
2,1243,-675.4369293030088
2,1244,-672.0648341116141
2,1245,-673.0957961658025
2,1246,-669.7348598530831
2,1247,-665.9136296105837
2,1248,-669.3577306796491
2,1249,-667.6514865319584
2,1250,-668.495920196053
2,1251,-668.7886238101613
2,1252,-667.3044478095215
2,1253,-677.4498046263099
2,1254,-674.6535948270624
2,1255,-669.1037674141878
2,1256,-666.0174301613628
2,1257,-671.5337887281954
2,1258,-678.5015325365956
2,1259,-673.2423353632526
2,1260,-673.0475147723811
2,1261,-667.9015462088103
2,1262,-661.9976572784764
2,1263,-659.6674352325423
2,1264,-668.068276094679
2,1265,-664.4184840863047
2,1266,-670.8279908543834
2,1267,-666.4174541504198
2,1268,-665.3676278158246
2,1269,-662.6631298694542
2,1270,-666.7612329445946
2,1271,-670.1148674180903
2,1272,-671.1490180794243
2,1273,-668.0003383291619
2,1274,-673.465352828314
2,1275,-669.1100058569435
2,1276,-662.6010299971404
2,1277,-663.4609172170498
2,1278,-670.5691889989281
2,1279,-663.9311915163202
2,1280,-667.2777894699884
2,1281,-666.4769412083949
2,1282,-668.6390219241003
2,1283,-676.3883612940048
2,1284,-677.3085212355818
2,1285,-663.3189690488555
2,1286,-666.9434741957
2,1287,-674.9450254756046
2,1288,-679.6020021237317
2,1289,-675.9651895983275
2,1290,-672.2392739609027
2,1291,-672.123422406289
2,1292,-669.0450499718613
2,1293,-674.5724452393598
2,1294,-677.3021428916969
2,1295,-674.2908044903065
2,1296,-674.7033894240767
2,1297,-679.4212739361428
2,1298,-677.6729451260633
2,1299,-669.6460874904515
2,1300,-673.0160640671377
2,1301,-676.2948267299313
2,1302,-676.147631701693
2,1303,-679.994843314903
2,1304,-685.5297952318876
2,1305,-682.0738381387663
2,1306,-674.0778873192817
2,1307,-672.3111709590929
2,1308,-671.9286995360911
2,1309,-676.7973341334095
2,1310,-677.1122192201317
2,1311,-672.8251759736852
2,1312,-674.2421708064934
2,1313,-675.0078426556513
2,1314,-676.0396798973288
2,1315,-669.631660849972
2,1316,-674.3010051062769
2,1317,-668.7768702431572
2,1318,-666.0721574465987
2,1319,-670.6135221471841
2,1320,-664.0614384412809
2,1321,-663.6909934823244
2,1322,-669.3886787762128
2,1323,-669.5508681880258
2,1324,-670.1698175843376
2,1325,-671.4871118675325
2,1326,-670.9460666543526
2,1327,-666.7629100561842
2,1328,-669.2002773536266
2,1329,-665.212964952029
2,1330,-672.6075037735823
2,1331,-676.1650466185569
2,1332,-669.458620994467
2,1333,-666.4502925536251
2,1334,-667.0698516282328
2,1335,-666.7077338503115
2,1336,-667.0332595285698
2,1337,-666.6532639223179
2,1338,-664.7507285701623
2,1339,-661.929889671471
2,1340,-663.0471040060265
2,1341,-664.1537464361655
2,1342,-661.6744492888569
2,1343,-660.6964750302211
2,1344,-669.3014948408558
2,1345,-666.1612900816906
2,1346,-664.2905866435619
2,1347,-669.311974174687
2,1348,-666.2236429512384
2,1349,-665.4501512126749
2,1350,-666.2612719121071
2,1351,-668.0538738840386
2,1352,-667.048074406792
2,1353,-668.8688240517756
2,1354,-671.5284603917243
2,1355,-669.0940502166164
2,1356,-672.5940506151611
2,1357,-669.299319628024
2,1358,-667.1933363949213
2,1359,-664.4180040434591
2,1360,-665.68068399722
2,1361,-666.1939550084818
2,1362,-666.8216385069998
2,1363,-665.2618797211579
2,1364,-664.819122194414
2,1365,-668.0826900549005
2,1366,-671.5922460403877
2,1367,-673.5266590074147
2,1368,-673.2686967905694
2,1369,-671.8519781529103
2,1370,-678.742040596348
2,1371,-677.4170186266416
2,1372,-677.0560330902941
2,1373,-682.2165866181987
2,1374,-672.0649296792086
2,1375,-672.0986523246874
2,1376,-669.6114983799501
2,1377,-669.0503694264463
2,1378,-664.8583962778379
2,1379,-664.072803389866
2,1380,-663.3567474162803
2,1381,-662.3742519076568
2,1382,-667.6841485177266
2,1383,-668.3485487762927
2,1384,-671.8900540166075
2,1385,-672.6101964631763
2,1386,-676.7608887094563
2,1387,-685.8512716162392
2,1388,-674.9424462552573
2,1389,-672.7239528146822
2,1390,-674.2173748543448
2,1391,-673.1510156031757
2,1392,-668.9121414313857
2,1393,-667.7885735316634
2,1394,-666.472285339193
2,1395,-665.3520258050629
2,1396,-668.4711191411016
2,1397,-667.4305549612377
2,1398,-664.1233640861695
2,1399,-671.4623150778716
2,1400,-668.976116948615
2,1401,-671.9971529528937
2,1402,-670.6454180161566
2,1403,-666.5645282439449
2,1404,-667.3651953923675
2,1405,-671.2597793217286
2,1406,-665.7153492997581
2,1407,-665.8625499833386
2,1408,-665.2319557595675
2,1409,-669.2750496524627
2,1410,-668.419453199152
2,1411,-662.3531909447627
2,1412,-662.9095343725567
2,1413,-670.2855032765212
2,1414,-668.5556367685259
2,1415,-665.1862061811412
2,1416,-664.8020620867954
2,1417,-672.768259047694
2,1418,-671.1851147161192
2,1419,-670.9181231815478
2,1420,-669.1495201999572
2,1421,-671.9655957440381
2,1422,-673.897419408468
2,1423,-676.3891363198518
2,1424,-681.6986747036946
2,1425,-671.7839949171503
2,1426,-666.5126523072333
2,1427,-666.4466794781116
2,1428,-668.5060346340331
2,1429,-670.0295085485293
2,1430,-665.7201326858863
2,1431,-670.0512954370855
2,1432,-664.6239479524118
2,1433,-666.2310611345196
2,1434,-670.571694507345
2,1435,-668.5576868813099
2,1436,-667.5968222850182
2,1437,-672.8465926220531
2,1438,-671.8862924892156
2,1439,-666.4394760172132
2,1440,-666.1004008175677
2,1441,-666.3559439758094
2,1442,-670.2417882990277
2,1443,-667.6935840323434
2,1444,-674.3042227623976
2,1445,-675.3109485701417
2,1446,-671.7841305902341
2,1447,-667.6297832531171
2,1448,-667.0876405777205
2,1449,-667.7785177876299
2,1450,-665.625191794679
2,1451,-664.796569746807
2,1452,-664.8779059009819
2,1453,-665.4433824612595
2,1454,-665.910259322072
2,1455,-671.3412787709528
2,1456,-675.2112112482706
2,1457,-672.5278741381161
2,1458,-670.1542914738997
2,1459,-669.1581205123965
2,1460,-664.8021890093156
2,1461,-660.8776811964277
2,1462,-663.0276214538331
2,1463,-664.0093729018273
2,1464,-675.5305652521303
2,1465,-666.2005192336339
2,1466,-667.2446568461638
2,1467,-666.2472036322399
2,1468,-668.729824840815
2,1469,-671.0328460051865
2,1470,-672.373175230374
2,1471,-668.3492768642866
2,1472,-675.8401606866504
2,1473,-673.7898697793808
2,1474,-670.5719615098536
2,1475,-666.0339376103377
2,1476,-665.6432077519415
2,1477,-671.8006758628152
2,1478,-668.3591491317352
2,1479,-668.958713045338
2,1480,-669.9964538469703
2,1481,-669.8252107813362
2,1482,-672.4752203693217
2,1483,-672.6797509231186
2,1484,-674.1568526133269
2,1485,-668.4104794004587
2,1486,-667.3919216409631
2,1487,-671.4980813908844
2,1488,-673.0208531989031
2,1489,-669.637531362391
2,1490,-672.0990482643402
2,1491,-670.2587780742995
2,1492,-666.91230836125
2,1493,-668.4559282747523
2,1494,-668.3597670516538
2,1495,-662.0722392265668
2,1496,-665.5916710096471
2,1497,-663.4788955727826
2,1498,-664.2064084922033
2,1499,-667.5292057503235
2,1500,-670.7066469871143
2,1501,-664.7341931148624
2,1502,-666.4905039257038
2,1503,-675.7853331750196
2,1504,-668.8170127093689
2,1505,-671.1794029954523
2,1506,-669.5877305421697
2,1507,-666.3537117569898
2,1508,-669.3042866933212
2,1509,-670.7930153588212
2,1510,-671.4775586718397
2,1511,-673.676751539306
2,1512,-669.6211186740379
2,1513,-667.7410879552676
2,1514,-668.3524464818752
2,1515,-673.856538317582
2,1516,-677.9405182345673
2,1517,-669.5360974447648
2,1518,-672.6206356290836
2,1519,-677.7829619113618
2,1520,-677.3356191952603
2,1521,-674.7574783908208
2,1522,-678.1598951779218
2,1523,-673.5805662848582
2,1524,-676.3766409969122
2,1525,-677.0366998747257
2,1526,-675.604595505422
2,1527,-680.076301218412
2,1528,-668.543923718819
2,1529,-665.6788491240811
2,1530,-666.4427415750866
2,1531,-663.6386163491429
2,1532,-666.8733068949117
2,1533,-664.3314917771567
2,1534,-668.8685601944187
2,1535,-670.7718923020217
2,1536,-670.5521979896863
2,1537,-669.8575069601316
2,1538,-668.4954308146803
2,1539,-667.5068798606806
2,1540,-664.8497747937454
2,1541,-676.9579122140709
2,1542,-678.6919557135808
2,1543,-671.4912874429907
2,1544,-680.2721974280892
2,1545,-673.5889862807056
2,1546,-672.6851140589241
2,1547,-670.4322027702693
2,1548,-667.6136682289633
2,1549,-663.5556397088269
2,1550,-663.848829869193
2,1551,-669.7262170865988
2,1552,-676.4371836028857
2,1553,-668.9679933207381
2,1554,-672.2775470188334
2,1555,-672.0592882339754
2,1556,-671.5926758581455
2,1557,-673.3906267151355
2,1558,-670.8436716814247
2,1559,-675.309786111414
2,1560,-671.4150623244104
2,1561,-669.4277851161379
2,1562,-672.6836440157883
2,1563,-678.1408269770255
2,1564,-676.8894586132517
2,1565,-670.3805840859055
2,1566,-664.8691056384823
2,1567,-668.6408819057302
2,1568,-673.8242935484586
2,1569,-677.236949422425
2,1570,-681.3326276507122
2,1571,-673.3460752889911
2,1572,-675.1862044618673
2,1573,-674.4014290037865
2,1574,-671.9939072968814
2,1575,-676.0294455240369
2,1576,-671.7977054711555
2,1577,-667.4087033498696
2,1578,-663.5321601670627
2,1579,-665.4076745168576
2,1580,-665.8418188804652
2,1581,-667.982815480868
2,1582,-668.3038927523983
2,1583,-670.7765531672427
2,1584,-675.2372595083534
2,1585,-676.0304864717878
2,1586,-665.5680555225467
2,1587,-664.2947951956852
2,1588,-663.931953949309
2,1589,-669.7652971575324
2,1590,-671.7259603189397
2,1591,-670.4454009947343
2,1592,-668.5121197802943
2,1593,-665.8230866832464
2,1594,-671.176262274514
2,1595,-668.1363406882058
2,1596,-666.7460429995351
2,1597,-672.2289428919481
2,1598,-662.5812560520521
2,1599,-662.1148119937853
2,1600,-663.9777557499335
2,1601,-673.2893381932062
2,1602,-674.791015482377
2,1603,-674.4167398330814
2,1604,-670.6639470579178
2,1605,-667.3289039137038
2,1606,-673.2589030616482
2,1607,-675.0199297564902
2,1608,-670.3332674195639
2,1609,-669.386840820943
2,1610,-666.4180997363811
2,1611,-664.2732864534146
2,1612,-670.9080059537832
2,1613,-679.6222156920543
2,1614,-667.0475216036988
2,1615,-671.2052070578219
2,1616,-672.1054210956542
2,1617,-670.8216834036897
2,1618,-670.3550936087605
2,1619,-678.7737599455213
2,1620,-677.3193516181185
2,1621,-671.6982345874812
2,1622,-666.6851037428697
2,1623,-677.916415663338
2,1624,-665.1640498550549
2,1625,-669.8764064115713
2,1626,-666.0086282876646
2,1627,-664.7739170594311
2,1628,-664.4299420641136
2,1629,-668.4213583245286
2,1630,-671.6949028788533
2,1631,-662.1272021707122
2,1632,-665.3601892430522
2,1633,-667.4023502268393
2,1634,-670.2873821856995
2,1635,-669.311855350714
2,1636,-667.2724609726617
2,1637,-661.3348593818866
2,1638,-660.0979473765641
2,1639,-664.659310945373
2,1640,-670.1123385438225
2,1641,-670.921647378222
2,1642,-674.3224742551968
2,1643,-670.8865314122744
2,1644,-673.7599340333123
2,1645,-675.6441073514159
2,1646,-679.8735804644193
2,1647,-676.1463169994463
2,1648,-668.9441915468932
2,1649,-664.7472001414741
2,1650,-674.1448757434403
2,1651,-666.9787874767535
2,1652,-671.3052830856263
2,1653,-674.2125261714579
2,1654,-677.725399368031
2,1655,-667.8409890168707
2,1656,-668.8651295377216
2,1657,-680.4772674660603
2,1658,-670.4773342088628
2,1659,-665.7213544729718
2,1660,-672.1911325537505
2,1661,-673.1917435849997
2,1662,-666.5283672541475
2,1663,-667.5139449163989
2,1664,-666.9234563898792
2,1665,-668.2512052245961
2,1666,-667.6963617824025
2,1667,-671.9003987101336
2,1668,-670.3815933871575
2,1669,-672.4636986043648
2,1670,-672.4895905508142
2,1671,-673.8637021395693
2,1672,-671.5767020206066
2,1673,-667.3977272775572
2,1674,-671.6662863037321
2,1675,-670.7768175004697
2,1676,-671.4622655371686
2,1677,-669.5001097308806
2,1678,-676.0607599929342
2,1679,-675.4772591833953
2,1680,-674.2453496365027
2,1681,-670.1276533610469
2,1682,-671.9877382177094
2,1683,-663.2441756240307
2,1684,-664.5119328935205
2,1685,-667.8151670792045
2,1686,-671.6412376475582
2,1687,-674.9276490737997
2,1688,-673.7751569376928
2,1689,-674.2000162770092
2,1690,-668.3222049040468
2,1691,-667.6765945688242
2,1692,-669.4195594287154
2,1693,-670.3137160761781
2,1694,-675.1352860791513
2,1695,-675.5768330352245
2,1696,-669.1441963959314
2,1697,-665.4892042644248
2,1698,-664.3766422826433
2,1699,-664.8507665803395
2,1700,-664.3040372633121
2,1701,-667.3229534186595
2,1702,-669.5301353243434
2,1703,-669.6400336398572
2,1704,-673.2410638492856
2,1705,-677.7230689072843
2,1706,-666.0954220201007
2,1707,-670.730874841603
2,1708,-666.4688725045257
2,1709,-666.9033468786712
2,1710,-671.1428530676653
2,1711,-669.2398923094704
2,1712,-666.912114130075
2,1713,-671.7979122266729
2,1714,-668.7218536138756
2,1715,-668.2455095451495
2,1716,-669.8542269553062
2,1717,-671.8683508463482
2,1718,-670.749463786525
2,1719,-670.4437943000999
2,1720,-675.071341163135
2,1721,-673.8114956715344
2,1722,-672.6161738579208
2,1723,-667.8355566858442
2,1724,-670.7222373670612
2,1725,-666.6952638960477
2,1726,-671.2364928696496
2,1727,-670.8603020274405
2,1728,-666.597471999323
2,1729,-673.6309990652003
2,1730,-671.1198398556409
2,1731,-668.0155103044448
2,1732,-662.5182839846507
2,1733,-672.14524801476
2,1734,-668.9772059302326
2,1735,-669.6618313846011
2,1736,-664.5327932999195
2,1737,-666.0825532879144
2,1738,-670.4120539193315
2,1739,-665.1310951233622
2,1740,-669.068566625996
2,1741,-666.7984873549875
2,1742,-673.2801961025451
2,1743,-681.6948729509933
2,1744,-674.5129924632481
2,1745,-667.4578458057503
2,1746,-668.6787003238535
2,1747,-674.2913084102772
2,1748,-673.8458489305531
2,1749,-677.0263091491262
2,1750,-674.2306175211897
2,1751,-669.7270475690582
2,1752,-673.3565784520046
2,1753,-665.8560503005374
2,1754,-665.2377412545545
2,1755,-668.0024292502007
2,1756,-668.1841287961155
2,1757,-671.8642542278901
2,1758,-672.9659227474533
2,1759,-676.4024953419112
2,1760,-677.5038957382611
2,1761,-679.4518873389333
2,1762,-676.8133407482951
2,1763,-679.8209854549391
2,1764,-679.0937317438983
2,1765,-674.1026215587335
2,1766,-675.4253709223007
2,1767,-675.5715165699554
2,1768,-678.8110686426058
2,1769,-680.1122547210881
2,1770,-676.1411520812022
2,1771,-673.7458729475225
2,1772,-670.9172721914746
2,1773,-671.1633564462088
2,1774,-673.2684421254692
2,1775,-674.2531314920963
2,1776,-668.0899729162285
2,1777,-663.6470427323953
2,1778,-665.815177018556
2,1779,-668.3705243089148
2,1780,-665.5721474077238
2,1781,-663.3315998541423
2,1782,-663.2948868990597
2,1783,-666.2583776979819
2,1784,-665.5132266898577
2,1785,-664.996727078458
2,1786,-663.474782779565
2,1787,-668.8519444472972
2,1788,-663.3806242535319
2,1789,-668.8345944783841
2,1790,-669.0400094814396
2,1791,-670.0701787333994
2,1792,-669.221304130045
2,1793,-668.5501194249299
2,1794,-674.8719766946007
2,1795,-674.0490776435524
2,1796,-672.121682114794
2,1797,-674.0167058152523
2,1798,-678.7343303286852
2,1799,-681.8875893671171
2,1800,-678.6516110294867
2,1801,-669.237474993231
2,1802,-666.9659196958069
2,1803,-671.3584422782644
2,1804,-674.5399923916882
2,1805,-674.8740975388143
2,1806,-674.3284790688444
2,1807,-668.8358693080343
2,1808,-669.9459377480606
2,1809,-667.9332922488519
2,1810,-667.9554204982225
2,1811,-666.7863988990083
2,1812,-669.7388647492622
2,1813,-672.2650746404894
2,1814,-665.8850374061615
2,1815,-671.6286849769606
2,1816,-667.8863785070117
2,1817,-665.6911610297045
2,1818,-666.2753118043763
2,1819,-668.3744297817028
2,1820,-669.0894881574873
2,1821,-666.7106071008575
2,1822,-666.1136222337959
2,1823,-668.7523055987716
2,1824,-665.6372874395876
2,1825,-669.8343302557568
2,1826,-677.0342904786671
2,1827,-673.1198766465715
2,1828,-678.3118319819853
2,1829,-673.6967735294794
2,1830,-666.4201080960405
2,1831,-672.168140661992
2,1832,-670.4409485888953
2,1833,-672.5676337976365
2,1834,-675.75854764674
2,1835,-670.6818807474326
2,1836,-674.9465078117258
2,1837,-672.771135875084
2,1838,-664.2230209385963
2,1839,-669.1061628608933
2,1840,-671.2839917843495
2,1841,-677.5511916341535
2,1842,-670.3021355231089
2,1843,-669.2867929692491
2,1844,-669.2056520701087
2,1845,-669.1986619212192
2,1846,-668.3380785794653
2,1847,-670.7261924364442
2,1848,-666.1992197188372
2,1849,-666.6368563018809
2,1850,-669.2011010730145
2,1851,-669.7370381363502
2,1852,-673.7272861911907
2,1853,-672.1982560352473
2,1854,-663.8904001163879
2,1855,-668.8370853481425
2,1856,-669.0110492462237
2,1857,-672.2775000782513
2,1858,-668.6560060527189
2,1859,-663.7782471615385
2,1860,-663.9338720488292
2,1861,-662.9325647601399
2,1862,-668.9277567585137
2,1863,-669.9981651383347
2,1864,-670.0211960812459
2,1865,-675.7690921120133
2,1866,-677.3345874048681
2,1867,-675.2191439009285
2,1868,-673.8891338396153
2,1869,-673.5723526091922
2,1870,-667.2355748432608
2,1871,-668.775980886067
2,1872,-671.7438608759858
2,1873,-668.1232968957602
2,1874,-665.3716381153305
2,1875,-667.6592573056307
2,1876,-669.4540272155335
2,1877,-668.4302942704895
2,1878,-672.7128436223072
2,1879,-676.1330383086874
2,1880,-673.460321401157
2,1881,-676.2079277657508
2,1882,-672.1914602550668
2,1883,-668.7880208577518
2,1884,-667.3850714828077
2,1885,-661.732264111228
2,1886,-661.5354666833045
2,1887,-664.1473876258998
2,1888,-667.2806571967503
2,1889,-664.9376523680626
2,1890,-664.1018093353068
2,1891,-663.784580018031
2,1892,-665.3992600802164
2,1893,-667.4840377583649
2,1894,-670.150107167599
2,1895,-670.1984133259541
2,1896,-661.0878785974287
2,1897,-667.5511907247677
2,1898,-671.0147880167899
2,1899,-673.9453505544444
2,1900,-674.979417100352
2,1901,-669.6330853267159
2,1902,-671.1612519823448
2,1903,-674.644282309906
2,1904,-672.5469746544419
2,1905,-673.8644070210402
2,1906,-679.2019419711152
2,1907,-673.6930660725051
2,1908,-665.9064650969991
2,1909,-668.3978726341218
2,1910,-664.7388588565843
2,1911,-666.793070309973
2,1912,-665.8884582061271
2,1913,-664.6017505200285
2,1914,-662.9878374176985
2,1915,-664.0926669270822
2,1916,-670.6708306077586
2,1917,-668.0973433414725
2,1918,-666.7078296834324
2,1919,-665.6681798769591
2,1920,-666.5907540817823
2,1921,-664.9799281509779
2,1922,-663.1491960199331
2,1923,-670.7360182151704
2,1924,-671.3081158268254
2,1925,-671.1512028434082
2,1926,-668.5880702049903
2,1927,-667.7129195679063
2,1928,-668.326669039534
2,1929,-668.177028674449
2,1930,-669.2283406282368
2,1931,-667.7509630879157
2,1932,-667.823504846332
2,1933,-668.604678960141
2,1934,-668.632873605111
2,1935,-670.8467821176015
2,1936,-670.461409860769
2,1937,-672.484708546715
2,1938,-668.2115113132056
2,1939,-665.3172208311157
2,1940,-661.8147098811662
2,1941,-665.7989451569119
2,1942,-668.0994587693683
2,1943,-666.4440559627814
2,1944,-671.3495785423559
2,1945,-672.9355277654138
2,1946,-673.9828743360658
2,1947,-677.1434748748687
2,1948,-666.0118453598801
2,1949,-671.9169796728785
2,1950,-672.0792933234039
2,1951,-671.0402900610691
2,1952,-670.9972317483181
2,1953,-671.1223281519252
2,1954,-671.561871238606
2,1955,-672.3604779467158
2,1956,-665.955518025251
2,1957,-669.0099502416156
2,1958,-666.0548097493365
2,1959,-665.9050955848153
2,1960,-666.2191569397343
2,1961,-667.0627864844663
2,1962,-672.950600174845
2,1963,-673.4375140778934
2,1964,-667.8765395534115
2,1965,-672.2043027749118
2,1966,-668.8353996074231
2,1967,-666.8640964538979
2,1968,-666.9667420633813
2,1969,-664.315874324733
2,1970,-668.7813466926222
2,1971,-669.6419666839499
2,1972,-667.2136270157969
2,1973,-663.3111541069177
2,1974,-664.5433342352792
2,1975,-662.9216859730216
2,1976,-664.9964792695928
2,1977,-665.280771848383
2,1978,-664.8728966561281
2,1979,-665.0991068928014
2,1980,-667.2917618481113
2,1981,-661.5835248697357
2,1982,-662.0718472182942
2,1983,-662.8251613387375
2,1984,-665.2996364131969
2,1985,-669.6344588396227
2,1986,-670.833527676288
2,1987,-669.615380233337
2,1988,-674.5044112984996
2,1989,-674.1528346340017
2,1990,-668.0095572496544
2,1991,-664.9516788571411
2,1992,-664.6467129719324
2,1993,-664.1767116680696
2,1994,-663.5685036535779
2,1995,-667.9446978177858
2,1996,-667.4697212005337
2,1997,-667.4242021727064
2,1998,-669.228662095564
2,1999,-665.8687398861201
3,0,-671.2568051297328
3,1,-670.9027367208321
3,2,-672.9077105020988
3,3,-668.3562429603257
3,4,-667.6859147667877
3,5,-666.7534464177742
3,6,-667.5096146038939
3,7,-672.5488372313633
3,8,-672.0154872064901
3,9,-670.4277801947811
3,10,-677.6642397780462
3,11,-677.8511965217671
3,12,-666.8433570955306
3,13,-665.5253313018426
3,14,-671.2290199569637
3,15,-672.9441218150841
3,16,-670.5978676313756
3,17,-670.3850593243707
3,18,-670.6193152465937
3,19,-674.712535815324
3,20,-672.1438707438716
3,21,-677.6142713657284
3,22,-674.7081697681374
3,23,-673.8615455478595
3,24,-673.600858983511
3,25,-671.893747235552
3,26,-674.6217780827985
3,27,-669.6846482164937
3,28,-668.8735132169074
3,29,-668.5743003364797
3,30,-677.136606645385
3,31,-668.803108063498
3,32,-662.9581374840244
3,33,-668.5133132393627
3,34,-674.7918445069189
3,35,-667.3932551184856
3,36,-665.2549864154695
3,37,-668.6597926245585
3,38,-669.5938840394691
3,39,-670.5536976322398
3,40,-670.7026348542972
3,41,-663.902967972766
3,42,-666.1237055848959
3,43,-673.3096889278554
3,44,-665.931802565968
3,45,-676.0092062970489
3,46,-675.4299886042543
3,47,-672.9218554414302
3,48,-676.9913144904559
3,49,-674.4599542034603
3,50,-671.2323758225986
3,51,-675.7249525830902
3,52,-675.6102341422475
3,53,-672.2401504101191
3,54,-670.3884366996638
3,55,-670.3337418808906
3,56,-672.3715843732874
3,57,-677.0873930774183
3,58,-678.2755509607817
3,59,-672.3394914593547
3,60,-666.44868589508
3,61,-672.1647935759694
3,62,-668.4028993619514
3,63,-671.2843953254911
3,64,-660.7896634438052
3,65,-666.4599246740618
3,66,-672.7144257276772
3,67,-675.3062860925048
3,68,-675.2880641103103
3,69,-671.4672624086143
3,70,-680.7732822381527
3,71,-673.9815850263861
3,72,-673.6519025993537
3,73,-674.1246105502798
3,74,-681.8137678695123
3,75,-674.1645239364734
3,76,-667.9219614089604
3,77,-667.0490232530508
3,78,-662.617670963579
3,79,-667.0728362780258
3,80,-673.6835720952013
3,81,-674.6679326293579
3,82,-675.1107490260715
3,83,-671.871670618294
3,84,-671.7146620664546
3,85,-671.5524708492878
3,86,-672.5690705320796
3,87,-670.922059889704
3,88,-667.4989705594253
3,89,-670.9299815041524
3,90,-667.3457902063485
3,91,-666.4023501052967
3,92,-669.7772670379966
3,93,-667.8042929496823
3,94,-670.4231209077985
3,95,-670.272247256477
3,96,-677.7056916244064
3,97,-675.9748090467933
3,98,-676.9831676387122
3,99,-678.1856127316007
3,100,-673.5698938384326
3,101,-665.97510317213
3,102,-668.722010413744
3,103,-669.5233808742405
3,104,-667.9370641339206
3,105,-671.5758576922186
3,106,-670.6653385341789
3,107,-666.608045889458
3,108,-672.5061722665337
3,109,-668.2779090345012
3,110,-666.7778287453784
3,111,-673.5874312194019
3,112,-672.2374393672994
3,113,-669.6740268059247
3,114,-667.9912567572732
3,115,-664.1641238518565
3,116,-662.3754863178937
3,117,-674.6031561971198
3,118,-669.8237935771721
3,119,-671.0873764053945
3,120,-670.316389527456
3,121,-669.868987587392
3,122,-665.0782662616274
3,123,-662.0890237544265
3,124,-670.4160231507158
3,125,-669.6159977826958
3,126,-670.0077114944419
3,127,-667.6897368330721
3,128,-665.4014480342375
3,129,-668.8684105185413
3,130,-668.7609648063459
3,131,-670.671867566819
3,132,-676.6091707254568
3,133,-669.3464034532425
3,134,-672.7698288850933
3,135,-671.5383537634987
3,136,-675.707787807166
3,137,-666.9159202724246
3,138,-673.99301218962
3,139,-665.375196389405
3,140,-665.9318576937658
3,141,-665.0133376034094
3,142,-667.5325083932112
3,143,-664.2763515037674
3,144,-664.8827738472933
3,145,-661.7947332775827
3,146,-661.3396268533432
3,147,-664.2379921624312
3,148,-671.0328383271421
3,149,-671.0781948353906
3,150,-670.21054147785
3,151,-671.747267704763
3,152,-664.2198538147777
3,153,-667.2676653456933
3,154,-666.279260110907
3,155,-667.7105732888024
3,156,-665.1382342107398
3,157,-666.365390985327
3,158,-666.9467034549339
3,159,-666.5908784394024
3,160,-670.1096890124406
3,161,-670.7119517109165
3,162,-668.2048047550275
3,163,-673.0047111806473
3,164,-671.5303114665655
3,165,-668.7977030018118
3,166,-667.0656965655412
3,167,-667.581056855414
3,168,-670.0113471070514
3,169,-668.6573910935664
3,170,-668.1503282663352
3,171,-671.3507952220403
3,172,-675.7509678329209
3,173,-666.033355430011
3,174,-666.9490054713683
3,175,-666.2169975090364
3,176,-673.5451586406341
3,177,-666.7245221491294
3,178,-668.0552712733775
3,179,-668.855103289805
3,180,-669.7768314321006
3,181,-667.6755081397607
3,182,-665.0743466254647
3,183,-670.8875924681378
3,184,-669.6293032079838
3,185,-673.38788194412
3,186,-668.4659564920203
3,187,-665.9987708658057
3,188,-665.7013882889349
3,189,-671.0183245743098
3,190,-671.5377012019164
3,191,-674.836669807174
3,192,-682.7110683635873
3,193,-674.2941955755841
3,194,-670.7564122826984
3,195,-671.030505660583
3,196,-669.697695024353
3,197,-665.0727684182339
3,198,-673.6622440997411
3,199,-668.3022504634419
3,200,-675.1879376649629
3,201,-664.8909959644634
3,202,-663.9552239312759
3,203,-664.8031710717106
3,204,-666.8549266129991
3,205,-665.1703461086872
3,206,-670.4221445803214
3,207,-670.3605045797241
3,208,-670.3565715319345
3,209,-676.5577031513442
3,210,-675.4340299609338
3,211,-667.3829322784959
3,212,-671.3417916982174
3,213,-668.1122897006805
3,214,-670.0529522327588
3,215,-669.8059136943651
3,216,-664.0049049020936
3,217,-677.7466757414065
3,218,-668.5608499214345
3,219,-663.4143483344296
3,220,-665.3277288387977
3,221,-670.5820453840754
3,222,-675.7614471384293
3,223,-673.5071868548646
3,224,-670.7449506705261
3,225,-672.7028416259063
3,226,-673.9381802449388
3,227,-670.8220349229521
3,228,-666.9462268325335
3,229,-668.1082040842962
3,230,-665.1752890898291
3,231,-671.0564990971582
3,232,-669.0853548344862
3,233,-676.2972087064519
3,234,-676.8806376811714
3,235,-672.9498163622798
3,236,-675.0307586050637
3,237,-672.9950725489487
3,238,-667.2422360800448
3,239,-666.7050336993334
3,240,-668.8679007819552
3,241,-671.3338009598016
3,242,-674.2920132632471
3,243,-673.67505442965
3,244,-670.4908803243081
3,245,-664.2492912875331
3,246,-661.9666560979819
3,247,-666.5828020381834
3,248,-667.9846464406705
3,249,-671.0294733109773
3,250,-667.8958772807896
3,251,-672.970032151234
3,252,-667.0524897361244
3,253,-674.935471063985
3,254,-673.7243466602266
3,255,-666.4589059224523
3,256,-667.1857602379357
3,257,-667.2036641662567
3,258,-669.4858435750168
3,259,-669.8729344819243
3,260,-664.5017800989111
3,261,-667.757970651425
3,262,-667.6686139587143
3,263,-662.5667373879648
3,264,-666.2761421779059
3,265,-664.5502488471866
3,266,-667.5462867702
3,267,-662.9303896406971
3,268,-661.0622814698925
3,269,-666.6259839590067
3,270,-669.0341826962391
3,271,-664.9843761411787
3,272,-664.59404806097
3,273,-676.1825366562011
3,274,-671.7413561380373
3,275,-665.8850944225981
3,276,-670.5858082301545
3,277,-673.1546036873341
3,278,-672.6761666229363
3,279,-673.7670630042481
3,280,-664.3627654547885
3,281,-666.678483519959
3,282,-664.1580380783101
3,283,-668.6030309116796
3,284,-665.8657056177414
3,285,-660.2221414781484
3,286,-661.5769801313663
3,287,-663.367900309906
3,288,-665.6956132304707
3,289,-664.0752271454141
3,290,-675.0074964753173
3,291,-672.1655786489852
3,292,-669.738030634868
3,293,-666.6488889542078
3,294,-665.276552223898
3,295,-662.9454601100723
3,296,-666.7774032578312
3,297,-673.3476362399596
3,298,-672.9981772627284
3,299,-669.8265435887193
3,300,-669.8088108993425
3,301,-668.5978116701393
3,302,-663.2229346179439
3,303,-669.8841495898793
3,304,-670.2960899008557
3,305,-664.0501177153697
3,306,-665.2115518299288
3,307,-672.7958004954667
3,308,-664.2654563593467
3,309,-671.5262390689936
3,310,-669.7167675288819
3,311,-671.1099006235844
3,312,-675.0229530505094
3,313,-673.4897358951002
3,314,-668.1719845315057
3,315,-668.4806140731893
3,316,-672.9779971596859
3,317,-674.6415943355546
3,318,-671.1636446293737
3,319,-670.9205167502467
3,320,-667.159946632419
3,321,-664.3168430169891
3,322,-665.6152060848642
3,323,-667.6092924457676
3,324,-669.6859331823795
3,325,-671.1569299423677
3,326,-673.8565757778359
3,327,-673.615096396031
3,328,-676.4130548441589
3,329,-678.1925497785307
3,330,-678.1076596640357
3,331,-679.997705390991
3,332,-676.6917372463372
3,333,-673.4497947845688
3,334,-671.994232616028
3,335,-670.4678744021307
3,336,-675.5905957240967
3,337,-673.1257606945951
3,338,-673.4278416498543
3,339,-663.969837311642
3,340,-664.4425686230276
3,341,-667.0058773145431
3,342,-666.5814284070319
3,343,-671.8844769909089
3,344,-669.7846143860882
3,345,-669.040226450777
3,346,-666.3290998820033
3,347,-662.2379147846274
3,348,-663.91311218177
3,349,-665.0831113501819
3,350,-668.8774900573432
3,351,-667.2753310586359
3,352,-674.0098199153261
3,353,-669.9566587323621
3,354,-666.9246023586905
3,355,-667.8784205779638
3,356,-666.881214547897
3,357,-667.2736390100755
3,358,-664.0985590497395
3,359,-662.3948967440389
3,360,-664.1627542336867
3,361,-661.7712739160073
3,362,-666.5603042700461
3,363,-662.7060651817459
3,364,-668.0889294368212
3,365,-664.5903697824227
3,366,-673.0194831406592
3,367,-662.6531614084153
3,368,-670.9438324366965
3,369,-669.6003241144339
3,370,-665.1991374347642
3,371,-667.5836350171434
3,372,-669.9076332079593
3,373,-667.7484789236337
3,374,-667.4359286461817
3,375,-675.8518434465815
3,376,-673.1328038424384
3,377,-671.8946890888179
3,378,-665.3029334524249
3,379,-665.7155841203169
3,380,-666.135283866888
3,381,-666.6346239554632
3,382,-668.9821385688158
3,383,-666.5837587405381
3,384,-662.4106346947829
3,385,-667.3515439979423
3,386,-668.4884466103761
3,387,-665.1000590861541
3,388,-667.1287684225965
3,389,-667.3030738633063
3,390,-673.581612651864
3,391,-664.9746042465542
3,392,-666.4615147795755
3,393,-668.1187750217383
3,394,-666.2622596399528
3,395,-671.1693829923418
3,396,-675.1814030962935
3,397,-669.3855181742427
3,398,-663.963480060761
3,399,-665.0721526729653
3,400,-667.6390285551489
3,401,-667.9899079234192
3,402,-665.6240958082856
3,403,-667.561762165341
3,404,-667.7076141774759
3,405,-674.8341594494756
3,406,-672.2276555262873
3,407,-670.0332372280565
3,408,-673.4576047617276
3,409,-673.6559087817348
3,410,-675.0249388596607
3,411,-670.8869782138074
3,412,-664.1154267778834
3,413,-666.3957111486692
3,414,-672.2573859758512
3,415,-676.4853815333782
3,416,-671.3906918221617
3,417,-675.4249427436952
3,418,-667.079059241524
3,419,-668.1579898889066
3,420,-664.587177911069
3,421,-665.7167719147484
3,422,-669.3457103271393
3,423,-665.7958407361035
3,424,-664.6700646295385
3,425,-665.2210101720029
3,426,-663.9341332799227
3,427,-667.8873613730839
3,428,-666.718694168714
3,429,-666.7495864052459
3,430,-665.3182381674231
3,431,-667.9566272825065
3,432,-665.469751444249
3,433,-666.7773686498587
3,434,-666.4791283722925
3,435,-665.7068155093295
3,436,-668.3058703311008
3,437,-673.0414864443193
3,438,-673.2527494552843
3,439,-664.2440697543926
3,440,-665.6644751097521
3,441,-674.681492093379
3,442,-671.1770478317725
3,443,-668.0559690635528
3,444,-671.6995421726403
3,445,-674.4835467589401
3,446,-669.7562515100419
3,447,-668.3362100767589
3,448,-665.7543365011614
3,449,-667.1633903978317
3,450,-666.1650996694948
3,451,-669.8919499000732
3,452,-661.5050385674042
3,453,-667.8197218693955
3,454,-670.5492070270956
3,455,-673.9180765861284
3,456,-671.0758342850705
3,457,-672.5167849808787
3,458,-673.7529176598446
3,459,-669.2855476894701
3,460,-674.3673756373904
3,461,-667.5489335042694
3,462,-666.5683470018672
3,463,-682.6806351140926
3,464,-677.9950044252156
3,465,-673.2482374686795
3,466,-673.2759150434171
3,467,-677.3295485616791
3,468,-678.9388840271341
3,469,-676.2108515433472
3,470,-672.4562684925775
3,471,-672.5215397921659
3,472,-673.0041904544637
3,473,-671.1466102215275
3,474,-672.5391612365422
3,475,-672.8376950795758
3,476,-673.1465656605634
3,477,-670.4634259144982
3,478,-673.2869484826053
3,479,-672.7570234222974
3,480,-670.6781629798666
3,481,-666.5587682123846
3,482,-672.6753182396851
3,483,-668.1135345190099
3,484,-667.4777206669974
3,485,-666.3207715394957
3,486,-668.1389490811148
3,487,-665.2921904593125
3,488,-670.915008592301
3,489,-667.9337731503293
3,490,-667.5330969549843
3,491,-667.4575114510471
3,492,-668.4314331433277
3,493,-669.1347930508128
3,494,-675.4874423895387
3,495,-675.9802864660059
3,496,-673.5515380230652
3,497,-671.1126830882206
3,498,-671.6454445881398
3,499,-667.5465666067059
3,500,-663.4748131451058
3,501,-664.7067761695457
3,502,-665.7781723931558
3,503,-668.3978178595291
3,504,-669.511029331641
3,505,-673.0776477788521
3,506,-673.4839378474777
3,507,-674.013043737824
3,508,-670.5429875492856
3,509,-663.7711454263222
3,510,-663.6603776012427
3,511,-666.0629862336315
3,512,-662.6439371444513
3,513,-667.144212768126
3,514,-674.1606339601698
3,515,-674.608403730131
3,516,-670.8915204014096
3,517,-668.5367508116103
3,518,-667.2524270036326
3,519,-669.8467125893605
3,520,-666.6908276877602
3,521,-667.6839176674472
3,522,-668.0356794324597
3,523,-665.9152144917266
3,524,-671.605635056906
3,525,-664.7759492326164
3,526,-667.7301554340032
3,527,-668.1701767657427
3,528,-665.5403402008164
3,529,-667.5317578430335
3,530,-668.7349808834136
3,531,-671.4735482967167
3,532,-674.3058199134398
3,533,-683.4635476943952
3,534,-674.7621359469754
3,535,-670.2453740668556
3,536,-673.8893673460627
3,537,-668.1469123368572
3,538,-669.3724057841741
3,539,-671.3846495868203
3,540,-669.8175295837472
3,541,-668.8687837577247
3,542,-674.0017425692697
3,543,-664.8715269966357
3,544,-664.4568886373315
3,545,-668.9320393721574
3,546,-664.8721746311521
3,547,-664.0274914455413
3,548,-666.371303264302
3,549,-666.1996765566471
3,550,-668.8405663943876
3,551,-668.0516920145463
3,552,-668.3905488672171
3,553,-674.5015340983985
3,554,-674.430311238699
3,555,-669.0426046088054
3,556,-669.6270079491826
3,557,-669.6184698905677
3,558,-667.7021377711897
3,559,-668.5931350468655
3,560,-671.7474708171266
3,561,-671.6785238297699
3,562,-670.099783649565
3,563,-670.606284051938
3,564,-667.3302266867548
3,565,-663.9789615538117
3,566,-665.0878394623915
3,567,-666.8130612655941
3,568,-664.5995510298918
3,569,-671.4144526971628
3,570,-671.096508994415
3,571,-667.4131062917539
3,572,-666.8819021694644
3,573,-670.7883449549405
3,574,-667.716737726814
3,575,-668.3773869106669
3,576,-670.6885268852055
3,577,-671.361871802813
3,578,-672.4141191961403
3,579,-667.8608202531192
3,580,-674.8514484272538
3,581,-667.4268027242225
3,582,-671.2353911977332
3,583,-666.6438282508665
3,584,-669.7429933459606
3,585,-670.9838159404151
3,586,-670.013288494078
3,587,-673.2052194154737
3,588,-668.3274261067237
3,589,-664.2412574975825
3,590,-671.4749497616666
3,591,-666.7241440820849
3,592,-672.9046032600845
3,593,-675.8311618480717
3,594,-671.7972372111757
3,595,-679.8731012935434
3,596,-668.0040050460103
3,597,-671.5659841361255
3,598,-676.8727177488349
3,599,-675.9332512613157
3,600,-674.5448246354402
3,601,-676.7383188062834
3,602,-674.5683488690629
3,603,-670.2600591190638
3,604,-674.3768785189758
3,605,-674.3241550495999
3,606,-678.0063124425618
3,607,-673.5204548439941
3,608,-670.6816941050508
3,609,-676.4083127138355
3,610,-667.5569551637993
3,611,-675.5632481990582
3,612,-674.422471793249
3,613,-667.9828496258219
3,614,-669.269696503653
3,615,-671.9473881204844
3,616,-664.4089438919702
3,617,-665.5034470881718
3,618,-676.0830478184348
3,619,-674.2947260678511
3,620,-672.809090598349
3,621,-671.1190693329428
3,622,-677.0015604665801
3,623,-672.897654580766
3,624,-665.1402987054776
3,625,-672.8074751030204
3,626,-676.7595275779443
3,627,-673.9131618932907
3,628,-676.2317624685966
3,629,-667.8487286890204
3,630,-672.0548977318027
3,631,-673.9316765861644
3,632,-669.4372754208787
3,633,-672.5393192464678
3,634,-675.3230206181869
3,635,-672.2458248132407
3,636,-665.5998182404614
3,637,-668.0810569512953
3,638,-669.8731726770399
3,639,-672.7469377817856
3,640,-672.2177598582042
3,641,-672.6993040672677
3,642,-669.190793118844
3,643,-673.016611340585
3,644,-681.3070135017833
3,645,-667.9474057157935
3,646,-663.6785058467508
3,647,-666.7088838762761
3,648,-675.092157028537
3,649,-676.2435920621725
3,650,-668.5867905754203
3,651,-669.7826782827503
3,652,-666.9135991962343
3,653,-663.9826368629851
3,654,-663.2962905882962
3,655,-664.7501583851008
3,656,-664.7051605400233
3,657,-666.7609352535948
3,658,-670.3465386011723
3,659,-668.9154480672717
3,660,-672.5376936653369
3,661,-665.8265874347325
3,662,-666.1096779366276
3,663,-673.3009002702063
3,664,-669.7016115266813
3,665,-677.3713534488387
3,666,-669.3486963269742
3,667,-666.0690094156281
3,668,-667.6789543546299
3,669,-670.6362044207274
3,670,-669.4162851691461
3,671,-668.0372026143093
3,672,-668.8702192947623
3,673,-670.3789788348271
3,674,-675.6827854882071
3,675,-669.4484540724313
3,676,-671.7616319183867
3,677,-665.944054047898
3,678,-663.9653223967135
3,679,-662.4863595391087
3,680,-663.6672351634166
3,681,-665.9084402467695
3,682,-665.6151625591698
3,683,-676.9952629093931
3,684,-665.9879360432292
3,685,-666.4706075102794
3,686,-675.3240755486581
3,687,-674.6120849264329
3,688,-674.0844777218997
3,689,-667.3321022972435
3,690,-670.4830765540746
3,691,-666.731618508467
3,692,-671.7614101341653
3,693,-672.4240183297698
3,694,-672.2931346645008
3,695,-667.6532913508754
3,696,-668.6904416370535
3,697,-676.4282811313473
3,698,-670.1301225917396
3,699,-668.6307501659387
3,700,-664.0047431827226
3,701,-666.5373688005978
3,702,-664.8555297832513
3,703,-663.715609468722
3,704,-666.2116194277191
3,705,-665.4842250388846
3,706,-670.3732553480936
3,707,-671.0860788126819
3,708,-674.880513985028
3,709,-666.5539054383285
3,710,-675.9453148977923
3,711,-671.1336795279514
3,712,-670.9804032648341
3,713,-673.5691129131307
3,714,-669.6960804415236
3,715,-670.8003550160585
3,716,-669.499580264465
3,717,-674.0655025353183
3,718,-661.40110812709
3,719,-662.448143468555
3,720,-664.9208102863798
3,721,-664.4535606645816
3,722,-669.9300929702919
3,723,-669.4899412469816
3,724,-669.0641250269199
3,725,-669.7683532129643
3,726,-666.6904366945746
3,727,-668.7105477492768
3,728,-666.4301628344823
3,729,-665.9690663744758
3,730,-666.2068035255134
3,731,-676.8944315100331
3,732,-669.941068083226
3,733,-673.7326784354684
3,734,-669.4714936564519
3,735,-664.8740556430631
3,736,-658.4445173078866
3,737,-665.1984526040584
3,738,-669.969265497336
3,739,-675.4821455743145
3,740,-670.7453275969664
3,741,-664.8839075891674
3,742,-663.5892338248132
3,743,-665.6241225937555
3,744,-668.5373074357498
3,745,-666.1240495290464
3,746,-666.1618715070208
3,747,-668.2671215905447
3,748,-672.8776357813848
3,749,-666.9848068268651
3,750,-671.3549490705387
3,751,-670.5744184279542
3,752,-675.1708133311649
3,753,-674.5155498730439
3,754,-669.0930136415377
3,755,-669.5396285122615
3,756,-671.2195391416657
3,757,-670.6502634258821
3,758,-669.1697155080534
3,759,-673.1052101232339
3,760,-667.291622777215
3,761,-663.1317728350638
3,762,-662.6232814217585
3,763,-666.7442525570266
3,764,-666.443161183984
3,765,-667.2534525543667
3,766,-666.8480497207063
3,767,-666.0883953106718
3,768,-667.5714002901781
3,769,-669.9389831174619
3,770,-673.7844105879484
3,771,-670.2395095892516
3,772,-667.7514120334097
3,773,-669.9508756452716
3,774,-671.4096390969123
3,775,-669.8207049509373
3,776,-666.3584860488993
3,777,-669.1255533217519
3,778,-667.5775460166727
3,779,-672.0036851809157
3,780,-674.1770787281306
3,781,-671.7134972387888
3,782,-672.6209817495412
3,783,-670.2400880837457
3,784,-665.2882138958853
3,785,-666.0579530619927
3,786,-670.0006192503669
3,787,-671.0715946283648
3,788,-662.5032991747779
3,789,-667.681129595116
3,790,-667.8980564310912
3,791,-668.3243201413268
3,792,-671.7496693637158
3,793,-673.2534375332673
3,794,-672.4247245873959
3,795,-673.9529672616167
3,796,-673.8032780745319
3,797,-675.6863980238743
3,798,-671.0599312334964
3,799,-666.8396990653285
3,800,-670.0256740661705
3,801,-678.469745278343
3,802,-668.6483305415256
3,803,-664.6944612318736
3,804,-667.5521728883259
3,805,-665.4695766069439
3,806,-667.3631905234992
3,807,-672.1733359270659
3,808,-683.9569732997098
3,809,-671.951288151072
3,810,-671.0492912226032
3,811,-669.1453472108171
3,812,-670.0194408691897
3,813,-667.3536944975558
3,814,-671.6445615009673
3,815,-668.7143617020067
3,816,-666.4383360160444
3,817,-669.3017140295514
3,818,-668.6532899306154
3,819,-674.2413446894566
3,820,-672.7690631013057
3,821,-670.6091450358929
3,822,-671.9227024547909
3,823,-666.6460005137075
3,824,-664.3816488222305
3,825,-667.6090592887489
3,826,-669.3016534706286
3,827,-665.6263023964254
3,828,-673.0474575997581
3,829,-675.1068137222129
3,830,-669.8074071259147
3,831,-681.2893107237522
3,832,-671.1665107845296
3,833,-672.9391249955469
3,834,-665.3268609576207
3,835,-668.0005024512745
3,836,-668.2784710845759
3,837,-670.2664188630071
3,838,-671.23429825483
3,839,-670.2208942479334
3,840,-671.4566324268941
3,841,-670.2821100381793
3,842,-669.944844738984
3,843,-672.5482269149015
3,844,-668.0671227179834
3,845,-668.2115660254904
3,846,-669.4419783838558
3,847,-667.7484922034166
3,848,-667.2678078962123
3,849,-665.2889821832702
3,850,-669.4416982409965
3,851,-672.5768335309692
3,852,-683.4162689277427
3,853,-674.9768376137167
3,854,-670.0726816287529
3,855,-666.6067558471829
3,856,-674.0847048078398
3,857,-669.1608685386323
3,858,-675.3096909948413
3,859,-671.5234212717345
3,860,-669.3248487556726
3,861,-664.8005770625858
3,862,-663.1569077904902
3,863,-667.9296265830557
3,864,-669.9891063835352
3,865,-667.9292416008027
3,866,-667.6522534640623
3,867,-673.7561508712816
3,868,-673.7335415517844
3,869,-671.8565740552613
3,870,-670.3383312773074
3,871,-669.3369268083745
3,872,-668.6084945020045
3,873,-665.3419229057116
3,874,-666.8823576179052
3,875,-666.3946630059392
3,876,-667.8968194029469
3,877,-667.9616904066789
3,878,-668.2598473580671
3,879,-668.7148861906977
3,880,-667.5174358342533
3,881,-665.8717763350878
3,882,-669.6484568259422
3,883,-665.178971801483
3,884,-669.0649890404441
3,885,-669.6433970839988
3,886,-673.4314341003759
3,887,-668.7244157837745
3,888,-666.0706759134496
3,889,-669.6847631056507
3,890,-672.4011058170748
3,891,-672.2671171738256
3,892,-674.2557605182238
3,893,-670.0979520434834
3,894,-664.4299192078425
3,895,-668.1785179305076
3,896,-668.5758036025233
3,897,-666.2067964419465
3,898,-662.5339806951695
3,899,-664.7978319504255
3,900,-666.6526411920617
3,901,-668.38746029851
3,902,-669.6093570074207
3,903,-668.0594828936328
3,904,-664.2203820425302
3,905,-666.684322203239
3,906,-678.8436844493733
3,907,-679.9628146120865
3,908,-679.2086069372058
3,909,-676.9114044546589
3,910,-675.3535808343506
3,911,-676.482149265296
3,912,-670.0474690106079
3,913,-670.1155074559817
3,914,-667.8972413187053
3,915,-668.8018900478357
3,916,-667.0002188424311
3,917,-667.4379727158616
3,918,-662.5179809060468
3,919,-672.9269288137542
3,920,-672.1384394909755
3,921,-669.7798445146651
3,922,-671.2474177788903
3,923,-673.4469231578663
3,924,-673.693162811658
3,925,-679.1376538209998
3,926,-669.2858427658059
3,927,-669.9563917529545
3,928,-667.175569802958
3,929,-666.2365296050052
3,930,-666.3831847902572
3,931,-667.9116980486771
3,932,-675.7338854718402
3,933,-671.169868464449
3,934,-671.755153352778
3,935,-669.2786234170579
3,936,-671.5409006748573
3,937,-673.5761993264143
3,938,-675.0266980759578
3,939,-672.4188714104357
3,940,-672.0466043547401
3,941,-667.2823112631278
3,942,-664.913298676943
3,943,-666.2989804604147
3,944,-667.612267158532
3,945,-668.8848984596665
3,946,-667.7033669691954
3,947,-664.8132106168897
3,948,-665.5000476469575
3,949,-669.627528250305
3,950,-671.33243032973
3,951,-668.3242751267134
3,952,-668.2543991472922
3,953,-667.8585401659647
3,954,-663.8046368344305
3,955,-663.2020823562502
3,956,-667.104119712171
3,957,-663.6988139729176
3,958,-659.2567250829366
3,959,-663.3082167309623
3,960,-661.9118185709051
3,961,-663.8656995307526
3,962,-670.2121400767882
3,963,-673.5181786365497
3,964,-679.1341963013824
3,965,-667.9091172857895
3,966,-667.4317725230304
3,967,-667.6633609222458
3,968,-666.8570284093089
3,969,-668.5916926787123
3,970,-668.0133920055614
3,971,-669.851842606109
3,972,-668.4251272435507
3,973,-671.5631844359536
3,974,-676.5528094402664
3,975,-673.0381706649058
3,976,-665.265335705369
3,977,-664.9691640321911
3,978,-664.1531776580523
3,979,-662.3151281655701
3,980,-664.8615482510702
3,981,-662.7759093534731
3,982,-667.3419644309753
3,983,-663.3509482669905
3,984,-666.2720938271067
3,985,-664.341381711417
3,986,-666.0548359647399
3,987,-665.9959173345761
3,988,-669.5979990525746
3,989,-669.6506633457942
3,990,-670.9225725166465
3,991,-664.3685253841561
3,992,-669.515193858157
3,993,-670.6251642917274
3,994,-673.5784740822506
3,995,-675.1666412528365
3,996,-669.78486438603
3,997,-669.559968401284
3,998,-663.5442921188935
3,999,-666.3751207574807
3,1000,-673.3351248236926
3,1001,-675.2423582320909
3,1002,-677.937429212963
3,1003,-672.7286472244929
3,1004,-670.9431948667844
3,1005,-673.5547624173004
3,1006,-678.4125869368145
3,1007,-662.5980271291182
3,1008,-668.4387132318438
3,1009,-669.6079569285645
3,1010,-673.6583174953603
3,1011,-671.0292640918238
3,1012,-666.905421330758
3,1013,-671.986269731254
3,1014,-664.7066028789922
3,1015,-671.7884372646897
3,1016,-668.3303751058243
3,1017,-668.9981695278354
3,1018,-673.1978097405595
3,1019,-674.0167136865791
3,1020,-667.8247710723806
3,1021,-670.3423706826286
3,1022,-665.9552702885723
3,1023,-667.7855917635824
3,1024,-666.323291291418
3,1025,-666.3561050389507
3,1026,-666.0448617281296
3,1027,-666.5502123065136
3,1028,-668.2082162330756
3,1029,-666.9880598508873
3,1030,-667.8791318637853
3,1031,-671.4168784655145
3,1032,-672.5314228447163
3,1033,-673.4652265945326
3,1034,-672.7839884679929
3,1035,-672.3711639804399
3,1036,-671.5510485883834
3,1037,-674.2314239603771
3,1038,-674.6759518814041
3,1039,-671.6415321822778
3,1040,-676.2692331453206
3,1041,-671.4656121614838
3,1042,-664.0684506874651
3,1043,-667.5780161557373
3,1044,-663.8113607330897
3,1045,-674.9392906168866
3,1046,-674.451042314717
3,1047,-683.3309461510362
3,1048,-667.8089145010844
3,1049,-668.5694784368826
3,1050,-665.5004966472914
3,1051,-669.9231400277564
3,1052,-665.7592492314072
3,1053,-666.6170317843859
3,1054,-668.6377240790584
3,1055,-667.8656762700006
3,1056,-666.2044434150305
3,1057,-665.8727292908866
3,1058,-666.8743231423161
3,1059,-668.5927734610348
3,1060,-664.0818121125952
3,1061,-662.1581972370043
3,1062,-667.3745234893838
3,1063,-666.4218184328822
3,1064,-670.2419192236563
3,1065,-670.0819414053507
3,1066,-670.9378882825482
3,1067,-666.8659293906053
3,1068,-675.1638150491389
3,1069,-674.5225771809382
3,1070,-676.6567544651355
3,1071,-681.851202974214
3,1072,-681.4473150453177
3,1073,-676.1002603793387
3,1074,-672.0253661983483
3,1075,-671.2207089468071
3,1076,-673.7164879931642
3,1077,-677.7923275471198
3,1078,-675.8704373265242
3,1079,-668.2606530641946
3,1080,-677.435690389128
3,1081,-675.4896247529485
3,1082,-666.7974747128349
3,1083,-668.611941458175
3,1084,-665.8483486206476
3,1085,-663.7588674952539
3,1086,-662.2553738018576
3,1087,-663.0220386676029
3,1088,-667.2705196676301
3,1089,-668.3982486531702
3,1090,-667.8569855890976
3,1091,-668.0999460131233
3,1092,-675.4951057236874
3,1093,-669.9291985851916
3,1094,-668.9520156841858
3,1095,-671.2867251131895
3,1096,-669.6091219073052
3,1097,-674.9504459643276
3,1098,-681.7174338465493
3,1099,-676.1444651537124
3,1100,-670.1450060723203
3,1101,-667.6540061297083
3,1102,-667.8573369186845
3,1103,-668.934875553415
3,1104,-672.9985648512584
3,1105,-669.3606197232976
3,1106,-669.2835844371612
3,1107,-665.1400635942827
3,1108,-665.6467878235125
3,1109,-667.0981860367222
3,1110,-667.4257921666758
3,1111,-668.92048213712
3,1112,-674.0473335943377
3,1113,-673.80748780967
3,1114,-667.7625199153374
3,1115,-672.016618204755
3,1116,-670.8141723247891
3,1117,-670.4030258404323
3,1118,-666.2300215220947
3,1119,-668.6527827390654
3,1120,-673.8073882630977
3,1121,-670.1041676774422
3,1122,-670.9617602709295
3,1123,-668.2088123716879
3,1124,-664.8064988126688
3,1125,-666.2433422858761
3,1126,-668.2615082979814
3,1127,-668.6713625264226
3,1128,-672.4795802804412
3,1129,-673.5668902987491
3,1130,-674.9006308777191
3,1131,-676.212999090002
3,1132,-667.3104158199678
3,1133,-667.5506101646293
3,1134,-674.4002705661582
3,1135,-668.3591198941824
3,1136,-665.2918477010751
3,1137,-677.5053083290996
3,1138,-673.1921827297788
3,1139,-671.7724892819243
3,1140,-670.5282652580315
3,1141,-667.0901917661618
3,1142,-668.8266218799806
3,1143,-669.1992373916171
3,1144,-669.9671788833898
3,1145,-663.6789205201632
3,1146,-668.4806264548253
3,1147,-666.4868677382548
3,1148,-665.6384464938868
3,1149,-668.7572330885303
3,1150,-674.9657174807193
3,1151,-679.0098732040973
3,1152,-671.5425045345371
3,1153,-676.7705123186284
3,1154,-682.7813627017168
3,1155,-681.3510155635644
3,1156,-685.0286621760092
3,1157,-680.5113256133923
3,1158,-678.6978639182271
3,1159,-677.5425159920105
3,1160,-678.8073502640747
3,1161,-677.9975841671196
3,1162,-672.0855334394121
3,1163,-673.5822144385246
3,1164,-671.8328863179916
3,1165,-673.8289309361619
3,1166,-672.7634503750902
3,1167,-672.8369338734476
3,1168,-669.9844668711444
3,1169,-669.9995280489687
3,1170,-666.9414253835218
3,1171,-670.0717881468961
3,1172,-672.9606196362922
3,1173,-671.6701824404098
3,1174,-669.432126445117
3,1175,-669.390012096118
3,1176,-668.1893197014253
3,1177,-671.9309293853518
3,1178,-671.2785510970848
3,1179,-673.2970439758269
3,1180,-668.2624827007468
3,1181,-669.7249338934531
3,1182,-668.7709389883114
3,1183,-668.3768566019702
3,1184,-668.1562037232119
3,1185,-667.6030214355445
3,1186,-670.7184743975021
3,1187,-674.7450676886277
3,1188,-667.5346040633582
3,1189,-667.2776005866614
3,1190,-672.5304015022008
3,1191,-669.4745614729833
3,1192,-675.9427023981016
3,1193,-665.4517414366027
3,1194,-669.2449259487437
3,1195,-673.2042541637353
3,1196,-670.2155823801106
3,1197,-672.0601497639389
3,1198,-671.5530912545382
3,1199,-671.8527211884054
3,1200,-670.397693691709
3,1201,-668.5159469081995
3,1202,-668.1610125971745
3,1203,-668.5909444364247
3,1204,-664.7818555372828
3,1205,-662.9684329223909
3,1206,-671.4281648651493
3,1207,-672.419995024274
3,1208,-679.2520635865241
3,1209,-680.6310537970545
3,1210,-672.3965313045911
3,1211,-667.9179929777463
3,1212,-674.6820979916889
3,1213,-675.3522053321789
3,1214,-669.9246835014803
3,1215,-667.8075661503959
3,1216,-677.8431674233044
3,1217,-667.869208989652
3,1218,-668.4782054709015
3,1219,-663.8617934331094
3,1220,-666.8989436652114
3,1221,-667.7051568937087
3,1222,-667.4193187872785
3,1223,-669.065391380738
3,1224,-670.4508801322694
3,1225,-672.0136605131415
3,1226,-678.6173990017337
3,1227,-681.4183300480973
3,1228,-675.1686141642767
3,1229,-673.8047897228015
3,1230,-666.5234043673988
3,1231,-671.4693643248074
3,1232,-669.0166082032359
3,1233,-672.703968638427
3,1234,-667.8876747488823
3,1235,-669.8665502516176
3,1236,-672.4635460805789
3,1237,-673.5943877105997
3,1238,-671.0226873870116
3,1239,-670.1759218259248
3,1240,-664.2789538208592
3,1241,-666.2541688233032
3,1242,-671.4585587120207
3,1243,-669.2325561925021
3,1244,-665.6958728006528
3,1245,-670.8465203643761
3,1246,-665.0801628597916
3,1247,-668.3242342937858
3,1248,-667.8428319963056
3,1249,-665.5626500616504
3,1250,-665.795092520811
3,1251,-668.0851732716395
3,1252,-670.5051711359574
3,1253,-670.9527226156729
3,1254,-667.984213221789
3,1255,-669.9111041271876
3,1256,-667.891118294897
3,1257,-669.8539411559453
3,1258,-669.0078089497237
3,1259,-665.7251079487738
3,1260,-666.6318933229819
3,1261,-673.1201655975376
3,1262,-677.7414488753316
3,1263,-677.6811359637634
3,1264,-670.5484912931197
3,1265,-668.0171293617539
3,1266,-663.2662565363147
3,1267,-664.3266254098364
3,1268,-668.655606297338
3,1269,-665.3396214736025
3,1270,-671.9221975164629
3,1271,-673.9273773302926
3,1272,-670.6880295802006
3,1273,-668.8051049699887
3,1274,-668.1238069594307
3,1275,-666.1885003256363
3,1276,-668.9668650025039
3,1277,-662.5797501177838
3,1278,-671.0962518029431
3,1279,-669.6971967540755
3,1280,-671.5870225525886
3,1281,-667.6480203251142
3,1282,-665.286475653034
3,1283,-668.7183788140761
3,1284,-666.5391790298621
3,1285,-663.807616675625
3,1286,-667.0178432044504
3,1287,-665.7644248343054
3,1288,-669.0142372238465
3,1289,-672.4853052751279
3,1290,-674.6198515391192
3,1291,-669.0496979897156
3,1292,-664.7742787185119
3,1293,-667.9190673760809
3,1294,-668.873921387988
3,1295,-669.2796679633697
3,1296,-667.0220671989632
3,1297,-663.6693255172189
3,1298,-661.9412764296679
3,1299,-663.2461658075811
3,1300,-668.7790353015375
3,1301,-665.2686338136342
3,1302,-671.8027937015436
3,1303,-669.6399319221249
3,1304,-672.304048782003
3,1305,-668.1816242907222
3,1306,-675.8153301392488
3,1307,-671.2753090092841
3,1308,-670.7313107747736
3,1309,-671.1245767531104
3,1310,-669.6465490699096
3,1311,-671.6720836119305
3,1312,-677.980272437509
3,1313,-668.9512690810906
3,1314,-668.5539740918412
3,1315,-673.9781197251293
3,1316,-672.4658089563001
3,1317,-670.2604988150664
3,1318,-665.6085084024432
3,1319,-669.1647837498382
3,1320,-668.9033646353989
3,1321,-662.9620072888026
3,1322,-665.5725025900756
3,1323,-669.4283433722863
3,1324,-666.8512102003323
3,1325,-664.788550118981
3,1326,-667.6377188909607
3,1327,-666.2799642531851
3,1328,-665.2854631383987
3,1329,-665.2605937051031
3,1330,-667.9289790565762
3,1331,-665.1452208293927
3,1332,-672.9078070006941
3,1333,-671.7179474305168
3,1334,-670.9208781364556
3,1335,-673.047453596105
3,1336,-676.5187668413618
3,1337,-665.6029091360283
3,1338,-669.1774513838078
3,1339,-675.1630426362552
3,1340,-665.8103311914941
3,1341,-672.6180770451598
3,1342,-673.2416262799862
3,1343,-666.275356013343
3,1344,-671.4352604550799
3,1345,-667.5928538316824
3,1346,-665.2039938291198
3,1347,-668.2401047660622
3,1348,-662.7249633369839
3,1349,-666.3232627371655
3,1350,-665.230010385767
3,1351,-666.5843426785399
3,1352,-675.6498863864508
3,1353,-665.809255803312
3,1354,-666.1345465726124
3,1355,-668.1548522800929
3,1356,-669.7239030134198
3,1357,-669.1066785970248
3,1358,-664.4331135192031
3,1359,-664.3618827485781
3,1360,-667.4756442813207
3,1361,-664.0418175791444
3,1362,-665.6893664788568
3,1363,-669.4611880400067
3,1364,-669.6975660513172
3,1365,-671.4802194389379
3,1366,-671.002678460881
3,1367,-669.9794132919266
3,1368,-668.2607216994784
3,1369,-678.9910413273669
3,1370,-672.536089605567
3,1371,-677.1260445043768
3,1372,-669.3712203991518
3,1373,-671.973793331136
3,1374,-667.3781918917002
3,1375,-663.9368998031739
3,1376,-668.3040677138752
3,1377,-665.7491699909705
3,1378,-669.8890486940974
3,1379,-667.8594301799305
3,1380,-669.6248845867601
3,1381,-670.3270365749909
3,1382,-674.7657149931193
3,1383,-673.1194620901862
3,1384,-665.4578231369757
3,1385,-664.9092525592123
3,1386,-672.3597033750676
3,1387,-672.5410675921283
3,1388,-668.1103154590239
3,1389,-669.2878385826399
3,1390,-673.4213146927839
3,1391,-674.0453066552226
3,1392,-671.6126834386861
3,1393,-671.6046038413242
3,1394,-676.0545658644817
3,1395,-674.3347333899436
3,1396,-672.0387132000615
3,1397,-668.3358809851479
3,1398,-670.152598606239
3,1399,-674.3415699095982
3,1400,-677.3461192999038
3,1401,-669.3769733872177
3,1402,-668.4255803279071
3,1403,-668.6858060775558
3,1404,-665.9246217493795
3,1405,-671.5168837544747
3,1406,-670.0624522145029
3,1407,-673.4368487445769
3,1408,-670.768787056337
3,1409,-679.0800462513942
3,1410,-678.164870692196
3,1411,-671.6728776056119
3,1412,-675.9309319320303
3,1413,-666.6708972777556
3,1414,-672.4223549306248
3,1415,-670.959995070974
3,1416,-672.6550469075822
3,1417,-673.6868279012539
3,1418,-675.6901178032539
3,1419,-668.6663301762424
3,1420,-667.7427521937095
3,1421,-667.5384335947376
3,1422,-669.3645299343563
3,1423,-671.0768141140478
3,1424,-671.995813538639
3,1425,-671.0402324678436
3,1426,-675.5392397088775
3,1427,-673.8535946638718
3,1428,-676.1674597870846
3,1429,-669.6859622731426
3,1430,-668.2009302080475
3,1431,-669.7705832015614
3,1432,-669.6431368953191
3,1433,-662.8476071666664
3,1434,-667.6140925669976
3,1435,-668.5130273998546
3,1436,-668.5605614027696
3,1437,-669.2521448220502
3,1438,-666.6293703994179
3,1439,-664.6764137617855
3,1440,-662.0014950681759
3,1441,-668.1647095312508
3,1442,-679.0821975233753
3,1443,-666.9663737542718
3,1444,-666.824929545284
3,1445,-674.4504253840909
3,1446,-676.671307459857
3,1447,-669.335367679722
3,1448,-673.672536565303
3,1449,-663.0101400910969
3,1450,-664.4805370714436
3,1451,-664.3476593776658
3,1452,-669.0749305690366
3,1453,-674.5473648265954
3,1454,-671.4445981602163
3,1455,-672.8561804289907
3,1456,-669.266889141669
3,1457,-675.2439542560378
3,1458,-676.2465931702208
3,1459,-675.9482677424744
3,1460,-668.7228187324175
3,1461,-663.9963719132521
3,1462,-669.3674205903857
3,1463,-671.0088922968666
3,1464,-666.9887690792334
3,1465,-672.5940679065068
3,1466,-670.9124198921909
3,1467,-667.175893618571
3,1468,-667.6140641219384
3,1469,-668.480084507925
3,1470,-668.3649431322112
3,1471,-666.1357427423396
3,1472,-669.1409918404139
3,1473,-671.5929401408092
3,1474,-675.8778951722966
3,1475,-669.5263885272514
3,1476,-669.0740166078965
3,1477,-669.7333373117561
3,1478,-668.0962321999892
3,1479,-667.222747247588
3,1480,-668.5751590048652
3,1481,-668.8898786359412
3,1482,-670.0268346022729
3,1483,-670.1978900164243
3,1484,-672.6975571571791
3,1485,-668.4993577071266
3,1486,-668.5034384576052
3,1487,-666.3983684976896
3,1488,-666.8942969535999
3,1489,-674.9763694082651
3,1490,-673.2098121775865
3,1491,-667.6574568708431
3,1492,-666.3374227674453
3,1493,-668.1861107127041
3,1494,-668.0484851047263
3,1495,-665.5731828814944
3,1496,-666.384743715259
3,1497,-669.796171070728
3,1498,-666.7788343762768
3,1499,-674.7048602785729
3,1500,-673.3811539575006
3,1501,-664.9638065042022
3,1502,-668.1045389351435
3,1503,-668.2131240263254
3,1504,-671.6255990982037
3,1505,-664.8190204458557
3,1506,-663.804700754742
3,1507,-668.4889337405091
3,1508,-675.0290926939456
3,1509,-676.6261823238216
3,1510,-670.9138393985696
3,1511,-674.2026347312692
3,1512,-665.9506414062355
3,1513,-667.0997963183347
3,1514,-673.8357503576075
3,1515,-676.249651123647
3,1516,-670.9607399667615
3,1517,-671.8582265012967
3,1518,-668.5411807633409
3,1519,-667.9956347007965
3,1520,-671.1321374635046
3,1521,-671.061411603593
3,1522,-680.3249982309846
3,1523,-665.2486600303899
3,1524,-673.3566091362818
3,1525,-673.1989878718952
3,1526,-671.451213813255
3,1527,-673.559437076895
3,1528,-674.0302807706985
3,1529,-674.39922426558
3,1530,-670.2901523951232
3,1531,-669.1571010267377
3,1532,-672.189411658052
3,1533,-667.127607293918
3,1534,-668.249577538616
3,1535,-668.8402530713042
3,1536,-665.0691904995987
3,1537,-666.5644504044471
3,1538,-673.3294371914038
3,1539,-673.5790147384434
3,1540,-666.5196906422372
3,1541,-659.413601047357
3,1542,-665.6487170214594
3,1543,-666.5759316346534
3,1544,-670.9308349867885
3,1545,-669.561790627634
3,1546,-669.167037795078
3,1547,-671.2604166762349
3,1548,-667.8774172236115
3,1549,-669.6351644257351
3,1550,-674.5052352008337
3,1551,-673.8054557212705
3,1552,-681.9448885682402
3,1553,-674.9387836140331
3,1554,-671.458810437921
3,1555,-664.5162854963442
3,1556,-667.800604488983
3,1557,-673.123259854262
3,1558,-673.8461095578879
3,1559,-669.988220764018
3,1560,-675.2803943931859
3,1561,-672.6949274930217
3,1562,-676.9436702207183
3,1563,-675.2199456194912
3,1564,-678.530165201126
3,1565,-673.6316779602856
3,1566,-665.4403676845302
3,1567,-662.6063409577046
3,1568,-665.2171495407055
3,1569,-665.0165614679445
3,1570,-667.1478387975044
3,1571,-666.5552177957582
3,1572,-674.7985872672045
3,1573,-666.3161761803541
3,1574,-670.2144714760886
3,1575,-673.0051097030523
3,1576,-668.1329528165229
3,1577,-670.6493069750769
3,1578,-674.320463467632
3,1579,-673.2207966545202
3,1580,-666.5934294154803
3,1581,-673.1521689395164
3,1582,-666.5670863657939
3,1583,-668.4139939180865
3,1584,-669.7579438170528
3,1585,-669.8226159989891
3,1586,-666.1582051808367
3,1587,-661.774290398506
3,1588,-660.2487682657527
3,1589,-665.587800310228
3,1590,-669.279560940565
3,1591,-662.2377853876283
3,1592,-661.161714747955
3,1593,-661.690534482281
3,1594,-665.8312815260106
3,1595,-663.1833835938121
3,1596,-665.944490329029
3,1597,-669.5183561717217
3,1598,-668.7786086153698
3,1599,-667.37065203468
3,1600,-672.1536085181789
3,1601,-674.1526133267821
3,1602,-673.0515984623723
3,1603,-674.3273479376171
3,1604,-671.3040728442897
3,1605,-669.1956336572719
3,1606,-669.4073256120461
3,1607,-666.4239550612626
3,1608,-664.6031658469119
3,1609,-671.9357256899254
3,1610,-669.9614687943849
3,1611,-660.1603785750392
3,1612,-663.3085046617106
3,1613,-668.908099210767
3,1614,-666.9623631767141
3,1615,-664.4589738463641
3,1616,-665.2632627364926
3,1617,-667.5545594093709
3,1618,-673.213109505338
3,1619,-666.2736390222211
3,1620,-672.9106950682632
3,1621,-670.6447529204763
3,1622,-672.9674447015856
3,1623,-672.1463309886782
3,1624,-663.4555778440645
3,1625,-666.0158939632267
3,1626,-670.6515124302214
3,1627,-666.5800950441211
3,1628,-672.8510472350998
3,1629,-668.603447172347
3,1630,-662.401611402264
3,1631,-668.3984850374842
3,1632,-677.9307672858038
3,1633,-669.3635004434266
3,1634,-673.0971292483449
3,1635,-679.4971952995534
3,1636,-676.8538529750267
3,1637,-671.5590011078426
3,1638,-668.1062264109277
3,1639,-672.4969290906805
3,1640,-677.030747456135
3,1641,-681.6743599081458
3,1642,-673.7922592575997
3,1643,-673.9554392180057
3,1644,-671.040474983286
3,1645,-668.6976312308742
3,1646,-667.4900143449247
3,1647,-667.48462551764
3,1648,-664.318557167854
3,1649,-670.8778656246468
3,1650,-669.6235608650233
3,1651,-665.4722897398008
3,1652,-674.0117774737643
3,1653,-671.014501674051
3,1654,-665.7104883874554
3,1655,-668.2345382785468
3,1656,-676.6310234525395
3,1657,-675.4242721959365
3,1658,-679.124301957796
3,1659,-678.4367292740591
3,1660,-675.7079462859534
3,1661,-673.911997794784
3,1662,-667.9772707120765
3,1663,-665.9649781966239
3,1664,-663.8632895410551
3,1665,-662.6167337279421
3,1666,-668.5272609721096
3,1667,-664.4753027715788
3,1668,-667.2597625683746
3,1669,-668.8534864210525
3,1670,-673.3471494478835
3,1671,-667.4617559512974
3,1672,-673.5921426280294
3,1673,-677.5823160937575
3,1674,-676.7815592351615
3,1675,-669.1430932580337
3,1676,-673.9637627263404
3,1677,-671.117894454741
3,1678,-673.0872519123031
3,1679,-668.057276012386
3,1680,-669.2873102445662
3,1681,-670.1162169452566
3,1682,-666.4360255224472
3,1683,-669.5530171835454
3,1684,-670.5366230556948
3,1685,-674.6111175518228
3,1686,-673.8442330026746
3,1687,-674.7921379869806
3,1688,-669.7992965447307
3,1689,-669.5388028784303
3,1690,-668.3988521278093
3,1691,-673.1332967520979
3,1692,-672.970007074712
3,1693,-666.2876642699526
3,1694,-668.8086841390062
3,1695,-676.3968217866806
3,1696,-676.3279912026334
3,1697,-677.8876532212394
3,1698,-665.3098099082421
3,1699,-676.3639111488327
3,1700,-670.4015894533927
3,1701,-666.5352728921359
3,1702,-670.1912123974431
3,1703,-670.5665250438884
3,1704,-672.8482552353693
3,1705,-669.9515313955369
3,1706,-670.1638226104221
3,1707,-672.1381884958704
3,1708,-673.9493694733886
3,1709,-675.2713581000011
3,1710,-674.0665293972077
3,1711,-672.7086985918279
3,1712,-674.6010448190239
3,1713,-669.974259237936
3,1714,-671.453319456708
3,1715,-668.6067345642765
3,1716,-669.0189586121616
3,1717,-673.1579894093588
3,1718,-671.1142475186562
3,1719,-672.2565878534847
3,1720,-662.2658306243969
3,1721,-663.4273575748032
3,1722,-666.8624401197109
3,1723,-666.003917596415
3,1724,-665.5155407154994
3,1725,-666.3828100636873
3,1726,-669.5633293262694
3,1727,-674.0873633205891
3,1728,-670.9157619832837
3,1729,-673.5513059391271
3,1730,-669.3873954247324
3,1731,-665.667978201502
3,1732,-664.7824133095428
3,1733,-666.5666729746614
3,1734,-668.467643872137
3,1735,-665.225702838065
3,1736,-665.2290410030195
3,1737,-665.4247560101741
3,1738,-663.8907569818999
3,1739,-663.636322309763
3,1740,-665.2069560807486
3,1741,-667.862637090202
3,1742,-665.7097855271703
3,1743,-667.7016098522873
3,1744,-665.1879841042912
3,1745,-668.355511196308
3,1746,-668.2381040104584
3,1747,-664.5887512534557
3,1748,-668.9772436410437
3,1749,-666.5869612212731
3,1750,-661.8016154114017
3,1751,-665.5677275851705
3,1752,-666.2782009727367
3,1753,-667.5994820145069
3,1754,-665.6024140148616
3,1755,-668.6209478646356
3,1756,-666.598129043453
3,1757,-671.6328543647536
3,1758,-672.6913046215892
3,1759,-669.0530999540232
3,1760,-670.8016759750471
3,1761,-667.77248020145
3,1762,-664.4874168288277
3,1763,-664.2253942187668
3,1764,-663.2134144432645
3,1765,-664.7959084533937
3,1766,-665.7864691182293
3,1767,-669.6825832086093
3,1768,-674.9072652954792
3,1769,-671.6473433707741
3,1770,-666.8709216389343
3,1771,-668.2592856420374
3,1772,-669.5237869739477
3,1773,-670.8922668162555
3,1774,-666.4052072722687
3,1775,-665.0898362926272
3,1776,-664.7820804773871
3,1777,-665.9320986544017
3,1778,-665.7435053691557
3,1779,-671.9437010180143
3,1780,-668.7275807353204
3,1781,-672.1554014079845
3,1782,-672.9460992168621
3,1783,-668.9619069332736
3,1784,-668.9851862274847
3,1785,-663.6300933617421
3,1786,-669.0553382466841
3,1787,-672.5423179888979
3,1788,-664.8473491282966
3,1789,-675.8609550271486
3,1790,-679.5716819313877
3,1791,-673.5006979271601
3,1792,-671.2187220036595
3,1793,-664.3008487471712
3,1794,-667.1048628290386
3,1795,-665.0930141155544
3,1796,-665.1406342090257
3,1797,-665.7381215050677
3,1798,-662.5449332752435
3,1799,-665.6463123669557
3,1800,-671.6369561119539
3,1801,-667.9441753835465
3,1802,-674.0436499092924
3,1803,-675.3867830682498
3,1804,-670.0327366325034
3,1805,-670.3724351451801
3,1806,-663.655276196134
3,1807,-667.195248342927
3,1808,-670.045927203671
3,1809,-671.0551317545976
3,1810,-671.8592817489168
3,1811,-670.1728543558944
3,1812,-677.1274006519485
3,1813,-675.6141256007605
3,1814,-666.9661190358598
3,1815,-668.479717388778
3,1816,-666.8416949915039
3,1817,-668.1239286978221
3,1818,-670.8406624528176
3,1819,-665.680854682767
3,1820,-669.5545285626023
3,1821,-662.8104640850455
3,1822,-664.6775397083111
3,1823,-667.6550784412469
3,1824,-668.0039311755419
3,1825,-664.640384377783
3,1826,-666.631898700972
3,1827,-668.662700581171
3,1828,-668.2613315711409
3,1829,-669.9821994859516
3,1830,-665.8325195594354
3,1831,-667.5481563746823
3,1832,-668.6487122428255
3,1833,-670.0196541421677
3,1834,-666.471350699552
3,1835,-669.114131398778
3,1836,-663.5125527365021
3,1837,-662.9808794042772
3,1838,-660.6265205553299
3,1839,-663.4022762612466
3,1840,-667.0350037300052
3,1841,-670.8345369846073
3,1842,-673.4530376268103
3,1843,-674.5161546809131
3,1844,-670.8623936583009
3,1845,-669.3131721383357
3,1846,-668.6018982206066
3,1847,-664.2659839487629
3,1848,-663.5351245350236
3,1849,-666.2429878907436
3,1850,-664.4857873292517
3,1851,-668.1095192179056
3,1852,-668.2930331801207
3,1853,-668.6142749212765
3,1854,-666.6897520147209
3,1855,-668.9476711162749
3,1856,-664.4940911428849
3,1857,-663.6438895181235
3,1858,-668.8222605251593
3,1859,-663.1489395557086
3,1860,-669.4376898838871
3,1861,-665.5388172579271
3,1862,-669.7781406047333
3,1863,-673.0052084951325
3,1864,-669.4765253680481
3,1865,-667.6151556470471
3,1866,-671.5930998116285
3,1867,-672.3584047044138
3,1868,-667.1775803138606
3,1869,-671.2174122308854
3,1870,-672.2695386475174
3,1871,-670.3965653016392
3,1872,-670.3988610162116
3,1873,-668.1661197932718
3,1874,-671.6951412547846
3,1875,-668.1216374971203
3,1876,-672.4767802624403
3,1877,-669.8771941336762
3,1878,-668.8120889119658
3,1879,-672.3127972368937
3,1880,-673.1015594593364
3,1881,-669.71123929453
3,1882,-678.8138813836305
3,1883,-677.7949621687019
3,1884,-680.1685970405222
3,1885,-669.6792281884576
3,1886,-669.8265461928406
3,1887,-670.8776229597026
3,1888,-670.5555428515155
3,1889,-666.0499853654601
3,1890,-670.7086173309305
3,1891,-676.2933452689496
3,1892,-671.1337607266275
3,1893,-667.719823497571
3,1894,-670.5499814416987
3,1895,-667.907939931102
3,1896,-668.3087516354988
3,1897,-668.8217380823721
3,1898,-666.1524126833666
3,1899,-667.4269106560206
3,1900,-673.3071002137654
3,1901,-666.0843749705299
3,1902,-667.7028050957833
3,1903,-670.2976145316863
3,1904,-663.1857660516262
3,1905,-673.9224912236135
3,1906,-670.5796736677235
3,1907,-670.9991803301683
3,1908,-672.2894925845975
3,1909,-670.1565621361119
3,1910,-676.4312758854932
3,1911,-672.7286511609109
3,1912,-669.6122441580538
3,1913,-666.8088983007339
3,1914,-665.5888601355523
3,1915,-664.521153126314
3,1916,-667.6681865495766
3,1917,-671.8729020431156
3,1918,-677.7672631159271
3,1919,-677.9502780697404
3,1920,-665.4653586703503
3,1921,-670.5685562988209
3,1922,-676.8983879934708
3,1923,-670.4767460987891
3,1924,-671.9015007739338
3,1925,-674.2604057567465
3,1926,-675.9992147498044
3,1927,-675.8719236046277
3,1928,-673.9961469187172
3,1929,-672.7787371328117
3,1930,-670.0391165426938
3,1931,-669.1638966671542
3,1932,-671.3506957198477
3,1933,-670.5958268775585
3,1934,-669.7587805231492
3,1935,-673.1572317062881
3,1936,-671.4686025995302
3,1937,-671.1578917151701
3,1938,-668.7073813550571
3,1939,-674.312786276391
3,1940,-663.7006669244423
3,1941,-669.4491365533429
3,1942,-665.402105033745
3,1943,-667.5386928698612
3,1944,-670.5933333099498
3,1945,-669.8751553542505
3,1946,-666.4321328981524
3,1947,-665.9604025548623
3,1948,-667.5358053288187
3,1949,-666.3953022822861
3,1950,-671.2104756713775
3,1951,-675.8957164820326
3,1952,-670.7357683468985
3,1953,-665.5286955788523
3,1954,-664.6440764638818
3,1955,-666.8790823956374
3,1956,-664.5974688121901
3,1957,-670.2668135745104
3,1958,-672.4152940762996
3,1959,-669.1528746183163
3,1960,-670.289463955683
3,1961,-664.9315967128692
3,1962,-663.4179664915332
3,1963,-669.3039535703573
3,1964,-670.6397068712207
3,1965,-666.927656580608
3,1966,-669.6268091210786
3,1967,-669.8696840628152
3,1968,-671.0619048707097
3,1969,-671.977924492453
3,1970,-668.6228297402529
3,1971,-669.0421217324714
3,1972,-670.9240584876641
3,1973,-669.314736088799
3,1974,-669.5892374341851
3,1975,-668.0348989774421
3,1976,-666.0951120781897
3,1977,-667.2116785416416
3,1978,-678.4298587373711
3,1979,-678.9294152498638
3,1980,-682.6848385751435
3,1981,-681.9308633921002
3,1982,-677.3947477646863
3,1983,-674.7280789398442
3,1984,-668.2784964167513
3,1985,-664.6090229191235
3,1986,-666.2217355705095
3,1987,-665.8023027254808
3,1988,-665.4463531407087
3,1989,-663.6842822295716
3,1990,-661.1833812258568
3,1991,-662.7768809109687
3,1992,-668.3439645555801
3,1993,-672.3110764438952
3,1994,-664.9102945380793
3,1995,-673.2884117414953
3,1996,-675.845949214161
3,1997,-674.8443708363038
3,1998,-667.18474657993
3,1999,-668.8542391764447
